1546.2243552686261
0.00017180268705177103
1.0737669059242757e-05
1546.2243552686261
4.772297378075089e-06
4.29506753421653e-05
0.00017180268705177103
0.00017180268705177103
1546.2243552686261
1546.2243552686261
0.00017180268705177103
1.7180270595006656e-06
4.772297378075089e-06
1.0737669059242757e-05
1.9089189335548606e-05
19.089208424737944
1.9089189335548606e-05
4.29506753421653e-05
4.29506753421653e-05
4.29506753421653e-05
4.29506753421653e-05
42.95071829284065
0.00017180268705177103
0.00017180268705177103
0.00017180268705177103
1546.2243552686261
0.00017180268705177103
0.00017180268705177103
0.00017180268705177103
0.00017180268705177103
0.00017180268705177103
1546.2243552686261
0.00017180268705177103
0.00017180268705177103
0.00017180268705177103
1.7180270595006656e-06
1.7180270595006656e-06
2.6844199632093084
4.772297378075089e-06
4.772302150372468
6.872108215095636e-06
19.089208424737944
1.9089189335548606e-05
1.9089189335548606e-05
1.9089189335548606e-05
1.9089189335548606e-05
1.9089189335548606e-05
4.29506753421653e-05
42.95071829284065
4.29506753421653e-05
4.29506753421653e-05
4.29506753421653e-05
0.00017180268705177103
0.00017180268705177103
0.00017180268705177103
0.00017180268705177103
0.00017180268705177103
0.00017180268705177103
1546.2243552686261
0.00017180268705177103
0.00017180268705177103
0.00017180268705177103
0.00017180268705177103
0.00017180268705177103
0.00017180268705177103
0.00017180268705177103
0.00017180268705177103
0.00017180268705177103
0.00017180268705177103
0.00017180268705177103
0.00017180268705177103
0.00017180268705177103
0.00017180268705177103
0.00017180268705177103
57.9230769563344
4.4693733869199495
0.17877510710072916
7.635675824716338e-07
1.4198584940983683
12.778715088028719
1.419857074241294e-06
1.7180270595006656e-06
1.7180270595006656e-06
2.1210231815801897
2.6844172787920295e-06
4.772297378075089e-06
4.772297378075089e-06
4.772297378075089e-06
4.772297378075089e-06
4.772297378075089e-06
4.772297378075089e-06
4.772297378075089e-06
6.872108215095636e-06
6.872115087203851
1546.2243552686261
1.0737669059242757e-05
1.0737669059242757e-05
1.0737669059242757e-05
1.0737669059242757e-05
1.9089189335548606e-05
1.9089189335548606e-05
1.9089189335548606e-05
1546.2243552686261
1.9089189335548606e-05
1.9089189335548606e-05
1.9089189335548606e-05
171.8028588544581
1.9089189335548606e-05
0.00017180268705177103
1.9089189335548606e-05
1.9089189335548606e-05
1.9089189335548606e-05
1.9089189335548606e-05
4.29506753421653e-05
1.9089189335548606e-05
4.29506753421653e-05
4.29506753421653e-05
4.29506753421653e-05
4.29506753421653e-05
4.29506753421653e-05
4.29506753421653e-05
4.29506753421653e-05
4.29506753421653e-05
4.29506753421653e-05
4.29506753421653e-05
4.29506753421653e-05
4.29506753421653e-05
1546.2243552686264
0.00017180268705177103
4.29506753421653e-05
4.29506753421653e-05
4.29506753421653e-05
4.29506753421653e-05
4.29506753421653e-05
42.95071829284065
0.00017180268705177103
1546.2243552686261
0.00017180268705177103
0.00017180268705177103
0.00017180268705177103
0.00017180268705177103
0.00017180268705177103
0.00017180268705177103
1546.2243552686261
0.00017180268705177103
0.00017180268705177103
0.00017180268705177103
0.00017180268705177103
0.00017180268705177103
1546.2243552686261
1546.2243552686261
0.00017180268705177103
0.00017180268705177103
0.00017180268705177103
0.00017180268705177103
0.00017180268705177103
0.00017180268705177103
0.00017180268705177103
0.00017180268705177103
0.00017180268705177103
0.00017180268705177103
1546.2243552686261
0.00017180268705177103
1546.2243552686261
171.8028588544581
0.00017180268705177103
0.00017180268705177103
0.00017180268705177103
0.00017180268705177103
0.00017180268705177103
0.00017180268705177103
0.00017180268705177103
171.8028588544581
0.00017180268705177103
0.00017180268705177103
0.00017180268705177103
0.00017180268705177103
0.00017180268705177103
0.00017180268705177103
0.00017180268705177103
0.00017180268705177103
0.00017180268705177103
0.00017180268705177103
171.8028588544581
687.2109200097713
0.00017180268705177103
0.00017180268705177103
0.00017180268705177103
0.00017180268705177103
0.00017180268705177103
0.00017180268705177103
0.00017180268705177103
0.00017180268705177103
0.00017180268705177103
0.00017180268705177103
0.00017180268705177103
0.00017180268705177103
0.00017180268705177103
0.00017180268705177103
0.00017180268705177103
0.00017180268705177103
0.00017180268705177103
171.8028588544581
0.00017180268705177103
0.00017180268705177103
0.00017180268705177103
0.00017180268705177103
0.00017180268705177103
0.00017180268705177103
0.00017180268705177103
0.00017180268705177103
0.19089190764144667
0.8765444541284233
4.7722973926571086e-08
63.654688931588574
0.5019802748800325
1.718027252089378
5.891725411072746
9.739382821416132
0.274884604660995
3.8957529727363337e-07
56.09884366627982
0.5302557959405781
24.159756211690603
5.350257877082558
5.944730314010585e-07
8.765444185896155e-07
7.888900643850958
1.0165840593373057e-06
1.0165840593373057e-06
1.0165840593373057e-06
1.1930743472805183e-06
19.089190749562643
1.419857074241294e-06
6.872109956029723
1.7180270595006656e-06
2.1210210605591293e-06
1.7180270595006656e-06
1.7180270595006656e-06
2.1210210605591293e-06
2.1210210605591293e-06
2.1210231815801897
4.772297378075089e-06
2.6844172787920295e-06
2.6844172787920295e-06
2.6844172787920295e-06
3.506177668395575e-06
2.6844199632093084
2.6844172787920295e-06
2.6844172787920295e-06
3.506177668395575e-06
3.506181174573243
4.29506753421653e-05
6.872108215095636e-06
3.506177668395575e-06
3.506177668395575e-06
3.506177668395575e-06
350.61777034573515
1.9089189335548606e-05
4.772297378075089e-06
4.772302150372468
1546.2243552686261
6.872108215095636e-06
6.872108215095636e-06
6.872108215095636e-06
6.872108215095636e-06
6.872108215095636e-06
6.872108215095636e-06
6.872108215095636e-06
6.872108215095636e-06
6.872108215095636e-06
6.872115087203851
6.872108215095636e-06
6.872108215095636e-06
6.872108215095636e-06
6.872108215095636e-06
1.0737669059242757e-05
1.0737669059242757e-05
1.0737669059242757e-05
1.0737669059242757e-05
1.0737669059242757e-05
1.0737669059242757e-05
1.0737669059242757e-05
1.0737669059242757e-05
1.0737669059242757e-05
1.0737669059242757e-05
1.0737669059242757e-05
10.737679796911818
1.0737669059242757e-05
1.0737669059242757e-05
1.0737669059242757e-05
19.089208424737944
4.29506753421653e-05
19.089208424737944
1.9089189335548606e-05
1.9089189335548606e-05
1.9089189335548606e-05
1.9089189335548606e-05
1.9089189335548606e-05
4.29506753421653e-05
19.089208424737944
1.9089189335548606e-05
1.9089189335548606e-05
1.9089189335548606e-05
1.9089189335548606e-05
19.089208424737944
1.9089189335548606e-05
1.9089189335548606e-05
1.9089189335548606e-05
1.9089189335548606e-05
1.9089189335548606e-05
1.9089189335548606e-05
1.9089189335548606e-05
0.00017180268705177103
4.29506753421653e-05
4.29506753421653e-05
1546.2243552686261
42.95071829284065
4.29506753421653e-05
4.29506753421653e-05
1546.2243552686261
4.29506753421653e-05
4.29506753421653e-05
4.29506753421653e-05
4.29506753421653e-05
1546.2243552686261
4.29506753421653e-05
1546.2243552686261
4.29506753421653e-05
4.29506753421653e-05
4.29506753421653e-05
4.29506753421653e-05
1546.2243552686261
4.29506753421653e-05
4.29506753421653e-05
4.29506753421653e-05
4.29506753421653e-05
42.95071829284065
4.29506753421653e-05
4.29506753421653e-05
4.29506753421653e-05
4.29506753421653e-05
4.29506753421653e-05
4.29506753421653e-05
4.29506753421653e-05
4.29506753421653e-05
4.29506753421653e-05
4.29506753421653e-05
0.00017180268705177103
0.00017180268705177103
1546.2243552686261
0.00017180268705177103
0.00017180268705177103
0.00017180268705177103
0.00017180268705177103
0.00017180268705177103
0.00017180268705177103
0.00017180268705177103
0.00017180268705177103
0.00017180268705177103
0.00017180268705177103
0.00017180268705177103
0.00017180268705177103
0.00017180268705177103
0.00017180268705177103
0.00017180268705177103
1546.2243552686261
0.00017180268705177103
0.00017180268705177103
0.00017180268705177103
171.8028588544581
0.00017180268705177103
0.00017180268705177103
0.00017180268705177103
0.00017180268705177103
0.00017180268705177103
0.00017180268705177103
0.00017180268705177103
0.00017180268705177103
0.00017180268705177103
0.00017180268705177103
0.00017180268705177103
0.00017180268705177103
0.00017180268705177103
0.00017180268705177103
0.00017180268705177103
0.00017180268705177103
0.00017180268705177103
0.00017180268705177103
0.00017180268705177103
0.00017180268705177103
0.00017180268705177103
1546.2243552686261
0.00017180268705177103
1546.2243552686261
0.00017180268705177103
0.00017180268705177103
0.00017180268705177103
0.00017180268705177103
0.00017180268705177103
0.00017180268705177103
0.00017180268705177103
0.00017180268705177103
0.00017180268705177103
0.00017180268705177103
0.00017180268705177103
0.00017180268705177103
1546.2243552686261
0.00017180268705177103
0.00017180268705177103
1546.2243552686261
0.00017180268705177103
0.00017180268705177103
0.00017180268705177103
0.00017180268705177103
0.00017180268705177103
0.00017180268705177103
0.00017180268705177103
0.00017180268705177103
0.00017180268705177103
0.00017180268705177103
0.00017180268705177103
0.00017180268705177103
0.00017180268705177103
0.00017180268705177103
0.00017180268705177103
0.00017180268705177103
0.00017180268705177103
0.00017180268705177103
0.00017180268705177103
0.00017180268705177103
0.00017180268705177103
0.00017180268705177103
0.00017180268705177103
0.00017180268705177103
0.00017180268705177103
0.00017180268705177103
0.00017180268705177103
0.00017180268705177103
0.00017180268705177103
0.00017180268705177103
0.00017180268705177103
0.00017180268705177103
0.00017180268705177103
0.00017180268705177103
0.00017180268705177103
0.00017180268705177103
0.00017180268705177103
0.00017180268705177103
0.00017180268705177103
0.00017180268705177103
0.00017180268705177103
0.00017180268705177103
0.00017180268705177103
0.00017180268705177103
0.00017180268705177103
0.00017180268705177103
0.00017180268705177103
0.00017180268705177103
0.00017180268705177103
0.00017180268705177103
0.00017180268705177103
0.00017180268705177103
171.8028588544581
1546.2243552686261
0.00017180268705177103
0.00017180268705177103
0.00017180268705177103
0.00017180268705177103
0.00017180268705177103
1546.2243552686261
0.00017180268705177103
0.00017180268705177103
1546.2243552686261
171.8028588544581
0.00017180268705177103
0.00017180268705177103
0.00017180268705177103
0.00017180268705177103
1546.2243552686261
2.195437231055703
0.6908901251528358
9.059116640453071
4.609154064222398
0.3615072658266561
0.3110959110483789
0.9946045336246646
1.8815602175515524
1.3488756245088602
1.718027096432404
4.7722973926571086e-08
0.0635365672842474
1.4198571322872418
0.33936345497720144
7.777397289828742e-08
0.08874115595754364
0.9663903293524722
0.4518152507010772
1.3375644696563271
1.402471070411228e-07
1.486182578931188e-07
2.1210212988143526
184.29346430595882
2.0428383605025e-07
1.718027252089378
0.8765446380984007
2.1913610474057397e-07
0.21913632387667872
0.8171355484848362
2.1913610474057397e-07
4.398149551310974
6.87210851930096
0.2982688852613257
0.3895756868489307
1.5583015786698309
0.3895756868489307
8.484084781220266
3.8957529727363337e-07
3.5061780650379974
1.9036315682964693
1.7180274904391204
4.772297921423077
5.302552656853124e-07
0.47590824900494716
1.9036315682964693
4.7590777309717405e-07
3.506178550902881
5.944730314010585e-07
6.711043205718411e-07
6.711043205718411e-07
7.635675824716338e-07
0.7635683460392163
7.635675824716338e-07
7.635675824716338e-07
10.737679796911818
1.1930743472805183e-06
8.765444185896155e-07
3.506178550902881
8.765444185896155e-07
0.8765452951340341
1.0165840593373057e-06
1.0165840593373057e-06
4.772298582196421
0.8765452951340341
8.765444185896155e-07
1.1930755403548656
0.8765452951340341
25.414602500016706
1.1930743472805183e-06
1.1930743472805183e-06
1.1930743472805183e-06
1.419857074241294e-06
1.7180287775277252
5.67942971682225
1.4198584940983683
1.7180270595006656e-06
1.7180270595006656e-06
2.6844172787920295e-06
6.872109956029723
1.7180270595006656e-06
1546.2243552686261
6.872108215095636e-06
2.6844172787920295e-06
2.1210210605591293e-06
2.1210210605591293e-06
3.506177668395575e-06
24.159758193545542
2.1210210605591293e-06
2.1210210605591293e-06
8.484086363257578
2.1210210605591293e-06
2.1210210605591293e-06
2.1210231815801897
2.6844199632093084
2.1210210605591293e-06
2.6844172787920295e-06
2.6844172787920295e-06
2.6844199632093084
2.6844172787920295e-06
2.6844172787920295e-06
2.6844172787920295e-06
3.506177668395575e-06
3.506177668395575e-06
3.506177668395575e-06
3.506177668395575e-06
3.506177668395575e-06
3.506177668395575e-06
3.506177668395575e-06
3.506177668395575e-06
3.506181174573243
6.872108215095636e-06
3.506177668395575e-06
87.65444521606705
4.772297378075089e-06
4.772297378075089e-06
4.772297378075089e-06
6.872115087203851
6.872108215095636e-06
1.0737669059242757e-05
4.772297378075089e-06
19.089208424737944
6.872115087203851
6.872115087203851
4.772297378075089e-06
4.772297378075089e-06
4.772297378075089e-06
6.872108215095636e-06
4.772297378075089e-06
4.772297378075089e-06
4.772297378075089e-06
6.872108215095636e-06
4.772297378075089e-06
6.872108215095636e-06
6.872108215095636e-06
6.872115087203851
6.872108215095636e-06
6.872115087203851
6.872108215095636e-06
6.872108215095636e-06
6.872108215095636e-06
1.0737669059242757e-05
42.95068697464009
6.872108215095636e-06
1.0737669059242757e-05
1.0737669059242757e-05
10.737679796911818
1.0737669059242757e-05
10.737679796911818
1.0737669059242757e-05
1.9089189335548606e-05
1.0737669059242757e-05
1.0737669059242757e-05
1.0737669059242757e-05
1.0737669059242757e-05
1.0737669059242757e-05
1.0737669059242757e-05
1.0737669059242757e-05
1.9089189335548606e-05
1.0737669059242757e-05
1.0737669059242757e-05
1.0737669059242757e-05
1.0737669059242757e-05
1.9089189335548606e-05
1.0737669059242757e-05
1.0737669059242757e-05
1.0737669059242757e-05
10.737679796911818
1.9089189335548606e-05
1.0737669059242757e-05
1.0737669059242757e-05
1.0737669059242757e-05
76.35677643138376
1.0737669059242757e-05
4.29506753421653e-05
1.0737669059242757e-05
1.9089189335548606e-05
4.29506753421653e-05
1.9089189335548606e-05
1.9089189335548606e-05
42.95071829284065
1.9089189335548606e-05
1.9089189335548606e-05
4.29506753421653e-05
1.9089189335548606e-05
1.9089189335548606e-05
1.9089189335548606e-05
1.9089189335548606e-05
1.9089189335548606e-05
1.9089189335548606e-05
1.9089189335548606e-05
76.35677643138376
1.9089189335548606e-05
1.9089189335548606e-05
1.9089189335548606e-05
1.9089189335548606e-05
1.9089189335548606e-05
1.9089189335548606e-05
1.9089189335548606e-05
42.95071829284065
1.9089189335548606e-05
1.9089189335548606e-05
1.9089189335548606e-05
4.29506753421653e-05
1.9089189335548606e-05
1.9089189335548606e-05
1.9089189335548606e-05
1.9089189335548606e-05
1.9089189335548606e-05
1.9089189335548606e-05
1.9089189335548606e-05
1.9089189335548606e-05
1.9089189335548606e-05
1.9089189335548606e-05
1.9089189335548606e-05
1546.2243552686261
1.9089189335548606e-05
1.9089189335548606e-05
1.9089189335548606e-05
1.9089189335548606e-05
1.9089189335548606e-05
1.9089189335548606e-05
1.9089189335548606e-05
4.29506753421653e-05
4.29506753421653e-05
42.95071829284065
0.00017180268705177103
4.29506753421653e-05
4.29506753421653e-05
4.29506753421653e-05
4.29506753421653e-05
4.29506753421653e-05
4.29506753421653e-05
4.29506753421653e-05
42.95071829284065
4.29506753421653e-05
1546.2243552686261
4.29506753421653e-05
4.29506753421653e-05
4.29506753421653e-05
4.29506753421653e-05
4.29506753421653e-05
4.29506753421653e-05
4.29506753421653e-05
4.29506753421653e-05
42.95071829284065
4.29506753421653e-05
4.29506753421653e-05
4.29506753421653e-05
4.29506753421653e-05
4.29506753421653e-05
4.29506753421653e-05
4.29506753421653e-05
4.29506753421653e-05
4.29506753421653e-05
4.29506753421653e-05
0.00017180268705177103
0.00017180268705177103
4.29506753421653e-05
4.29506753421653e-05
171.80274431933657
4.29506753421653e-05
4.29506753421653e-05
4.29506753421653e-05
4.29506753421653e-05
4.29506753421653e-05
4.29506753421653e-05
42.95071829284065
4.29506753421653e-05
4.29506753421653e-05
4.29506753421653e-05
4.29506753421653e-05
4.29506753421653e-05
1546.2243552686261
4.29506753421653e-05
4.29506753421653e-05
4.29506753421653e-05
42.95071829284065
42.95071829284065
4.29506753421653e-05
4.29506753421653e-05
4.29506753421653e-05
4.29506753421653e-05
4.29506753421653e-05
4.29506753421653e-05
4.29506753421653e-05
4.29506753421653e-05
4.29506753421653e-05
4.29506753421653e-05
4.29506753421653e-05
4.29506753421653e-05
4.29506753421653e-05
4.29506753421653e-05
4.29506753421653e-05
4.29506753421653e-05
4.29506753421653e-05
386.55612103016307
4.29506753421653e-05
4.29506753421653e-05
4.29506753421653e-05
4.29506753421653e-05
4.29506753421653e-05
4.29506753421653e-05
1546.2243552686264
4.29506753421653e-05
4.29506753421653e-05
4.29506753421653e-05
4.29506753421653e-05
4.29506753421653e-05
42.95071829284065
42.95071829284065
4.29506753421653e-05
0.00017180268705177103
0.00017180268705177103
0.00017180268705177103
0.00017180268705177103
0.00017180268705177103
0.00017180268705177103
0.00017180268705177103
0.00017180268705177103
1546.2243552686261
0.00017180268705177103
0.00017180268705177103
0.00017180268705177103
1546.2243552686261
0.00017180268705177103
0.00017180268705177103
0.00017180268705177103
0.00017180268705177103
0.00017180268705177103
0.00017180268705177103
0.00017180268705177103
0.00017180268705177103
0.00017180268705177103
0.00017180268705177103
0.00017180268705177103
0.00017180268705177103
0.00017180268705177103
0.00017180268705177103
0.00017180268705177103
0.00017180268705177103
0.00017180268705177103
0.00017180268705177103
0.00017180268705177103
0.00017180268705177103
0.00017180268705177103
0.00017180268705177103
0.00017180268705177103
0.00017180268705177103
0.00017180268705177103
0.00017180268705177103
0.00017180268705177103
0.00017180268705177103
0.00017180268705177103
0.00017180268705177103
0.00017180268705177103
0.00017180268705177103
0.00017180268705177103
0.00017180268705177103
0.00017180268705177103
0.00017180268705177103
0.00017180268705177103
0.00017180268705177103
0.00017180268705177103
0.00017180268705177103
0.00017180268705177103
0.00017180268705177103
171.8028588544581
0.00017180268705177103
0.00017180268705177103
0.00017180268705177103
0.00017180268705177103
0.00017180268705177103
0.00017180268705177103
0.00017180268705177103
0.00017180268705177103
0.00017180268705177103
0.00017180268705177103
0.00017180268705177103
0.00017180268705177103
0.00017180268705177103
1546.2243552686261
0.00017180268705177103
0.00017180268705177103
1546.2243552686261
0.00017180268705177103
0.00017180268705177103
0.00017180268705177103
1546225901.4929817
0.00017180268705177103
0.00017180268705177103
0.00017180268705177103
0.00017180268705177103
1546.2243552686261
171.8028588544581
0.00017180268705177103
0.00017180268705177103
0.00017180268705177103
0.00017180268705177103
1546.2243552686261
0.00017180268705177103
0.00017180268705177103
0.00017180268705177103
0.00017180268705177103
0.00017180268705177103
0.00017180268705177103
0.00017180268705177103
0.00017180268705177103
0.00017180268705177103
0.00017180268705177103
0.00017180268705177103
0.00017180268705177103
0.00017180268705177103
0.00017180268705177103
0.00017180268705177103
0.00017180268705177103
0.00017180268705177103
0.00017180268705177103
0.00017180268705177103
0.00017180268705177103
0.00017180268705177103
0.00017180268705177103
0.00017180268705177103
0.00017180268705177103
0.00017180268705177103
0.00017180268705177103
0.00017180268705177103
1546.2243552686261
0.00017180268705177103
0.00017180268705177103
0.00017180268705177103
0.00017180268705177103
0.00017180268705177103
0.00017180268705177103
0.00017180268705177103
1546.2243552686261
0.00017180268705177103
0.00017180268705177103
1546.2243552686261
0.00017180268705177103
0.00017180268705177103
0.00017180268705177103
0.00017180268705177103
0.00017180268705177103
0.00017180268705177103
0.00017180268705177103
0.00017180268705177103
0.00017180268705177103
0.00017180268705177103
0.00017180268705177103
0.00017180268705177103
0.00017180268705177103
0.00017180268705177103
0.00017180268705177103
0.00017180268705177103
0.00017180268705177103
0.00017180268705177103
0.00017180268705177103
0.00017180268705177103
0.00017180268705177103
0.00017180268705177103
0.00017180268705177103
0.00017180268705177103
0.00017180268705177103
0.00017180268705177103
0.00017180268705177103
0.00017180268705177103
0.00017180268705177103
0.00017180268705177103
0.00017180268705177103
1546.2243552686261
1546.2243552686261
0.00017180268705177103
0.00017180268705177103
0.00017180268705177103
0.00017180268705177103
0.00017180268705177103
0.00017180268705177103
0.00017180268705177103
0.00017180268705177103
0.00017180268705177103
0.00017180268705177103
0.00017180268705177103
0.00017180268705177103
0.00017180268705177103
0.00017180268705177103
0.00017180268705177103
0.00017180268705177103
0.00017180268705177103
0.00017180268705177103
0.00017180268705177103
0.00017180268705177103
0.00017180268705177103
0.00017180268705177103
0.00017180268705177103
0.00017180268705177103
0.00017180268705177103
0.00017180268705177103
0.00017180268705177103
0.00017180268705177103
0.00017180268705177103
0.00017180268705177103
0.00017180268705177103
0.00017180268705177103
0.00017180268705177103
0.00017180268705177103
0.00017180268705177103
0.00017180268705177103
0.00017180268705177103
0.00017180268705177103
0.00017180268705177103
0.00017180268705177103
0.00017180268705177103
0.00017180268705177103
0.00017180268705177103
0.00017180268705177103
0.00017180268705177103
0.00017180268705177103
0.00017180268705177103
0.00017180268705177103
0.00017180268705177103
0.00017180268705177103
0.00017180268705177103
0.00017180268705177103
0.00017180268705177103
0.00017180268705177103
0.00017180268705177103
0.00017180268705177103
1546.2243552686261
171.8028588544581
171.8028588544581
0.00017180268705177103
0.00017180268705177103
3.0456241365939984
3.307755684072738
0.03608542852965817
1.8318991342298314
7.802917866314407
0.8641552631056052
1.193074358053611
0.9426760429286102
0.5302552870700927
0.45181516601049315
0.027528100935844565
1.0995373498231182
0.6310476285555385
0.15308776929149706
4.066336239915747e-08
8.874106721647643e-08
0.07456722132611951
0.6711043953979015
2.0298052103502524
7.777397289828742e-08
1.7180271686669688
0.10737679870733366
7.229042316910469
0.47590789218397606
0.11295389739060763
1.1897694330175817e-07
0.11897706227870149
0.14024724728822985
1.6777608019757486e-07
10.737669300420874
0.15776205502859092
3.268541581087837
0.15776205502859092
10.096761582830291
0.7150998920781316
1.9089189568860915e-07
20.428383809308837
2.0428383605025e-07
2.0428383605025e-07
0.9426762637336052
2.6844175812032356
2.1913610474057397e-07
0.25414626910565996
2.922919710295961
2.7488432977666517e-07
1.7180274904391204
0.274884604660995
2.7488432977666517e-07
1.2990756072253276
2.9826858699273875e-07
2.9826858699273875e-07
0.3247691453829473
3.247688206141267e-07
3.247688206141267e-07
3.247688206141267e-07
3.549642688047892e-07
3.549642688047892e-07
65.83822562881934
2.3778927200772655
0.5944736258740899
0.429507194739854
4.2950676523308875e-07
209.87532841176153
6.872109956029723
2.1210215929965157
17.132680307406037
2.1210215929965157
0.5302557959405781
5.302552656853124e-07
0.5944736258740899
2.6844179533916854
5.302552656853124e-07
0.5302557959405781
5.944730314010585e-07
5.302552656853124e-07
0.5944736258740899
5.944730314010585e-07
14.861826379499496
0.7635683460392163
6.711043205718411e-07
6.711043205718411e-07
3.0542710934541177
6.872109005812287
4.772297378075089e-06
7.635675824716338e-07
71.00009878230328
0.8765452951340341
0.7635683460392163
7.635675824716338e-07
1.0165840593373057e-06
8.765444185896155e-07
8.765444185896155e-07
8.765444185896155e-07
8.765444185896155e-07
8.765444185896155e-07
1.0165850759213653
1.0165840593373057e-06
1.1930755403548656
1.1930743472805183e-06
1.7180287775277252
1.7180270595006656e-06
4.772298582196421
1.1930743472805183e-06
1.4198584940983683
76.3567603011497
4.772298582196421
1.1930743472805183e-06
1.419857074241294e-06
1.419857074241294e-06
1.419857074241294e-06
1.419857074241294e-06
12.778715088028719
1.419857074241294e-06
42.9506782055437
1.419857074241294e-06
2.1210231815801897
1.7180270595006656e-06
10.737671799585398
1.7180270595006656e-06
2.6844172787920295e-06
1.7180270595006656e-06
2.6844172787920295e-06
1.7180270595006656e-06
2.1210210605591293e-06
2.1210231815801897
2.1210231815801897
2.1210210605591293e-06
2.1210210605591293e-06
2.1210231815801897
2.1210210605591293e-06
2.1210210605591293e-06
2.1210210605591293e-06
2.1210210605591293e-06
2.1210210605591293e-06
2.1210210605591293e-06
2.1210231815801897
2.1210210605591293e-06
2.1210231815801897
2.6844172787920295e-06
2.6844172787920295e-06
1.0737669059242757e-05
2.6844172787920295e-06
2.6844172787920295e-06
2.6844172787920295e-06
2.6844172787920295e-06
2.6844172787920295e-06
2.6844172787920295e-06
6184898967.298861
2.6844172787920295e-06
2.6844199632093084
2.6844199632093084
2.6844172787920295e-06
2.6844172787920295e-06
4.772302150372468
2.6844172787920295e-06
2.6844172787920295e-06
2.6844172787920295e-06
2.6844172787920295e-06
1.0737669059242757e-05
3.506177668395575e-06
6.872108215095636e-06
4.772297378075089e-06
3.506181174573243
3.506177668395575e-06
3.506177668395575e-06
1.0737669059242757e-05
3.506181174573243
3.506177668395575e-06
6184898967.298861
3.506177668395575e-06
27.48843973249076
3.506177668395575e-06
3.506181174573243
3.506177668395575e-06
3.506181174573243
14.024714179759968
3.506177668395575e-06
3.506177668395575e-06
4.772297378075089e-06
19.08919428459774
4.772297378075089e-06
4.772297378075089e-06
4.772297378075089e-06
4.772297378075089e-06
4.772297378075089e-06
4.772297378075089e-06
4.772297378075089e-06
4.772297378075089e-06
0.00017180268705177103
4.772297378075089e-06
6.872115087203851
4.772302150372468
4.772297378075089e-06
19.08919428459774
4.772297378075089e-06
4.772297378075089e-06
4.772302150372468
4.772297378075089e-06
4.772297378075089e-06
1.0737669059242757e-05
4.772297378075089e-06
4.772297378075089e-06
4.772302150372468
4.772297378075089e-06
4.772297378075089e-06
4.772297378075089e-06
19.08919428459774
4.772302150372468
4.772297378075089e-06
4.772297378075089e-06
6.872115087203851
6.872108215095636e-06
6.872108215095636e-06
1.0737669059242757e-05
6.872108215095636e-06
1546.2243552686261
1.9089189335548606e-05
6.872108215095636e-06
6.872108215095636e-06
76.35677643138376
6.872108215095636e-06
6.872108215095636e-06
6.872108215095636e-06
6.872108215095636e-06
6.872108215095636e-06
6.872108215095636e-06
6.872108215095636e-06
6.872108215095636e-06
6.872108215095636e-06
6.872108215095636e-06
6.872108215095636e-06
1.0737669059242757e-05
6.872108215095636e-06
6.872115087203851
1.0737669059242757e-05
1.0737669059242757e-05
1.0737669059242757e-05
0.00017180268705177103
1.0737669059242757e-05
10.737679796911818
1546.2243552686261
10.737679796911818
1.0737669059242757e-05
1.0737669059242757e-05
2748.8432899038157
1.0737669059242757e-05
1.0737669059242757e-05
1.0737669059242757e-05
1.0737669059242757e-05
1.0737669059242757e-05
1.0737669059242757e-05
1.0737669059242757e-05
1.0737669059242757e-05
1.0737669059242757e-05
1.0737669059242757e-05
1.0737669059242757e-05
1.0737669059242757e-05
42.95068697464009
1.0737669059242757e-05
1.0737669059242757e-05
10.737679796911818
1.0737669059242757e-05
1.0737669059242757e-05
1.0737669059242757e-05
1.0737669059242757e-05
19.089208424737944
4295.067634434772
1.9089189335548606e-05
1.0737669059242757e-05
1.0737669059242757e-05
10.737679796911818
1.0737669059242757e-05
1.0737669059242757e-05
42.95068697464009
42.95068697464009
10.737679796911818
10.737679796911818
386.55609687040834
1.0737669059242757e-05
1.0737669059242757e-05
1.0737669059242757e-05
1.0737669059242757e-05
1.0737669059242757e-05
1546.2243552686261
1.0737669059242757e-05
42.95068697464009
4.29506753421653e-05
1.9089189335548606e-05
1.9089189335548606e-05
1.9089189335548606e-05
1.9089189335548606e-05
1.9089189335548606e-05
1.9089189335548606e-05
1.9089189335548606e-05
1.9089189335548606e-05
1.9089189335548606e-05
4.29506753421653e-05
1.9089189335548606e-05
1.9089189335548606e-05
1.9089189335548606e-05
1.9089189335548606e-05
1.9089189335548606e-05
1.9089189335548606e-05
1.9089189335548606e-05
1.9089189335548606e-05
1.9089189335548606e-05
1.9089189335548606e-05
1.9089189335548606e-05
1546.2243552686261
1.9089189335548606e-05
171.8027231091268
1.9089189335548606e-05
1.9089189335548606e-05
1.9089189335548606e-05
1.9089189335548606e-05
1.9089189335548606e-05
0.00017180268705177103
1.9089189335548606e-05
1.9089189335548606e-05
19.089208424737944
1.9089189335548606e-05
1.9089189335548606e-05
1.9089189335548606e-05
1.9089189335548606e-05
1.9089189335548606e-05
1.9089189335548606e-05
1546.2243552686261
1.9089189335548606e-05
1.9089189335548606e-05
19.089208424737944
1.9089189335548606e-05
1.9089189335548606e-05
1.9089189335548606e-05
1.9089189335548606e-05
1.9089189335548606e-05
1.9089189335548606e-05
1.9089189335548606e-05
19.089208424737944
1.9089189335548606e-05
76.35677643138376
1.9089189335548606e-05
1.9089189335548606e-05
1.9089189335548606e-05
1.9089189335548606e-05
76.35677643138376
19.089208424737944
1.9089189335548606e-05
1.9089189335548606e-05
1.9089189335548606e-05
1.9089189335548606e-05
1.9089189335548606e-05
171.80274431933657
4.29506753421653e-05
1546.2243552686261
1.9089189335548606e-05
1.9089189335548606e-05
1.9089189335548606e-05
1.9089189335548606e-05
1.9089189335548606e-05
4.29506753421653e-05
4.29506753421653e-05
4.29506753421653e-05
4.29506753421653e-05
0.00017180268705177103
4.29506753421653e-05
4.29506753421653e-05
4.29506753421653e-05
4.29506753421653e-05
4.29506753421653e-05
0.00017180268705177103
4.29506753421653e-05
4.29506753421653e-05
42.95071829284065
4.29506753421653e-05
4.29506753421653e-05
4.29506753421653e-05
4.29506753421653e-05
4.29506753421653e-05
4.29506753421653e-05
4.29506753421653e-05
4.29506753421653e-05
1546.2243552686261
4.29506753421653e-05
4.29506753421653e-05
4.29506753421653e-05
4.29506753421653e-05
4.29506753421653e-05
4.29506753421653e-05
4.29506753421653e-05
4.29506753421653e-05
171.80274431933657
4.29506753421653e-05
4.29506753421653e-05
4.29506753421653e-05
4.29506753421653e-05
4.29506753421653e-05
4.29506753421653e-05
4.29506753421653e-05
4.29506753421653e-05
386.55612103016307
4.29506753421653e-05
4.29506753421653e-05
4.29506753421653e-05
4.29506753421653e-05
4.29506753421653e-05
4.29506753421653e-05
0.00017180268705177103
4.29506753421653e-05
4.29506753421653e-05
4.29506753421653e-05
4.29506753421653e-05
4.29506753421653e-05
4.29506753421653e-05
4.29506753421653e-05
4.29506753421653e-05
4.29506753421653e-05
4.29506753421653e-05
4.29506753421653e-05
4.29506753421653e-05
4.29506753421653e-05
4.29506753421653e-05
4.29506753421653e-05
42.95071829284065
4.29506753421653e-05
4.29506753421653e-05
4.29506753421653e-05
4.29506753421653e-05
4.29506753421653e-05
4.29506753421653e-05
4.29506753421653e-05
4.29506753421653e-05
4.29506753421653e-05
4.29506753421653e-05
4.29506753421653e-05
4.29506753421653e-05
4.29506753421653e-05
4.29506753421653e-05
4.29506753421653e-05
4.29506753421653e-05
4.29506753421653e-05
4.29506753421653e-05
4.29506753421653e-05
4.29506753421653e-05
4.29506753421653e-05
4.29506753421653e-05
4.29506753421653e-05
4.29506753421653e-05
4.29506753421653e-05
4.29506753421653e-05
4.29506753421653e-05
4.29506753421653e-05
4.29506753421653e-05
4.29506753421653e-05
4.29506753421653e-05
687.2108484253204
4.29506753421653e-05
4.29506753421653e-05
4.29506753421653e-05
4.29506753421653e-05
4.29506753421653e-05
4.29506753421653e-05
42.95071829284065
4.29506753421653e-05
4.29506753421653e-05
4.29506753421653e-05
4.29506753421653e-05
4.29506753421653e-05
4.29506753421653e-05
4.29506753421653e-05
4.29506753421653e-05
4.29506753421653e-05
4.29506753421653e-05
4.29506753421653e-05
4.29506753421653e-05
4.29506753421653e-05
4.29506753421653e-05
4.29506753421653e-05
42.95071829284065
4.29506753421653e-05
4.29506753421653e-05
4.29506753421653e-05
4.29506753421653e-05
0.00017180268705177103
4.29506753421653e-05
42.95071829284065
4.29506753421653e-05
4.29506753421653e-05
4.29506753421653e-05
4.29506753421653e-05
42.95071829284065
2104.5831347167755
4.29506753421653e-05
4.29506753421653e-05
4.29506753421653e-05
4.29506753421653e-05
1546.2243552686261
4.29506753421653e-05
0.00017180268705177103
0.00017180268705177103
171.8028588544581
0.00017180268705177103
0.00017180268705177103
0.00017180268705177103
0.00017180268705177103
0.00017180268705177103
0.00017180268705177103
0.00017180268705177103
0.00017180268705177103
171.8028588544581
0.00017180268705177103
1546.2243552686261
0.00017180268705177103
0.00017180268705177103
0.00017180268705177103
0.00017180268705177103
1546.2243552686261
0.00017180268705177103
0.00017180268705177103
0.00017180268705177103
0.00017180268705177103
0.00017180268705177103
0.00017180268705177103
0.00017180268705177103
0.00017180268705177103
0.00017180268705177103
0.00017180268705177103
0.00017180268705177103
0.00017180268705177103
0.00017180268705177103
0.00017180268705177103
1546.2243552686261
0.00017180268705177103
0.00017180268705177103
0.00017180268705177103
0.00017180268705177103
1546.2243552686261
171.8028588544581
0.00017180268705177103
0.00017180268705177103
0.00017180268705177103
0.00017180268705177103
0.00017180268705177103
0.00017180268705177103
0.00017180268705177103
171.8028588544581
0.00017180268705177103
0.00017180268705177103
171.8028588544581
0.00017180268705177103
0.00017180268705177103
0.00017180268705177103
171.8028588544581
0.00017180268705177103
0.00017180268705177103
0.00017180268705177103
0.00017180268705177103
0.00017180268705177103
0.00017180268705177103
1546.2243552686261
0.00017180268705177103
0.00017180268705177103
0.00017180268705177103
0.00017180268705177103
0.00017180268705177103
0.00017180268705177103
0.00017180268705177103
0.00017180268705177103
0.00017180268705177103
0.00017180268705177103
0.00017180268705177103
0.00017180268705177103
0.00017180268705177103
0.00017180268705177103
0.00017180268705177103
0.00017180268705177103
0.00017180268705177103
0.00017180268705177103
0.00017180268705177103
0.00017180268705177103
4295.0673480969635
0.00017180268705177103
0.00017180268705177103
0.00017180268705177103
0.00017180268705177103
0.00017180268705177103
0.00017180268705177103
0.00017180268705177103
0.00017180268705177103
0.00017180268705177103
0.00017180268705177103
0.00017180268705177103
0.00017180268705177103
0.00017180268705177103
0.00017180268705177103
0.00017180268705177103
0.00017180268705177103
0.00017180268705177103
0.00017180268705177103
0.00017180268705177103
0.00017180268705177103
0.00017180268705177103
0.00017180268705177103
0.00017180268705177103
171.8028588544581
0.00017180268705177103
0.00017180268705177103
0.00017180268705177103
0.00017180268705177103
0.00017180268705177103
0.00017180268705177103
1546.2243552686261
0.00017180268705177103
0.00017180268705177103
1546.2243552686261
0.00017180268705177103
0.00017180268705177103
0.00017180268705177103
0.00017180268705177103
0.00017180268705177103
0.00017180268705177103
0.00017180268705177103
0.00017180268705177103
0.00017180268705177103
1546.2243552686261
0.00017180268705177103
0.00017180268705177103
0.00017180268705177103
0.00017180268705177103
0.00017180268705177103
1546.2243552686261
0.00017180268705177103
0.00017180268705177103
0.00017180268705177103
0.00017180268705177103
0.00017180268705177103
0.00017180268705177103
1546.2243552686261
1546.2243552686261
0.00017180268705177103
0.00017180268705177103
0.00017180268705177103
0.00017180268705177103
0.00017180268705177103
0.00017180268705177103
0.00017180268705177103
0.00017180268705177103
1546.2243552686261
0.00017180268705177103
0.00017180268705177103
2748.843164631024
0.00017180268705177103
0.00017180268705177103
0.00017180268705177103
0.00017180268705177103
0.00017180268705177103
0.00017180268705177103
0.00017180268705177103
0.00017180268705177103
0.00017180268705177103
0.00017180268705177103
1546.2243552686261
0.00017180268705177103
0.00017180268705177103
0.00017180268705177103
0.00017180268705177103
0.00017180268705177103
0.00017180268705177103
0.00017180268705177103
0.00017180268705177103
0.00017180268705177103
0.00017180268705177103
0.00017180268705177103
0.00017180268705177103
0.00017180268705177103
0.00017180268705177103
171.8028588544581
0.00017180268705177103
171.8028588544581
0.00017180268705177103
0.00017180268705177103
0.00017180268705177103
0.00017180268705177103
0.00017180268705177103
0.00017180268705177103
0.00017180268705177103
0.00017180268705177103
0.00017180268705177103
0.00017180268705177103
171.8028588544581
2748.843164631024
0.00017180268705177103
0.00017180268705177103
0.00017180268705177103
0.00017180268705177103
0.00017180268705177103
0.00017180268705177103
0.00017180268705177103
0.00017180268705177103
0.00017180268705177103
0.00017180268705177103
0.00017180268705177103
0.00017180268705177103
0.00017180268705177103
0.00017180268705177103
0.00017180268705177103
0.00017180268705177103
0.00017180268705177103
0.00017180268705177103
0.00017180268705177103
0.00017180268705177103
1546.2243552686261
1546.2243552686261
0.00017180268705177103
0.00017180268705177103
0.00017180268705177103
0.00017180268705177103
0.00017180268705177103
0.00017180268705177103
0.00017180268705177103
171.8028588544581
0.00017180268705177103
0.00017180268705177103
0.00017180268705177103
0.00017180268705177103
0.00017180268705177103
0.00017180268705177103
0.00017180268705177103
0.00017180268705177103
0.00017180268705177103
0.00017180268705177103
0.00017180268705177103
0.00017180268705177103
0.00017180268705177103
0.00017180268705177103
0.00017180268705177103
0.00017180268705177103
0.00017180268705177103
0.00017180268705177103
0.00017180268705177103
0.00017180268705177103
0.00017180268705177103
1546.2243552686261
0.00017180268705177103
0.00017180268705177103
0.00017180268705177103
0.00017180268705177103
0.00017180268705177103
0.00017180268705177103
0.00017180268705177103
0.00017180268705177103
0.00017180268705177103
0.00017180268705177103
0.00017180268705177103
0.00017180268705177103
0.00017180268705177103
0.00017180268705177103
0.00017180268705177103
0.00017180268705177103
0.00017180268705177103
0.00017180268705177103
0.00017180268705177103
0.00017180268705177103
0.00017180268705177103
1546.2243552686261
0.00017180268705177103
0.00017180268705177103
0.00017180268705177103
1546.2243552686261
0.00017180268705177103
0.00017180268705177103
0.00017180268705177103
0.00017180268705177103
0.00017180268705177103
0.00017180268705177103
0.00017180268705177103
1546.2243552686261
0.00017180268705177103
0.00017180268705177103
0.00017180268705177103
0.00017180268705177103
0.00017180268705177103
0.00017180268705177103
0.00017180268705177103
0.00017180268705177103
0.00017180268705177103
0.00017180268705177103
0.00017180268705177103
0.00017180268705177103
0.00017180268705177103
0.00017180268705177103
0.00017180268705177103
0.00017180268705177103
0.00017180268705177103
0.00017180268705177103
0.00017180268705177103
0.00017180268705177103
0.00017180268705177103
0.00017180268705177103
0.00017180268705177103
0.00017180268705177103
0.00017180268705177103
0.00017180268705177103
0.00017180268705177103
0.00017180268705177103
1546.2243552686261
0.00017180268705177103
0.00017180268705177103
0.00017180268705177103
171.8028588544581
687.2109200097713
0.00017180268705177103
0.00017180268705177103
0.00017180268705177103
0.00017180268705177103
0.00017180268705177103
1546.2243552686261
687.2109200097713
0.00017180268705177103
0.00017180268705177103
1546.2243552686261
0.00017180268705177103
0.00017180268705177103
0.00017180268705177103
1546.2243552686261
0.00017180268705177103
0.00017180268705177103
0.00017180268705177103
0.00017180268705177103
0.00017180268705177103
0.00017180268705177103
0.00017180268705177103
0.00017180268705177103
1546.2243552686261
0.00017180268705177103
0.00017180268705177103
0.00017180268705177103
0.00017180268705177103
171.8028588544581
0.00017180268705177103
0.00017180268705177103
1.8364776493022268
0.419909152601843
1.2194398384552894
5.478402621986567
2.0655719357816302
2.860398858500317
0.020079210996765785
3.6246880410314253
5.944730316273285e-09
2.548519768589972
5.679428310551106
0.4116745450957959
0.7523799399403518
21.812974074625465
0.04469374325972776
0.6045915521863326
0.24464609024838552
0.6310476066531063
4.066336260714739
8.789792671161008
0.019863900791011392
0.3393633913605352
0.8059800760437446
0.6925783497054898
0.03314098725694103
0.11897697305286019
2.897667501058169e-08
1.4965924928966017
4.066336239915747e-08
2.309467205328175
0.13256384960490175
1.4198571149493686
0.1626534902599923
1.2549503734624878e-07
4.60033698139147
4.194402005280713e-08
2.8603988981545854
0.5302553247642027
5.6794283019718344e-08
1.9089189335548606e-05
0.9785843609645106
3.5061777477384823
0.08484092737493226
0.2642103023211009
0.6184898108010445
2.79986310211232
7.456714675897275e-08
2.922919467179793
19.910137139735554
0.32476890185749274
0.08119228635852706
0.32476890185749274
1.8072606639429556
8.484084253408972e-08
5.007931452797879
1.5583012867828216
0.09739392173063666
1.0707926086927668
1.7180271686669688
0.10737679870733366
1.0707926086927668
8.975814990878968
2.377892274908159
1.1897694330175817e-07
1.1930744806626299
0.17877510710072916
1.402471070411228e-07
1.3256381645542372e-07
4.772297524959071
29.82685883503416
1.2622241036172124
0.1486184065113767
4.772297583107125
0.15776205502859092
1.486182578931188e-07
13.07416571149984
0.1677762479736551
0.17877510710072916
1.9089189568860915e-07
2.0428383605025e-07
1.6089745337071357
0.7150998920781316
0.17877510710072916
1.9089189568860915e-07
2.3566900701614955e-07
1.9089189568860915e-07
5.107096105540087
7.3542183020928364
0.8171355484848362
2.7488432977666517e-07
10.009908170746089
13.07416571149984
3.7707043479274005
8.48408448825039
4.398149551310974
8.48408448825039
0.21913632387667872
2.1913610474057397e-07
0.23566924268515657
2.9826858699273875e-07
30.75166806426306
2.54146014959645e-07
2.7488432977666517e-07
0.25414626910565996
0.354964623769058
2.7488432977666517e-07
1.193074646239542
0.354964623769058
0.3247691453829473
1.0995375939909906
4.772297690152407
2.4739592428743165
1.193074646239542
3.247688206141267e-07
3.8957529727363337e-07
0.3247691453829473
0.3247691453829473
5.302552656853124e-07
3.247688206141267e-07
3.1946787742073717
3.549642688047892e-07
1.4198574301834257
5.350257877082558
15.46224397789796
4.7590777309717405e-07
4.772297921423077
4.7590777309717405e-07
2.1210215929965157
7.614524845462559
4.283170433782339
1.9036315682964693
11.897694803337124
4.7590777309717405e-07
0.8765452951340341
5.302552656853124e-07
2.1210215929965157
2.1210215929965157
2.3778927200772655
5.302552656853124e-07
0.5302557959405781
5.944730314010585e-07
2.1210215929965157
5.302552656853124e-07
6.711043205718411e-07
5.944730314010585e-07
5.302552656853124e-07
5.302552656853124e-07
2.3778927200772655
5.944730314010585e-07
2.3778927200772655
12.217082083113725
5.944730314010585e-07
5.944730314010585e-07
2.1210210605591293e-06
9.51156909688997
2.3778927200772655
5.944730314010585e-07
0.5944736258740899
5.944730314010585e-07
0.5944736258740899
5.944730314010585e-07
0.6711049916761618
6.711043205718411e-07
6.711043205718411e-07
6.711043205718411e-07
48.868326041752155
0.8765452951340341
0.6711049916761618
6.711043205718411e-07
193.94914931636643
7.635675824716338e-07
7.635675824716338e-07
3.0542710934541177
0.8765452951340341
7.635675824716338e-07
7.635675824716338e-07
3.0542710934541177
0.7635683460392163
8.765444185896155e-07
8.765444185896155e-07
14.02471157397827
10.737670318599012
8.765444185896155e-07
3.506178550902881
8.765444185896155e-07
8.765444185896155e-07
8.765444185896155e-07
8.765444185896155e-07
1.0165840593373057e-06
1.1930755403548656
1.1930755403548656
1.0165840593373057e-06
1.0165840593373057e-06
4.066337253933283
1.0165840593373057e-06
1.7180270595006656e-06
1.0165840593373057e-06
1.0165840593373057e-06
9.149257550619811
1.0165840593373057e-06
58.46064420981975
1.1930743472805183e-06
3.506177668395575e-06
19.089190749562643
10.737670318599012
4.772298582196421
1.4198584940983683
3.506181174573243
1.1930743472805183e-06
2.1210210605591293e-06
19.089190749562643
1.7180270595006656e-06
1.4198584940983683
1.419857074241294e-06
1.4198584940983683
1.7180270595006656e-06
1.419857074241294e-06
6.872109956029723
14.024714179759968
2.1210210605591293e-06
1.4198584940983683
1.419857074241294e-06
1.419857074241294e-06
1.7180270595006656e-06
1.419857074241294e-06
1.419857074241294e-06
1.4198584940983683
6.872109956029723
1.419857074241294e-06
1.419857074241294e-06
1.419857074241294e-06
15.46224525353305
2.1210210605591293e-06
1.9089189335548606e-05
1.7180270595006656e-06
1.7180270595006656e-06
1.7180287775277252
1.7180270595006656e-06
1.7180270595006656e-06
6.872109956029723
6.872109956029723
10.737671799585398
33.936339089967134
1.7180270595006656e-06
1.7180270595006656e-06
1.7180270595006656e-06
1.7180270595006656e-06
1.7180270595006656e-06
3.506177668395575e-06
1.7180270595006656e-06
6.872109956029723
1.7180287775277252
2.1210210605591293e-06
2.1210210605591293e-06
2.6844172787920295e-06
2.1210210605591293e-06
8.484086363257578
4.772297378075089e-06
2.1210210605591293e-06
1546.2243552686261
10.737671799585398
2.1210210605591293e-06
2.1210231815801897
2.6844199632093084
2.1210210605591293e-06
2.1210210605591293e-06
2.1210210605591293e-06
2.6844172787920295e-06
2.1210210605591293e-06
2.1210210605591293e-06
2.1210210605591293e-06
2.1210210605591293e-06
2.1210210605591293e-06
2.1210210605591293e-06
2.1210210605591293e-06
2.1210210605591293e-06
24.159758193545542
2.6844199632093084
2.6844172787920295e-06
2.6844172787920295e-06
2.6844172787920295e-06
3.506177668395575e-06
2.6844172787920295e-06
14.024714179759968
2.6844172787920295e-06
2.6844172787920295e-06
3.506177668395575e-06
2.6844172787920295e-06
2.6844172787920295e-06
3.506177668395575e-06
2.6844172787920295e-06
2.6844172787920295e-06
2.6844199632093084
2.6844172787920295e-06
2.6844172787920295e-06
2.6844172787920295e-06
2.6844199632093084
3.506177668395575e-06
3.506177668395575e-06
4.772297378075089e-06
3.506177668395575e-06
3.506177668395575e-06
31.555602521737843
14.024714179759968
6.872108215095636e-06
3.506177668395575e-06
3.506181174573243
3.506181174573243
3.506177668395575e-06
3.506177668395575e-06
4.772297378075089e-06
3.506177668395575e-06
6.872108215095636e-06
4.772297378075089e-06
3.506177668395575e-06
3.506177668395575e-06
1.9089189335548606e-05
3.506177668395575e-06
3.506181174573243
3.506177668395575e-06
3.506177668395575e-06
3.506177668395575e-06
4.772297378075089e-06
3.506177668395575e-06
3.506177668395575e-06
1.0737669059242757e-05
3.506177668395575e-06
3.506177668395575e-06
6.872108215095636e-06
3.506177668395575e-06
3.506177668395575e-06
3.506177668395575e-06
4.772297378075089e-06
4.772297378075089e-06
4.772297378075089e-06
61.848980807968935
4.772302150372468
19.08919428459774
4.772297378075089e-06
4.772297378075089e-06
109.95373831363841
0.00017180268705177103
4.772297378075089e-06
4.772297378075089e-06
4.772297378075089e-06
4.772297378075089e-06
4.772297378075089e-06
4.772297378075089e-06
4.772302150372468
42.95071829284065
4.772302150372468
4.772297378075089e-06
4.772297378075089e-06
1.0737669059242757e-05
4.772297378075089e-06
4.772297378075089e-06
4.772297378075089e-06
4.772297378075089e-06
4.772297378075089e-06
4.772302150372468
4.772297378075089e-06
19.08919428459774
4.772297378075089e-06
6.872108215095636e-06
4.772297378075089e-06
305.42703696910314
4.772302150372468
305.42703696910314
4.772302150372468
4.772302150372468
6.872108215095636e-06
4.772297378075089e-06
4.772297378075089e-06
4.772297378075089e-06
4.772302150372468
4.772297378075089e-06
4.772297378075089e-06
4.772297378075089e-06
4.772297378075089e-06
6.872108215095636e-06
6.872108215095636e-06
4.772297378075089e-06
6.872115087203851
4.772297378075089e-06
4.772297378075089e-06
1.0737669059242757e-05
6.872108215095636e-06
6.872108215095636e-06
6.872108215095636e-06
6.872108215095636e-06
6.872108215095636e-06
336.73330941179444
6.872108215095636e-06
27.48843973249076
6.872108215095636e-06
109.95373831363841
6.872108215095636e-06
6.872108215095636e-06
6.872108215095636e-06
6.872108215095636e-06
1.9089189335548606e-05
1.0737669059242757e-05
6.872108215095636e-06
6.872108215095636e-06
6.872115087203851
6.872108215095636e-06
1.0737669059242757e-05
6.872108215095636e-06
6.872115087203851
6.872108215095636e-06
6.872108215095636e-06
61.848980807968935
1.0737669059242757e-05
6.872108215095636e-06
6.872108215095636e-06
336.73330941179444
6.872108215095636e-06
6.872108215095636e-06
6.872108215095636e-06
1546.2243552686261
6.872115087203851
6.872108215095636e-06
6.872108215095636e-06
27.48843973249076
6.872108215095636e-06
6.872108215095636e-06
6.872108215095636e-06
6.872108215095636e-06
6.872108215095636e-06
171.80271224949914
6.872108215095636e-06
6.872115087203851
6.872108215095636e-06
6.872108215095636e-06
6.872108215095636e-06
6.872115087203851
6.872108215095636e-06
6.872108215095636e-06
6.872108215095636e-06
1.0737669059242757e-05
6.872108215095636e-06
6.872108215095636e-06
6.872108215095636e-06
6.872115087203851
1546.2243552686261
6.872108215095636e-06
6.872108215095636e-06
42.95068697464009
1.0737669059242757e-05
1.0737669059242757e-05
0.00017180268705177103
96.63903227085387
1.0737669059242757e-05
10.737679796911818
1.0737669059242757e-05
4.29506753421653e-05
1.0737669059242757e-05
1.0737669059242757e-05
1.0737669059242757e-05
1.0737669059242757e-05
96.63903227085387
1.0737669059242757e-05
1.0737669059242757e-05
1.0737669059242757e-05
1.9089189335548606e-05
1.0737669059242757e-05
1.0737669059242757e-05
1.0737669059242757e-05
4.29506753421653e-05
10.737679796911818
1.0737669059242757e-05
1.9089189335548606e-05
1.9089189335548606e-05
1546.2243552686261
10.737679796911818
1.0737669059242757e-05
42.95068697464009
1.0737669059242757e-05
1.0737669059242757e-05
1.0737669059242757e-05
1.0737669059242757e-05
1.0737669059242757e-05
1.0737669059242757e-05
10.737679796911818
1.0737669059242757e-05
1.0737669059242757e-05
1.0737669059242757e-05
1.0737669059242757e-05
1.0737669059242757e-05
1.0737669059242757e-05
1.0737669059242757e-05
1.0737669059242757e-05
1.0737669059242757e-05
171.8028588544581
1.0737669059242757e-05
1.0737669059242757e-05
1.0737669059242757e-05
1.0737669059242757e-05
1.0737669059242757e-05
1.0737669059242757e-05
1.0737669059242757e-05
10.737679796911818
1.0737669059242757e-05
1.0737669059242757e-05
1.0737669059242757e-05
1.9089189335548606e-05
1.0737669059242757e-05
1.0737669059242757e-05
1.0737669059242757e-05
1546.2243552686261
1.0737669059242757e-05
1.0737669059242757e-05
1.9089189335548606e-05
1.0737669059242757e-05
1.0737669059242757e-05
1.0737669059242757e-05
1.9089189335548606e-05
1.9089189335548606e-05
1.9089189335548606e-05
1.9089189335548606e-05
76.35677643138376
1.9089189335548606e-05
1.9089189335548606e-05
1.9089189335548606e-05
1.9089189335548606e-05
1.9089189335548606e-05
1.9089189335548606e-05
4.29506753421653e-05
4.29506753421653e-05
1.9089189335548606e-05
1.9089189335548606e-05
1.9089189335548606e-05
1.9089189335548606e-05
1.9089189335548606e-05
1.9089189335548606e-05
1.9089189335548606e-05
1.9089189335548606e-05
19.089208424737944
1.9089189335548606e-05
1.9089189335548606e-05
1.9089189335548606e-05
1.9089189335548606e-05
1.9089189335548606e-05
1.9089189335548606e-05
1.9089189335548606e-05
1.9089189335548606e-05
1.9089189335548606e-05
1.9089189335548606e-05
4.29506753421653e-05
1.9089189335548606e-05
1.9089189335548606e-05
1.9089189335548606e-05
1.9089189335548606e-05
1.9089189335548606e-05
1546.2243552686261
1.9089189335548606e-05
1.9089189335548606e-05
1.9089189335548606e-05
1.9089189335548606e-05
1.9089189335548606e-05
1.9089189335548606e-05
1.9089189335548606e-05
1.9089189335548606e-05
1546.2243552686261
19.089208424737944
1.9089189335548606e-05
1.9089189335548606e-05
1.9089189335548606e-05
1.9089189335548606e-05
1.9089189335548606e-05
1.9089189335548606e-05
4.29506753421653e-05
19.089208424737944
1.9089189335548606e-05
1.9089189335548606e-05
1.9089189335548606e-05
19.089208424737944
4.29506753421653e-05
1.9089189335548606e-05
19.089208424737944
1.9089189335548606e-05
1.9089189335548606e-05
1.9089189335548606e-05
1.9089189335548606e-05
1.9089189335548606e-05
19.089208424737944
4.29506753421653e-05
1.9089189335548606e-05
1.9089189335548606e-05
1.9089189335548606e-05
1.9089189335548606e-05
1.9089189335548606e-05
1.9089189335548606e-05
1.9089189335548606e-05
1.9089189335548606e-05
1.9089189335548606e-05
1.9089189335548606e-05
1.9089189335548606e-05
1.9089189335548606e-05
1.9089189335548606e-05
1.9089189335548606e-05
1.9089189335548606e-05
1.9089189335548606e-05
19.089208424737944
19.089208424737944
1.9089189335548606e-05
1.9089189335548606e-05
1.9089189335548606e-05
1.9089189335548606e-05
19.089208424737944
1.9089189335548606e-05
1.9089189335548606e-05
1.9089189335548606e-05
1.9089189335548606e-05
1.9089189335548606e-05
4.29506753421653e-05
1.9089189335548606e-05
0.00017180268705177103
1.9089189335548606e-05
1.9089189335548606e-05
1.9089189335548606e-05
19.089208424737944
19.089208424737944
1.9089189335548606e-05
1.9089189335548606e-05
4.29506753421653e-05
4.29506753421653e-05
4.29506753421653e-05
4.29506753421653e-05
4.29506753421653e-05
4.29506753421653e-05
4.29506753421653e-05
4.29506753421653e-05
1546.2243552686261
4.29506753421653e-05
4.29506753421653e-05
4.29506753421653e-05
4.29506753421653e-05
42.95071829284065
4.29506753421653e-05
4.29506753421653e-05
4.29506753421653e-05
4.29506753421653e-05
42.95071829284065
4.29506753421653e-05
4.29506753421653e-05
4.29506753421653e-05
4.29506753421653e-05
4.29506753421653e-05
4.29506753421653e-05
4.29506753421653e-05
4.29506753421653e-05
1546225901.4929817
42.95071829284065
4.29506753421653e-05
4.29506753421653e-05
4.29506753421653e-05
4.29506753421653e-05
4.29506753421653e-05
4.29506753421653e-05
4.29506753421653e-05
2104.5831347167755
4.29506753421653e-05
4.29506753421653e-05
4.29506753421653e-05
4.29506753421653e-05
0.00017180268705177103
4.29506753421653e-05
4.29506753421653e-05
4.29506753421653e-05
4.29506753421653e-05
4.29506753421653e-05
4.29506753421653e-05
4.29506753421653e-05
4.29506753421653e-05
4.29506753421653e-05
4.29506753421653e-05
4.29506753421653e-05
4.29506753421653e-05
4.29506753421653e-05
4.29506753421653e-05
4.29506753421653e-05
4.29506753421653e-05
4.29506753421653e-05
42.95071829284065
4.29506753421653e-05
171.80274431933657
4.29506753421653e-05
4.29506753421653e-05
4.29506753421653e-05
4.29506753421653e-05
13916020743.64199
4.29506753421653e-05
4.29506753421653e-05
4.29506753421653e-05
4.29506753421653e-05
4.29506753421653e-05
4.29506753421653e-05
4.29506753421653e-05
1546.2243552686261
4.29506753421653e-05
4.29506753421653e-05
4.29506753421653e-05
4.29506753421653e-05
4.29506753421653e-05
4.29506753421653e-05
4.29506753421653e-05
4.29506753421653e-05
4.29506753421653e-05
4.29506753421653e-05
4.29506753421653e-05
4.29506753421653e-05
42.95071829284065
4.29506753421653e-05
4.29506753421653e-05
4.29506753421653e-05
4.29506753421653e-05
4.29506753421653e-05
4.29506753421653e-05
4.29506753421653e-05
687.2108484253204
4.29506753421653e-05
4.29506753421653e-05
4.29506753421653e-05
4.29506753421653e-05
4.29506753421653e-05
4.29506753421653e-05
171.80274431933657
4.29506753421653e-05
171.80274431933657
4.29506753421653e-05
4.29506753421653e-05
4.29506753421653e-05
4.29506753421653e-05
4.29506753421653e-05
4.29506753421653e-05
4.29506753421653e-05
4.29506753421653e-05
4.29506753421653e-05
4.29506753421653e-05
4.29506753421653e-05
4.29506753421653e-05
4.29506753421653e-05
4.29506753421653e-05
4.29506753421653e-05
4.29506753421653e-05
4.29506753421653e-05
4.29506753421653e-05
4.29506753421653e-05
4.29506753421653e-05
4.29506753421653e-05
4.29506753421653e-05
4.29506753421653e-05
4.29506753421653e-05
4.29506753421653e-05
4.29506753421653e-05
42.95071829284065
4.29506753421653e-05
4.29506753421653e-05
42.95071829284065
4.29506753421653e-05
4.29506753421653e-05
4.29506753421653e-05
0.00017180268705177103
4.29506753421653e-05
4.29506753421653e-05
4.29506753421653e-05
4.29506753421653e-05
4.29506753421653e-05
4.29506753421653e-05
4.29506753421653e-05
4.29506753421653e-05
4.29506753421653e-05
4.29506753421653e-05
4.29506753421653e-05
4.29506753421653e-05
4.29506753421653e-05
4.29506753421653e-05
4.29506753421653e-05
4.29506753421653e-05
4.29506753421653e-05
4.29506753421653e-05
4.29506753421653e-05
42.95071829284065
4.29506753421653e-05
4.29506753421653e-05
171.80274431933657
4.29506753421653e-05
4.29506753421653e-05
4.29506753421653e-05
4.29506753421653e-05
4.29506753421653e-05
4.29506753421653e-05
4.29506753421653e-05
4.29506753421653e-05
0.00017180268705177103
4.29506753421653e-05
4.29506753421653e-05
4.29506753421653e-05
4.29506753421653e-05
4.29506753421653e-05
4.29506753421653e-05
4.29506753421653e-05
0.00017180268705177103
4.29506753421653e-05
42.95071829284065
4.29506753421653e-05
0.00017180268705177103
4.29506753421653e-05
1546.2243552686261
4.29506753421653e-05
4.29506753421653e-05
4.29506753421653e-05
4.29506753421653e-05
4.29506753421653e-05
4.29506753421653e-05
4.29506753421653e-05
4.29506753421653e-05
4.29506753421653e-05
4.29506753421653e-05
4.29506753421653e-05
4.29506753421653e-05
4.29506753421653e-05
4.29506753421653e-05
42.95071829284065
0.00017180268705177103
42.95071829284065
4.29506753421653e-05
4.29506753421653e-05
0.00017180268705177103
0.00017180268705177103
0.00017180268705177103
0.00017180268705177103
0.00017180268705177103
0.00017180268705177103
0.00017180268705177103
0.00017180268705177103
0.00017180268705177103
0.00017180268705177103
0.00017180268705177103
0.00017180268705177103
0.00017180268705177103
0.00017180268705177103
1546.2243552686261
0.00017180268705177103
171.8028588544581
0.00017180268705177103
0.00017180268705177103
0.00017180268705177103
0.00017180268705177103
0.00017180268705177103
0.00017180268705177103
0.00017180268705177103
0.00017180268705177103
0.00017180268705177103
0.00017180268705177103
1546.2243552686261
0.00017180268705177103
0.00017180268705177103
0.00017180268705177103
0.00017180268705177103
0.00017180268705177103
0.00017180268705177103
0.00017180268705177103
0.00017180268705177103
171.8028588544581
0.00017180268705177103
0.00017180268705177103
1546.2243552686261
1546.2243552686261
0.00017180268705177103
0.00017180268705177103
0.00017180268705177103
0.00017180268705177103
0.00017180268705177103
0.00017180268705177103
0.00017180268705177103
0.00017180268705177103
0.00017180268705177103
0.00017180268705177103
0.00017180268705177103
0.00017180268705177103
0.00017180268705177103
0.00017180268705177103
0.00017180268705177103
0.00017180268705177103
0.00017180268705177103
0.00017180268705177103
0.00017180268705177103
0.00017180268705177103
1546.2243552686261
0.00017180268705177103
0.00017180268705177103
0.00017180268705177103
0.00017180268705177103
0.00017180268705177103
0.00017180268705177103
0.00017180268705177103
0.00017180268705177103
0.00017180268705177103
0.00017180268705177103
0.00017180268705177103
0.00017180268705177103
0.00017180268705177103
0.00017180268705177103
0.00017180268705177103
0.00017180268705177103
0.00017180268705177103
0.00017180268705177103
687.2109200097713
0.00017180268705177103
0.00017180268705177103
0.00017180268705177103
0.00017180268705177103
0.00017180268705177103
0.00017180268705177103
0.00017180268705177103
0.00017180268705177103
1546.2243552686261
0.00017180268705177103
1546.2243552686261
0.00017180268705177103
0.00017180268705177103
1546225901.4929817
0.00017180268705177103
0.00017180268705177103
0.00017180268705177103
1546.2243552686261
0.00017180268705177103
0.00017180268705177103
0.00017180268705177103
0.00017180268705177103
0.00017180268705177103
0.00017180268705177103
0.00017180268705177103
0.00017180268705177103
0.00017180268705177103
0.00017180268705177103
0.00017180268705177103
0.00017180268705177103
0.00017180268705177103
0.00017180268705177103
0.00017180268705177103
0.00017180268705177103
0.00017180268705177103
0.00017180268705177103
0.00017180268705177103
0.00017180268705177103
0.00017180268705177103
0.00017180268705177103
0.00017180268705177103
0.00017180268705177103
0.00017180268705177103
0.00017180268705177103
0.00017180268705177103
0.00017180268705177103
0.00017180268705177103
2748.843164631024
2748.843164631024
0.00017180268705177103
0.00017180268705177103
0.00017180268705177103
0.00017180268705177103
0.00017180268705177103
0.00017180268705177103
0.00017180268705177103
0.00017180268705177103
0.00017180268705177103
0.00017180268705177103
0.00017180268705177103
0.00017180268705177103
0.00017180268705177103
0.00017180268705177103
0.00017180268705177103
0.00017180268705177103
0.00017180268705177103
0.00017180268705177103
0.00017180268705177103
171.8028588544581
0.00017180268705177103
0.00017180268705177103
0.00017180268705177103
0.00017180268705177103
0.00017180268705177103
0.00017180268705177103
0.00017180268705177103
0.00017180268705177103
0.00017180268705177103
0.00017180268705177103
171.8028588544581
0.00017180268705177103
171.8028588544581
0.00017180268705177103
0.00017180268705177103
0.00017180268705177103
0.00017180268705177103
6184.896905666445
171.8028588544581
0.00017180268705177103
0.00017180268705177103
171.8028588544581
0.00017180268705177103
0.00017180268705177103
0.00017180268705177103
687.2109200097713
0.00017180268705177103
1546.2243552686261
0.00017180268705177103
0.00017180268705177103
1546.2243552686261
0.00017180268705177103
0.00017180268705177103
0.00017180268705177103
0.00017180268705177103
0.00017180268705177103
0.00017180268705177103
0.00017180268705177103
0.00017180268705177103
0.00017180268705177103
0.00017180268705177103
0.00017180268705177103
0.00017180268705177103
0.00017180268705177103
0.00017180268705177103
0.00017180268705177103
0.00017180268705177103
0.00017180268705177103
1546.2243552686261
0.00017180268705177103
0.00017180268705177103
0.00017180268705177103
0.00017180268705177103
0.00017180268705177103
0.00017180268705177103
1546.2243552686261
0.00017180268705177103
0.00017180268705177103
0.00017180268705177103
0.00017180268705177103
0.00017180268705177103
1546.2243552686261
0.00017180268705177103
0.00017180268705177103
0.00017180268705177103
0.00017180268705177103
0.00017180268705177103
0.00017180268705177103
0.00017180268705177103
0.00017180268705177103
0.00017180268705177103
0.00017180268705177103
6184898967.298861
0.00017180268705177103
0.00017180268705177103
0.00017180268705177103
0.00017180268705177103
0.00017180268705177103
0.00017180268705177103
0.00017180268705177103
0.00017180268705177103
1546.2243552686261
0.00017180268705177103
0.00017180268705177103
0.00017180268705177103
0.00017180268705177103
0.00017180268705177103
0.00017180268705177103
0.00017180268705177103
1546.2243552686261
0.00017180268705177103
0.00017180268705177103
0.00017180268705177103
0.00017180268705177103
0.00017180268705177103
1546.2243552686261
0.00017180268705177103
0.00017180268705177103
0.00017180268705177103
0.00017180268705177103
0.00017180268705177103
0.00017180268705177103
0.00017180268705177103
0.00017180268705177103
0.00017180268705177103
0.00017180268705177103
0.00017180268705177103
0.00017180268705177103
0.00017180268705177103
0.00017180268705177103
0.00017180268705177103
0.00017180268705177103
0.00017180268705177103
0.00017180268705177103
0.00017180268705177103
0.00017180268705177103
0.00017180268705177103
0.00017180268705177103
0.00017180268705177103
0.00017180268705177103
0.00017180268705177103
687.2109200097713
0.00017180268705177103
0.00017180268705177103
0.00017180268705177103
0.00017180268705177103
1546.2243552686261
0.00017180268705177103
0.00017180268705177103
0.00017180268705177103
0.00017180268705177103
0.00017180268705177103
0.00017180268705177103
0.00017180268705177103
1546.2243552686261
0.00017180268705177103
0.00017180268705177103
0.00017180268705177103
0.00017180268705177103
1546.2243552686261
0.00017180268705177103
0.00017180268705177103
0.00017180268705177103
0.00017180268705177103
0.00017180268705177103
0.00017180268705177103
0.00017180268705177103
0.00017180268705177103
0.00017180268705177103
0.00017180268705177103
0.00017180268705177103
0.00017180268705177103
0.00017180268705177103
0.00017180268705177103
0.00017180268705177103
0.00017180268705177103
0.00017180268705177103
0.00017180268705177103
0.00017180268705177103
0.00017180268705177103
0.00017180268705177103
0.00017180268705177103
0.00017180268705177103
0.00017180268705177103
0.00017180268705177103
0.00017180268705177103
1546.2243552686261
0.00017180268705177103
0.00017180268705177103
0.00017180268705177103
0.00017180268705177103
1546.2243552686261
0.00017180268705177103
171.8028588544581
0.00017180268705177103
0.00017180268705177103
0.00017180268705177103
0.00017180268705177103
0.00017180268705177103
0.00017180268705177103
0.00017180268705177103
0.00017180268705177103
0.00017180268705177103
0.00017180268705177103
0.00017180268705177103
0.00017180268705177103
0.00017180268705177103
0.00017180268705177103
0.00017180268705177103
8418.331837339469
0.00017180268705177103
0.00017180268705177103
171.8028588544581
0.00017180268705177103
0.00017180268705177103
0.00017180268705177103
171.8028588544581
0.00017180268705177103
0.00017180268705177103
0.00017180268705177103
0.00017180268705177103
0.00017180268705177103
1546.2243552686261
0.00017180268705177103
0.00017180268705177103
0.00017180268705177103
0.00017180268705177103
0.00017180268705177103
0.00017180268705177103
1546.2243552686261
0.00017180268705177103
0.00017180268705177103
0.00017180268705177103
0.00017180268705177103
0.00017180268705177103
0.00017180268705177103
0.00017180268705177103
0.00017180268705177103
0.00017180268705177103
0.00017180268705177103
0.00017180268705177103
0.00017180268705177103
0.00017180268705177103
171.8028588544581
0.00017180268705177103
0.00017180268705177103
0.00017180268705177103
0.00017180268705177103
0.00017180268705177103
0.00017180268705177103
0.00017180268705177103
0.00017180268705177103
0.00017180268705177103
0.00017180268705177103
0.00017180268705177103
1546.2243552686261
0.00017180268705177103
0.00017180268705177103
0.00017180268705177103
1546225901.4929817
0.00017180268705177103
0.00017180268705177103
0.00017180268705177103
0.00017180268705177103
0.00017180268705177103
0.00017180268705177103
0.00017180268705177103
0.00017180268705177103
0.00017180268705177103
0.00017180268705177103
0.00017180268705177103
0.00017180268705177103
0.00017180268705177103
0.00017180268705177103
0.00017180268705177103
0.00017180268705177103
171.8028588544581
0.00017180268705177103
0.00017180268705177103
0.00017180268705177103
0.00017180268705177103
0.00017180268705177103
1546.2243552686261
0.00017180268705177103
1546.2243552686261
0.00017180268705177103
171.8028588544581
0.00017180268705177103
171.8028588544581
0.00017180268705177103
0.00017180268705177103
0.00017180268705177103
0.00017180268705177103
0.00017180268705177103
0.00017180268705177103
0.00017180268705177103
0.00017180268705177103
0.00017180268705177103
0.00017180268705177103
0.00017180268705177103
0.00017180268705177103
0.00017180268705177103
0.00017180268705177103
0.00017180268705177103
0.00017180268705177103
0.00017180268705177103
0.00017180268705177103
1546.2243552686261
0.00017180268705177103
0.00017180268705177103
0.00017180268705177103
1546.2243552686261
0.00017180268705177103
0.00017180268705177103
0.00017180268705177103
0.00017180268705177103
0.00017180268705177103
0.00017180268705177103
0.00017180268705177103
0.00017180268705177103
0.00017180268705177103
0.00017180268705177103
0.00017180268705177103
0.00017180268705177103
0.00017180268705177103
0.00017180268705177103
0.00017180268705177103
0.00017180268705177103
24739591230.52238
0.00017180268705177103
0.00017180268705177103
0.00017180268705177103
0.00017180268705177103
0.00017180268705177103
0.00017180268705177103
0.00017180268705177103
0.00017180268705177103
0.00017180268705177103
0.00017180268705177103
0.00017180268705177103
0.00017180268705177103
1546.2243552686261
1546.2243552686261
0.00017180268705177103
1546.2243552686261
0.00017180268705177103
0.00017180268705177103
0.00017180268705177103
0.00017180268705177103
0.00017180268705177103
0.00017180268705177103
0.00017180268705177103
0.00017180268705177103
0.00017180268705177103
0.00017180268705177103
0.00017180268705177103
0.00017180268705177103
0.00017180268705177103
0.00017180268705177103
0.00017180268705177103
0.00017180268705177103
0.00017180268705177103
0.00017180268705177103
0.00017180268705177103
0.00017180268705177103
1546.2243552686261
0.00017180268705177103
0.00017180268705177103
1546.2243552686261
0.00017180268705177103
0.00017180268705177103
0.00017180268705177103
0.00017180268705177103
0.00017180268705177103
0.00017180268705177103
0.00017180268705177103
0.00017180268705177103
0.00017180268705177103
0.00017180268705177103
0.00017180268705177103
0.00017180268705177103
1546.2243552686261
0.00017180268705177103
0.00017180268705177103
0.00017180268705177103
0.00017180268705177103
0.00017180268705177103
0.00017180268705177103
687.2109200097713
0.00017180268705177103
0.4587077181259869
1.7843114443244161
1.1239255764560603
0.5978174597580717
1.5531961949602386
0.4868269105434006
0.20745098268059947
2.4268690546237424
0.3435145682930219
0.024739592433097337
0.6310475923494772
0.27245711036866765
0.9551204648821481
0.5735240989542907
1.5512580327960734
5.226556101206214
4.560222069051953
4.3144338748803905
1.1779243583712853
2.6429597346069595
1.9170605561052052
3.705070838649993
4.096290742836843
0.2428100981004969
1.4198570853961758
0.01082154685956552
0.09895836973186156
17.1815256685562
0.012338615192638156
1.4198570755320732e-08
0.015290394975255047
1.7529099873180072
16.705523879580603
0.29826860568846586
0.7468781056387181
0.6310476066531063
0.02218528899034086
0.3631712868301876
2.434845608535333e-08
2.6844173102500446
13.192572466091438
4.7722974209556925
0.9663902488702866
2.974423612459845
1546.2243552686261
3.5061777052570595
0.2901528480088371
1.0821536470663715
0.27488436036280706
0.15308776929149706
0.8765444541284233
0.3155560259257695
2.309467205328175
2.684417325323677
9.149256580473795
1.9325832811053583
0.3549643083176979
1.1173433468268779
4.4693732532263155
0.19741769501425013
4.194402005280713e-08
4.469373208532583e-08
0.18468449243375962
99.73127621828966
1.9036311457881492
5.107095901762305e-08
0.21151461875747565
0.8460583163939783
0.5302553247642027
0.5302553247642027
0.05478408097499282
4.2831700119250335
0.06605262511969452
0.5302553247642027
0.2356690659603411
0.5718285972661966
2.7829199247604826
0.5302553247642027
0.058917310678024096
0.9087085851097768
0.5718285972661966
17.67567897635306
7.777397289828742e-08
1.0568410111267263
1.144874414798348
1.5884126572300954
6.872108245332911e-08
7.456714675897275e-08
0.07456722132611951
0.09291664571841025
0.6999658338585597
7.155464645273134e-08
0.07456722132611951
8.119220516632189e-08
0.3110959693671226
1.193074422710711
1.3574535653862785
3.0542704160680727
1.1897694330175817e-07
0.8765445164251352
0.3549643576069729
0.38957539474107367
9.291655280185744e-08
1.1897694330175817e-07
42.95067662992806
54.06521815250595
1.6352429921929497
1.0220268062439179e-07
0.4088108247002478
1.0220268062439179e-07
162.8794354990839
2.6844173906427495
1.1897694330175817e-07
1.9036312118050747
0.11897706227870149
1.3256381645542372e-07
0.4518152507010772
1.0707926086927668
1.1295378443682318e-07
1.1897694330175817e-07
0.5302553983855114
1.2549503734624878e-07
3.5061778162751773
0.14024724728822985
2.860399031987742
1.3256381645542372e-07
2.243953852905072
0.13256394901924018
1.2549503734624878e-07
1.1294554616112762
1.2622241036172124
0.5944731801907331
0.5302553983855114
1.9089189568860915e-07
6.872108385262125
5.048895993727529
1.402471070411228e-07
20.30090587168264
2.860399031987742
0.1486184065113767
3.7154565959462285
1.5776189726669362e-07
6.03993955625089
0.8171355484848362
0.7150998920781316
1.5776189726669362e-07
1.6777608019757486e-07
1.6777608019757486e-07
0.6711044885663797
0.6711044885663797
2.54146014959645e-07
0.8765446380984007
1.9722251618012705
0.7635677736463324
0.9426762637336052
0.19089208658050486
1.8385547287360862
0.19089208658050486
0.8171355484848362
1.9722251618012705
0.8171355484848362
2.0428383605025e-07
2.0428383605025e-07
0.8171355484848362
2.7488432977666517e-07
0.21913632387667872
1.193074646239542
2.1913610474057397e-07
0.274884604660995
0.8765446380984007
0.21913632387667872
2.3566900701614955e-07
24.932819415087838
2.9826858699273875e-07
2.3566900701614955e-07
0.25414626910565996
0.25414626910565996
0.00017180268705177103
2.54146014959645e-07
0.47590824900494716
2.7488432977666517e-07
2.922919710295961
0.274884604660995
2.9826858699273875e-07
2.7488432977666517e-07
1.0995375939909906
1.5583015786698309
4.283170433782339
2.6844175812032356
237.78921315489646
0.2982688852613257
4.2950676523308875e-07
0.3247691453829473
3.549642688047892e-07
0.3247691453829473
0.3247691453829473
0.3247691453829473
0.3247691453829473
8.11922084012199
3.549642688047892e-07
51.11485506285392
0.354964623769058
1.1930743472805183e-06
3.549642688047892e-07
3.1946787742073717
0.354964623769058
3.549642688047892e-07
3.8957529727363337e-07
4.7590777309717405e-07
3.8957529727363337e-07
4.2950676523308875e-07
3.8957529727363337e-07
3.8957529727363337e-07
3.8957529727363337e-07
3.865561316604564
0.3895756868489307
3.865561316604564
19.08919166605322
3.8957529727363337e-07
1.9036315682964693
4.2950676523308875e-07
6.872108673236187
4.2950676523308875e-07
0.47590824900494716
0.5302557959405781
5.944730314010585e-07
4.2950676523308875e-07
21.045831925928116
1.9036315682964693
4.283170433782339
5.302552656853124e-07
6.872109005812287
4.283170433782339
1.9036315682964693
5.302552656853124e-07
5.302552656853124e-07
2.1210215929965157
5.302552656853124e-07
5.302552656853124e-07
5.302552656853124e-07
5.302552656853124e-07
0.5302557959405781
5.302552656853124e-07
0.5302557959405781
5.302552656853124e-07
148.13600761818947
38.046274604140784
4.772298582196421
0.5302557959405781
5.302552656853124e-07
2.1210215929965157
0.5944736258740899
5.944730314010585e-07
6.711043205718411e-07
5.944730314010585e-07
2.6844179533916854
5.944730314010585e-07
48.15231613795878
4.066337253933283
5.944730314010585e-07
0.6711049916761618
10.73766980025378
5.944730314010585e-07
6.711043205718411e-07
0.6711049916761618
0.6711049916761618
5.350257877082558
0.5944736258740899
6.03993955625089
4.772298582196421
0.7635683460392163
6.711043205718411e-07
2.6844179533916854
8.765444185896155e-07
2.6844179533916854
0.7635683460392163
6.711043205718411e-07
6.711043205718411e-07
0.7635683460392163
7.888900643850958
1.1930755403548656
12.217082083113725
0.6711049916761618
0.8765452951340341
1.1930743472805183e-06
7.635675824716338e-07
27.4884337325464
7.635675824716338e-07
8.765444185896155e-07
1.0165840593373057e-06
7.635675824716338e-07
3.0542710934541177
8.765444185896155e-07
1.0165840593373057e-06
3.0542710934541177
3.0542710934541177
0.8765452951340341
7.635675824716338e-07
0.7635683460392163
1045.3240211672344
220.67103209786978
0.7635683460392163
0.8765452951340341
8.765444185896155e-07
19.089190749562643
4.29506753421653e-05
14.02471157397827
8.765444185896155e-07
0.8765452951340341
1.0165840593373057e-06
3.506178550902881
8.765444185896155e-07
8.765444185896155e-07
1.1930743472805183e-06
8.765444185896155e-07
8.765444185896155e-07
1.0165840593373057e-06
8.765444185896155e-07
8.765444185896155e-07
4.066337253933283
0.8765452951340341
3.506178550902881
1.1930743472805183e-06
8.765444185896155e-07
8.765444185896155e-07
8.765444185896155e-07
1.0165840593373057e-06
1.0165840593373057e-06
1.1930743472805183e-06
1.7180270595006656e-06
1.0165840593373057e-06
1.0165850759213653
1.0165840593373057e-06
1.7180270595006656e-06
1.0165850759213653
1.0165850759213653
1.0165840593373057e-06
1.0165850759213653
1.0165850759213653
1.0165840593373057e-06
1.419857074241294e-06
1.0165840593373057e-06
1.0165840593373057e-06
4.772298582196421
1.1930755403548656
1.1930743472805183e-06
1.0165840593373057e-06
25.414602500016706
1.0165840593373057e-06
1.0165840593373057e-06
1.0165840593373057e-06
1.0165840593373057e-06
1.0165840593373057e-06
4.066337253933283
1.419857074241294e-06
1.0165840593373057e-06
1.1930743472805183e-06
1.1930743472805183e-06
15.46224525353305
1.1930743472805183e-06
1.1930743472805183e-06
1.1930755403548656
1.1930743472805183e-06
1.1930743472805183e-06
4.772297378075089e-06
1.1930743472805183e-06
1.4198584940983683
10.737670318599012
1.1930755403548656
2.1210231815801897
1.419857074241294e-06
5.67942971682225
1.419857074241294e-06
1.419857074241294e-06
171.80270766809363
1.7180270595006656e-06
1.419857074241294e-06
69.57299805768048
22.71771460771778
1.7180270595006656e-06
1.419857074241294e-06
1.419857074241294e-06
1.419857074241294e-06
1.7180270595006656e-06
1.4198584940983683
1.7180287775277252
1.419857074241294e-06
2.1210210605591293e-06
1.419857074241294e-06
1.4198584940983683
319.46784312414826
15.46224525353305
69.57299805768048
5.67942971682225
1.7180270595006656e-06
6.872109956029723
1.4198584940983683
1546225901.4929817
1.419857074241294e-06
12.778715088028719
6.872109956029723
1.7180270595006656e-06
1.7180270595006656e-06
1.7180270595006656e-06
1.7180270595006656e-06
1.7180270595006656e-06
1.7180270595006656e-06
8.484086363257578
6.872109956029723
1.7180270595006656e-06
1.7180270595006656e-06
1.7180270595006656e-06
2.1210210605591293e-06
8.484086363257578
2.1210210605591293e-06
2.1210231815801897
1.7180270595006656e-06
2.6844172787920295e-06
1.7180270595006656e-06
1.7180270595006656e-06
1.7180270595006656e-06
1.7180287775277252
2.1210231815801897
1.0737669059242757e-05
1.7180270595006656e-06
1.7180270595006656e-06
2.1210210605591293e-06
2.1210210605591293e-06
1.7180270595006656e-06
10.737671799585398
2.1210210605591293e-06
2.1210210605591293e-06
2.1210210605591293e-06
24.159758193545542
2.6844172787920295e-06
2.1210231815801897
2.1210231815801897
2.1210210605591293e-06
2.1210210605591293e-06
2.1210210605591293e-06
2.1210210605591293e-06
2.1210210605591293e-06
2.1210210605591293e-06
2.6844172787920295e-06
2.1210210605591293e-06
2.6844172787920295e-06
2.1210210605591293e-06
2.1210210605591293e-06
2.1210231815801897
2.1210210605591293e-06
2.1210210605591293e-06
2.1210210605591293e-06
2.1210210605591293e-06
2.1210210605591293e-06
2.1210210605591293e-06
2.1210210605591293e-06
2.1210210605591293e-06
2.6844199632093084
3.506181174573243
1.9089189335548606e-05
2.1210210605591293e-06
2.6844172787920295e-06
2.1210210605591293e-06
2.6844172787920295e-06
2.1210210605591293e-06
2.1210210605591293e-06
2.1210210605591293e-06
2.1210210605591293e-06
2.1210210605591293e-06
10.737671799585398
2.1210210605591293e-06
2.1210210605591293e-06
2.1210210605591293e-06
4.772297378075089e-06
126.22239956841837
2.6844172787920295e-06
24.159758193545542
10.737671799585398
2.6844172787920295e-06
2.6844172787920295e-06
14.024714179759968
2.6844172787920295e-06
2.6844172787920295e-06
2.6844199632093084
2.6844172787920295e-06
3.506177668395575e-06
3.506177668395575e-06
2.6844172787920295e-06
4.772297378075089e-06
61.848980807968935
10.737671799585398
2.6844172787920295e-06
2.6844172787920295e-06
2.6844172787920295e-06
3.506177668395575e-06
2.6844172787920295e-06
2.6844172787920295e-06
6.872115087203851
2.6844172787920295e-06
2.6844172787920295e-06
24.159758193545542
2.6844172787920295e-06
2.6844172787920295e-06
2.6844172787920295e-06
2.6844199632093084
3.506177668395575e-06
1546.2243552686261
2.6844172787920295e-06
2.6844172787920295e-06
2.6844172787920295e-06
2.6844172787920295e-06
2.6844172787920295e-06
3.506181174573243
2.6844172787920295e-06
2.6844172787920295e-06
2.6844172787920295e-06
2.6844172787920295e-06
2.6844172787920295e-06
2.6844172787920295e-06
1546.2243552686261
3.506177668395575e-06
3.506177668395575e-06
4.772297378075089e-06
3.506177668395575e-06
3.506177668395575e-06
3.506177668395575e-06
14.024714179759968
3.506177668395575e-06
3.506177668395575e-06
3.506177668395575e-06
3.506177668395575e-06
4.772297378075089e-06
3.506177668395575e-06
14.024714179759968
3.506181174573243
3.506177668395575e-06
3.506177668395575e-06
3.506177668395575e-06
3.506177668395575e-06
4.772302150372468
3.506177668395575e-06
3.506177668395575e-06
3.506177668395575e-06
3.506177668395575e-06
3.506177668395575e-06
3.506177668395575e-06
4.772297378075089e-06
14.024714179759968
6.872108215095636e-06
3.506177668395575e-06
3.506177668395575e-06
3.506177668395575e-06
3.506177668395575e-06
4.772302150372468
3.506177668395575e-06
3.506181174573243
3.506177668395575e-06
3.506177668395575e-06
6.872115087203851
3.506177668395575e-06
3.506177668395575e-06
3.506177668395575e-06
3.506177668395575e-06
3.506177668395575e-06
14.024714179759968
3.506181174573243
3.506177668395575e-06
4.772297378075089e-06
3.506177668395575e-06
3.506177668395575e-06
0.00017180268705177103
4.772297378075089e-06
3.506177668395575e-06
4.772297378075089e-06
3.506177668395575e-06
3.506181174573243
1.0737669059242757e-05
3.506177668395575e-06
3.506177668395575e-06
3.506181174573243
6.872108215095636e-06
4.772297378075089e-06
4.772297378075089e-06
4.772297378075089e-06
4.772302150372468
4.772297378075089e-06
4.772297378075089e-06
4.772297378075089e-06
4.772297378075089e-06
4.772297378075089e-06
4.772297378075089e-06
19.08919428459774
4.772297378075089e-06
19.08919428459774
4.772297378075089e-06
4.772297378075089e-06
4.772297378075089e-06
4.772297378075089e-06
6.872108215095636e-06
4.772297378075089e-06
4.772297378075089e-06
1.9089189335548606e-05
4.772297378075089e-06
4.772297378075089e-06
6.872108215095636e-06
6.872108215095636e-06
1.0737669059242757e-05
6.872108215095636e-06
4.772297378075089e-06
4.772297378075089e-06
4.772297378075089e-06
4.772297378075089e-06
1546.2243552686261
4.772302150372468
4.772297378075089e-06
4.772297378075089e-06
4.772297378075089e-06
4.772297378075089e-06
4.772297378075089e-06
4.772297378075089e-06
4.772297378075089e-06
6.872108215095636e-06
4.772297378075089e-06
6.872108215095636e-06
4.772297378075089e-06
6.872115087203851
4.772297378075089e-06
4.772302150372468
4.772297378075089e-06
4.772297378075089e-06
4.772297378075089e-06
4.772297378075089e-06
4.772297378075089e-06
6.872108215095636e-06
4.772297378075089e-06
6.872108215095636e-06
4.772297378075089e-06
4.772302150372468
4.772297378075089e-06
4.772297378075089e-06
4.772297378075089e-06
4.772297378075089e-06
1.0737669059242757e-05
4.772297378075089e-06
6.872108215095636e-06
4.772297378075089e-06
4.772302150372468
4.772297378075089e-06
4.772297378075089e-06
4.772297378075089e-06
4.772297378075089e-06
6.872108215095636e-06
4.772297378075089e-06
4.772297378075089e-06
109.95373831363841
6.872108215095636e-06
1.0737669059242757e-05
171.80271224949914
6.872108215095636e-06
6.872108215095636e-06
6.872108215095636e-06
6.872108215095636e-06
1.0737669059242757e-05
6.872115087203851
6.872108215095636e-06
6.872108215095636e-06
6.872108215095636e-06
6.872108215095636e-06
1.0737669059242757e-05
6.872108215095636e-06
6.872108215095636e-06
6.872108215095636e-06
6.872108215095636e-06
6.872115087203851
6.872108215095636e-06
6.872108215095636e-06
1.0737669059242757e-05
10.737679796911818
6.872108215095636e-06
6.872108215095636e-06
6.872108215095636e-06
6.872108215095636e-06
6.872108215095636e-06
6.872115087203851
6.872108215095636e-06
6.872108215095636e-06
1.0737669059242757e-05
6.872115087203851
6.872108215095636e-06
27.48843973249076
6.872108215095636e-06
96.63903227085387
6.872108215095636e-06
6.872108215095636e-06
6.872115087203851
6.872108215095636e-06
6.872108215095636e-06
6.872108215095636e-06
6.872108215095636e-06
6.872115087203851
6.872108215095636e-06
6.872115087203851
6.872108215095636e-06
0.00017180268705177103
6.872108215095636e-06
6.872108215095636e-06
6.872108215095636e-06
1.0737669059242757e-05
6.872108215095636e-06
6.872108215095636e-06
6.872108215095636e-06
6.872108215095636e-06
6.872115087203851
6.872108215095636e-06
6.872108215095636e-06
6.872108215095636e-06
27.48843973249076
6.872108215095636e-06
6.872108215095636e-06
6.872115087203851
6.872108215095636e-06
6.872108215095636e-06
6.872108215095636e-06
27.48843973249076
6.872108215095636e-06
6.872115087203851
6.872115087203851
0.00017180268705177103
6.872108215095636e-06
6.872115087203851
6.872108215095636e-06
10.737679796911818
1.9089189335548606e-05
1.0737669059242757e-05
1546.2243552686261
1.0737669059242757e-05
1.0737669059242757e-05
10.737679796911818
1.0737669059242757e-05
19.089208424737944
1.0737669059242757e-05
1.0737669059242757e-05
1.0737669059242757e-05
1.0737669059242757e-05
1.0737669059242757e-05
1.0737669059242757e-05
1.0737669059242757e-05
1.0737669059242757e-05
1.0737669059242757e-05
1.0737669059242757e-05
10.737679796911818
10.737679796911818
1.0737669059242757e-05
1.0737669059242757e-05
1.0737669059242757e-05
1.0737669059242757e-05
1.9089189335548606e-05
10.737679796911818
1.0737669059242757e-05
1.0737669059242757e-05
1.0737669059242757e-05
1.0737669059242757e-05
10.737679796911818
1.0737669059242757e-05
1.0737669059242757e-05
1.0737669059242757e-05
1.0737669059242757e-05
1.0737669059242757e-05
1.0737669059242757e-05
1.0737669059242757e-05
1.0737669059242757e-05
1.0737669059242757e-05
42.95068697464009
96.63903227085387
1.0737669059242757e-05
1.0737669059242757e-05
0.00017180268705177103
1.0737669059242757e-05
1.0737669059242757e-05
10.737679796911818
1.0737669059242757e-05
1.0737669059242757e-05
1.0737669059242757e-05
1.0737669059242757e-05
1.0737669059242757e-05
42.95068697464009
0.00017180268705177103
0.00017180268705177103
96.63903227085387
1.0737669059242757e-05
42.95068697464009
1.0737669059242757e-05
10.737679796911818
1.0737669059242757e-05
1.0737669059242757e-05
1.0737669059242757e-05
1.0737669059242757e-05
1.0737669059242757e-05
1.0737669059242757e-05
1.0737669059242757e-05
1.0737669059242757e-05
1.0737669059242757e-05
10.737679796911818
10.737679796911818
1.0737669059242757e-05
10.737679796911818
1.0737669059242757e-05
1.0737669059242757e-05
10.737679796911818
1.0737669059242757e-05
1.0737669059242757e-05
1.0737669059242757e-05
935.3702965310711
1.0737669059242757e-05
1.0737669059242757e-05
1.0737669059242757e-05
1.0737669059242757e-05
10.737679796911818
10.737679796911818
1.9089189335548606e-05
1.9089189335548606e-05
1.0737669059242757e-05
10.737679796911818
1.0737669059242757e-05
171.80271568555324
96.63903227085387
1.0737669059242757e-05
1.0737669059242757e-05
1546.2243552686261
1.0737669059242757e-05
1.0737669059242757e-05
1.0737669059242757e-05
1.0737669059242757e-05
1.0737669059242757e-05
1.0737669059242757e-05
1.0737669059242757e-05
1.0737669059242757e-05
1.0737669059242757e-05
1.0737669059242757e-05
1.0737669059242757e-05
1.0737669059242757e-05
1.0737669059242757e-05
1.9089189335548606e-05
1.9089189335548606e-05
4.29506753421653e-05
19.089208424737944
1.9089189335548606e-05
1.9089189335548606e-05
1.9089189335548606e-05
1.9089189335548606e-05
1.9089189335548606e-05
1.9089189335548606e-05
1.9089189335548606e-05
19.089208424737944
1.9089189335548606e-05
1.9089189335548606e-05
76.35677643138376
1.9089189335548606e-05
1.9089189335548606e-05
1.9089189335548606e-05
1546.2243552686261
1.9089189335548606e-05
76.35677643138376
1.9089189335548606e-05
1.9089189335548606e-05
1.9089189335548606e-05
1.9089189335548606e-05
1.9089189335548606e-05
1.9089189335548606e-05
1.9089189335548606e-05
1.9089189335548606e-05
1.9089189335548606e-05
1.9089189335548606e-05
1.9089189335548606e-05
1.9089189335548606e-05
1.9089189335548606e-05
1.9089189335548606e-05
1.9089189335548606e-05
1.9089189335548606e-05
4.29506753421653e-05
1.9089189335548606e-05
1.9089189335548606e-05
1.9089189335548606e-05
1.9089189335548606e-05
1.9089189335548606e-05
4.29506753421653e-05
1.9089189335548606e-05
1.9089189335548606e-05
19.089208424737944
1.9089189335548606e-05
1.9089189335548606e-05
1.9089189335548606e-05
1.9089189335548606e-05
1.9089189335548606e-05
1.9089189335548606e-05
0.00017180268705177103
1546.2243552686261
19.089208424737944
1.9089189335548606e-05
1.9089189335548606e-05
6184.896905666445
19.089208424737944
1.9089189335548606e-05
1.9089189335548606e-05
1.9089189335548606e-05
19.089208424737944
1.9089189335548606e-05
1.9089189335548606e-05
1.9089189335548606e-05
1.9089189335548606e-05
0.00017180268705177103
19.089208424737944
1.9089189335548606e-05
1.9089189335548606e-05
1.9089189335548606e-05
1.9089189335548606e-05
1.9089189335548606e-05
1.9089189335548606e-05
1.9089189335548606e-05
1.9089189335548606e-05
4.29506753421653e-05
19.089208424737944
19.089208424737944
19.089208424737944
1.9089189335548606e-05
687.2108484253204
4.29506753421653e-05
1.9089189335548606e-05
1.9089189335548606e-05
1.9089189335548606e-05
1.9089189335548606e-05
1.9089189335548606e-05
1546.2243552686261
1.9089189335548606e-05
1.9089189335548606e-05
1.9089189335548606e-05
1.9089189335548606e-05
1.9089189335548606e-05
0.00017180268705177103
1.9089189335548606e-05
76.35677643138376
386.55612103016307
4.29506753421653e-05
1.9089189335548606e-05
19.089208424737944
19.089208424737944
1.9089189335548606e-05
1.9089189335548606e-05
1.9089189335548606e-05
1.9089189335548606e-05
4.29506753421653e-05
1.9089189335548606e-05
1.9089189335548606e-05
1.9089189335548606e-05
1.9089189335548606e-05
1.9089189335548606e-05
1.9089189335548606e-05
1.9089189335548606e-05
1.9089189335548606e-05
1.9089189335548606e-05
76.35677643138376
1.9089189335548606e-05
1.9089189335548606e-05
1.9089189335548606e-05
1.9089189335548606e-05
1.9089189335548606e-05
19.089208424737944
1.9089189335548606e-05
1.9089189335548606e-05
1.9089189335548606e-05
19.089208424737944
1.9089189335548606e-05
1.9089189335548606e-05
1.9089189335548606e-05
1.9089189335548606e-05
1.9089189335548606e-05
1.9089189335548606e-05
1.9089189335548606e-05
4.29506753421653e-05
6184898967.298861
1.9089189335548606e-05
1.9089189335548606e-05
1.9089189335548606e-05
1.9089189335548606e-05
4.29506753421653e-05
1.9089189335548606e-05
1.9089189335548606e-05
1.9089189335548606e-05
1.9089189335548606e-05
4.29506753421653e-05
19.089208424737944
4.29506753421653e-05
4.29506753421653e-05
4.29506753421653e-05
4.29506753421653e-05
4.29506753421653e-05
4.29506753421653e-05
4.29506753421653e-05
4.29506753421653e-05
4.29506753421653e-05
4.29506753421653e-05
4.29506753421653e-05
4.29506753421653e-05
4.29506753421653e-05
4.29506753421653e-05
4.29506753421653e-05
4.29506753421653e-05
4.29506753421653e-05
4.29506753421653e-05
386.55612103016307
4.29506753421653e-05
4.29506753421653e-05
4.29506753421653e-05
0.00017180268705177103
4.29506753421653e-05
4.29506753421653e-05
4.29506753421653e-05
4.29506753421653e-05
42.95071829284065
4.29506753421653e-05
4.29506753421653e-05
171.80274431933657
4.29506753421653e-05
4.29506753421653e-05
4.29506753421653e-05
4.29506753421653e-05
4.29506753421653e-05
4.29506753421653e-05
4.29506753421653e-05
1546.2243552686261
4.29506753421653e-05
4.29506753421653e-05
4.29506753421653e-05
1546.2243552686261
4.29506753421653e-05
0.00017180268705177103
4.29506753421653e-05
4.29506753421653e-05
4.29506753421653e-05
4.29506753421653e-05
4.29506753421653e-05
4.29506753421653e-05
4.29506753421653e-05
4.29506753421653e-05
4.29506753421653e-05
4.29506753421653e-05
4.29506753421653e-05
4.29506753421653e-05
4.29506753421653e-05
4.29506753421653e-05
4.29506753421653e-05
4.29506753421653e-05
4.29506753421653e-05
42.95071829284065
4.29506753421653e-05
4.29506753421653e-05
4.29506753421653e-05
4.29506753421653e-05
4.29506753421653e-05
4.29506753421653e-05
4.29506753421653e-05
4.29506753421653e-05
4.29506753421653e-05
4.29506753421653e-05
4.29506753421653e-05
1546.2243552686261
4.29506753421653e-05
4.29506753421653e-05
4.29506753421653e-05
4.29506753421653e-05
171.80274431933657
4.29506753421653e-05
4.29506753421653e-05
4.29506753421653e-05
4.29506753421653e-05
4.29506753421653e-05
4.29506753421653e-05
4.29506753421653e-05
4.29506753421653e-05
42.95071829284065
4.29506753421653e-05
4.29506753421653e-05
4.29506753421653e-05
4.29506753421653e-05
1546.2243552686261
4.29506753421653e-05
4.29506753421653e-05
4.29506753421653e-05
4.29506753421653e-05
4.29506753421653e-05
0.00017180268705177103
171.80274431933657
4.29506753421653e-05
4.29506753421653e-05
4.29506753421653e-05
4.29506753421653e-05
4.29506753421653e-05
1546.2243552686261
0.00017180268705177103
4.29506753421653e-05
4.29506753421653e-05
4.29506753421653e-05
4.29506753421653e-05
4.29506753421653e-05
4.29506753421653e-05
4.29506753421653e-05
4.29506753421653e-05
4.29506753421653e-05
4.29506753421653e-05
171.8028588544581
4.29506753421653e-05
4.29506753421653e-05
4.29506753421653e-05
4.29506753421653e-05
4.29506753421653e-05
4.29506753421653e-05
4.29506753421653e-05
4.29506753421653e-05
4.29506753421653e-05
4.29506753421653e-05
4.29506753421653e-05
4.29506753421653e-05
4.29506753421653e-05
4.29506753421653e-05
4.29506753421653e-05
4.29506753421653e-05
4.29506753421653e-05
42.95071829284065
4.29506753421653e-05
4.29506753421653e-05
0.00017180268705177103
4.29506753421653e-05
42.95071829284065
4.29506753421653e-05
4.29506753421653e-05
1546.2243552686261
42.95071829284065
4.29506753421653e-05
4.29506753421653e-05
4.29506753421653e-05
1546.2243552686261
4.29506753421653e-05
4.29506753421653e-05
1546.2243552686261
4.29506753421653e-05
4.29506753421653e-05
4.29506753421653e-05
4.29506753421653e-05
4.29506753421653e-05
4.29506753421653e-05
4.29506753421653e-05
4.29506753421653e-05
4.29506753421653e-05
4.29506753421653e-05
4.29506753421653e-05
4.29506753421653e-05
4.29506753421653e-05
42.95071829284065
4.29506753421653e-05
4.29506753421653e-05
4.29506753421653e-05
4.29506753421653e-05
4.29506753421653e-05
4.29506753421653e-05
4.29506753421653e-05
4.29506753421653e-05
4.29506753421653e-05
4.29506753421653e-05
4.29506753421653e-05
4.29506753421653e-05
4.29506753421653e-05
4.29506753421653e-05
42.95071829284065
4.29506753421653e-05
4.29506753421653e-05
4.29506753421653e-05
4.29506753421653e-05
4.29506753421653e-05
4.29506753421653e-05
171.80274431933657
1546.2243552686261
4.29506753421653e-05
4.29506753421653e-05
4.29506753421653e-05
4.29506753421653e-05
4.29506753421653e-05
4.29506753421653e-05
4.29506753421653e-05
0.00017180268705177103
4.29506753421653e-05
4.29506753421653e-05
4.29506753421653e-05
4.29506753421653e-05
4.29506753421653e-05
4.29506753421653e-05
2104.5831347167755
1546.2243552686261
1546.2243552686261
4.29506753421653e-05
4.29506753421653e-05
4.29506753421653e-05
4.29506753421653e-05
4.29506753421653e-05
4.29506753421653e-05
4.29506753421653e-05
4.29506753421653e-05
4.29506753421653e-05
4.29506753421653e-05
0.00017180268705177103
171.80274431933657
4.29506753421653e-05
4.29506753421653e-05
4.29506753421653e-05
4.29506753421653e-05
42.95071829284065
4.29506753421653e-05
4.29506753421653e-05
4.29506753421653e-05
1546.2243552686261
4.29506753421653e-05
4.29506753421653e-05
4.29506753421653e-05
386.55612103016307
4.29506753421653e-05
386.55612103016307
4.29506753421653e-05
4.29506753421653e-05
4.29506753421653e-05
4.29506753421653e-05
4.29506753421653e-05
4.29506753421653e-05
4.29506753421653e-05
4.29506753421653e-05
0.00017180268705177103
4.29506753421653e-05
4.29506753421653e-05
4.29506753421653e-05
4.29506753421653e-05
4.29506753421653e-05
4.29506753421653e-05
4.29506753421653e-05
42.95071829284065
4.29506753421653e-05
4.29506753421653e-05
42.95071829284065
1546.2243552686261
4.29506753421653e-05
4.29506753421653e-05
4.29506753421653e-05
4.29506753421653e-05
4.29506753421653e-05
4.29506753421653e-05
4.29506753421653e-05
4.29506753421653e-05
4.29506753421653e-05
4.29506753421653e-05
4.29506753421653e-05
4.29506753421653e-05
4.29506753421653e-05
4.29506753421653e-05
4.29506753421653e-05
4.29506753421653e-05
0.00017180268705177103
4.29506753421653e-05
4.29506753421653e-05
4.29506753421653e-05
1546225901.4929817
4.29506753421653e-05
4.29506753421653e-05
4.29506753421653e-05
4.29506753421653e-05
42.95071829284065
42.95071829284065
4.29506753421653e-05
4.29506753421653e-05
0.00017180268705177103
4.29506753421653e-05
4.29506753421653e-05
0.00017180268705177103
4.29506753421653e-05
4.29506753421653e-05
4.29506753421653e-05
4.29506753421653e-05
4.29506753421653e-05
4.29506753421653e-05
4.29506753421653e-05
4.29506753421653e-05
4.29506753421653e-05
0.00017180268705177103
0.00017180268705177103
0.00017180268705177103
0.00017180268705177103
0.00017180268705177103
0.00017180268705177103
0.00017180268705177103
0.00017180268705177103
0.00017180268705177103
0.00017180268705177103
0.00017180268705177103
0.00017180268705177103
0.00017180268705177103
0.00017180268705177103
0.00017180268705177103
0.00017180268705177103
0.00017180268705177103
0.00017180268705177103
0.00017180268705177103
0.00017180268705177103
0.00017180268705177103
0.00017180268705177103
0.00017180268705177103
0.00017180268705177103
0.00017180268705177103
687.2109200097713
0.00017180268705177103
0.00017180268705177103
171.8028588544581
0.00017180268705177103
0.00017180268705177103
0.00017180268705177103
0.00017180268705177103
0.00017180268705177103
0.00017180268705177103
0.00017180268705177103
0.00017180268705177103
0.00017180268705177103
0.00017180268705177103
0.00017180268705177103
0.00017180268705177103
0.00017180268705177103
0.00017180268705177103
0.00017180268705177103
0.00017180268705177103
0.00017180268705177103
1546.2243552686261
0.00017180268705177103
0.00017180268705177103
0.00017180268705177103
0.00017180268705177103
0.00017180268705177103
0.00017180268705177103
0.00017180268705177103
0.00017180268705177103
0.00017180268705177103
1546225901.4929817
0.00017180268705177103
0.00017180268705177103
0.00017180268705177103
0.00017180268705177103
0.00017180268705177103
0.00017180268705177103
0.00017180268705177103
0.00017180268705177103
0.00017180268705177103
0.00017180268705177103
0.00017180268705177103
0.00017180268705177103
0.00017180268705177103
0.00017180268705177103
0.00017180268705177103
0.00017180268705177103
0.00017180268705177103
0.00017180268705177103
0.00017180268705177103
0.00017180268705177103
171.8028588544581
0.00017180268705177103
1546.2243552686261
0.00017180268705177103
0.00017180268705177103
0.00017180268705177103
0.00017180268705177103
0.00017180268705177103
0.00017180268705177103
2748.843164631024
0.00017180268705177103
0.00017180268705177103
0.00017180268705177103
0.00017180268705177103
0.00017180268705177103
0.00017180268705177103
0.00017180268705177103
0.00017180268705177103
0.00017180268705177103
0.00017180268705177103
0.00017180268705177103
0.00017180268705177103
0.00017180268705177103
0.00017180268705177103
0.00017180268705177103
0.00017180268705177103
0.00017180268705177103
0.00017180268705177103
0.00017180268705177103
0.00017180268705177103
0.00017180268705177103
0.00017180268705177103
0.00017180268705177103
0.00017180268705177103
0.00017180268705177103
0.00017180268705177103
0.00017180268705177103
0.00017180268705177103
0.00017180268705177103
0.00017180268705177103
0.00017180268705177103
0.00017180268705177103
0.00017180268705177103
0.00017180268705177103
0.00017180268705177103
0.00017180268705177103
0.00017180268705177103
0.00017180268705177103
0.00017180268705177103
0.00017180268705177103
0.00017180268705177103
0.00017180268705177103
0.00017180268705177103
0.00017180268705177103
0.00017180268705177103
0.00017180268705177103
0.00017180268705177103
0.00017180268705177103
0.00017180268705177103
1546.2243552686261
0.00017180268705177103
0.00017180268705177103
0.00017180268705177103
0.00017180268705177103
0.00017180268705177103
0.00017180268705177103
0.00017180268705177103
0.00017180268705177103
0.00017180268705177103
1546.2243552686261
0.00017180268705177103
0.00017180268705177103
0.00017180268705177103
0.00017180268705177103
0.00017180268705177103
0.00017180268705177103
4295.0673480969635
1546.2243552686261
0.00017180268705177103
0.00017180268705177103
0.00017180268705177103
0.00017180268705177103
0.00017180268705177103
0.00017180268705177103
0.00017180268705177103
0.00017180268705177103
0.00017180268705177103
0.00017180268705177103
171.8028588544581
0.00017180268705177103
0.00017180268705177103
0.00017180268705177103
0.00017180268705177103
0.00017180268705177103
0.00017180268705177103
0.00017180268705177103
0.00017180268705177103
0.00017180268705177103
0.00017180268705177103
0.00017180268705177103
0.00017180268705177103
0.00017180268705177103
0.00017180268705177103
0.00017180268705177103
171.8028588544581
0.00017180268705177103
0.00017180268705177103
687.2109200097713
0.00017180268705177103
0.00017180268705177103
0.00017180268705177103
0.00017180268705177103
0.00017180268705177103
0.00017180268705177103
0.00017180268705177103
0.00017180268705177103
0.00017180268705177103
0.00017180268705177103
0.00017180268705177103
0.00017180268705177103
0.00017180268705177103
0.00017180268705177103
0.00017180268705177103
0.00017180268705177103
0.00017180268705177103
1546.2243552686261
0.00017180268705177103
1546.2243552686261
0.00017180268705177103
0.00017180268705177103
171.8028588544581
0.00017180268705177103
0.00017180268705177103
0.00017180268705177103
0.00017180268705177103
0.00017180268705177103
0.00017180268705177103
0.00017180268705177103
0.00017180268705177103
0.00017180268705177103
0.00017180268705177103
0.00017180268705177103
0.00017180268705177103
171.8028588544581
0.00017180268705177103
0.00017180268705177103
0.00017180268705177103
0.00017180268705177103
0.00017180268705177103
0.00017180268705177103
0.00017180268705177103
0.00017180268705177103
0.00017180268705177103
1546.2243552686261
0.00017180268705177103
171.8028588544581
0.00017180268705177103
0.00017180268705177103
1546.2243552686261
0.00017180268705177103
0.00017180268705177103
0.00017180268705177103
1546.2243552686261
0.00017180268705177103
0.00017180268705177103
0.00017180268705177103
0.00017180268705177103
0.00017180268705177103
0.00017180268705177103
0.00017180268705177103
0.00017180268705177103
0.00017180268705177103
0.00017180268705177103
1546.2243552686261
0.00017180268705177103
1546.2243552686261
0.00017180268705177103
0.00017180268705177103
0.00017180268705177103
0.00017180268705177103
0.00017180268705177103
0.00017180268705177103
0.00017180268705177103
0.00017180268705177103
0.00017180268705177103
171.8028588544581
0.00017180268705177103
0.00017180268705177103
0.00017180268705177103
0.00017180268705177103
24739.58710725772
0.00017180268705177103
0.00017180268705177103
0.00017180268705177103
0.00017180268705177103
0.00017180268705177103
0.00017180268705177103
0.00017180268705177103
0.00017180268705177103
0.00017180268705177103
0.00017180268705177103
0.00017180268705177103
0.00017180268705177103
0.00017180268705177103
687.2109200097713
0.00017180268705177103
0.00017180268705177103
0.00017180268705177103
0.00017180268705177103
0.00017180268705177103
0.00017180268705177103
0.00017180268705177103
171.8028588544581
0.00017180268705177103
0.00017180268705177103
0.00017180268705177103
0.00017180268705177103
0.00017180268705177103
0.00017180268705177103
0.00017180268705177103
0.00017180268705177103
171.8028588544581
0.00017180268705177103
0.00017180268705177103
0.00017180268705177103
1546.2243552686261
0.00017180268705177103
0.00017180268705177103
0.00017180268705177103
0.00017180268705177103
0.00017180268705177103
0.00017180268705177103
0.00017180268705177103
0.00017180268705177103
0.00017180268705177103
0.00017180268705177103
1546.2243552686261
1546.2243552686261
0.00017180268705177103
0.00017180268705177103
0.00017180268705177103
0.00017180268705177103
0.00017180268705177103
0.00017180268705177103
0.00017180268705177103
0.00017180268705177103
0.00017180268705177103
0.00017180268705177103
0.00017180268705177103
171.8028588544581
0.00017180268705177103
0.00017180268705177103
0.00017180268705177103
0.00017180268705177103
0.00017180268705177103
0.00017180268705177103
0.00017180268705177103
0.00017180268705177103
0.00017180268705177103
1546.2243552686261
0.00017180268705177103
0.00017180268705177103
0.00017180268705177103
1546.2243552686261
0.00017180268705177103
0.00017180268705177103
0.00017180268705177103
0.00017180268705177103
0.00017180268705177103
0.00017180268705177103
0.00017180268705177103
0.00017180268705177103
0.00017180268705177103
0.00017180268705177103
1546.2243552686261
1546.2243552686261
0.00017180268705177103
0.00017180268705177103
0.00017180268705177103
0.00017180268705177103
0.00017180268705177103
0.00017180268705177103
0.00017180268705177103
0.00017180268705177103
0.00017180268705177103
0.00017180268705177103
171.8028588544581
0.00017180268705177103
0.00017180268705177103
0.00017180268705177103
0.00017180268705177103
0.00017180268705177103
0.00017180268705177103
0.00017180268705177103
0.00017180268705177103
0.00017180268705177103
0.00017180268705177103
0.00017180268705177103
0.00017180268705177103
687.2109200097713
0.00017180268705177103
0.00017180268705177103
0.00017180268705177103
1546.2243552686261
0.00017180268705177103
0.00017180268705177103
0.00017180268705177103
0.00017180268705177103
0.00017180268705177103
0.00017180268705177103
0.00017180268705177103
0.00017180268705177103
0.00017180268705177103
0.00017180268705177103
0.00017180268705177103
0.00017180268705177103
0.00017180268705177103
1546.2243552686261
0.00017180268705177103
0.00017180268705177103
0.00017180268705177103
0.00017180268705177103
0.00017180268705177103
0.00017180268705177103
0.00017180268705177103
0.00017180268705177103
0.00017180268705177103
0.00017180268705177103
0.00017180268705177103
0.00017180268705177103
0.00017180268705177103
0.00017180268705177103
0.00017180268705177103
0.00017180268705177103
0.00017180268705177103
0.00017180268705177103
0.00017180268705177103
0.00017180268705177103
0.00017180268705177103
0.00017180268705177103
0.00017180268705177103
0.00017180268705177103
0.00017180268705177103
0.00017180268705177103
0.00017180268705177103
1546.2243552686261
0.00017180268705177103
0.00017180268705177103
0.00017180268705177103
0.00017180268705177103
0.00017180268705177103
0.00017180268705177103
0.00017180268705177103
0.00017180268705177103
0.00017180268705177103
0.00017180268705177103
0.00017180268705177103
0.00017180268705177103
0.00017180268705177103
0.00017180268705177103
0.00017180268705177103
0.00017180268705177103
0.00017180268705177103
0.00017180268705177103
0.00017180268705177103
0.00017180268705177103
0.00017180268705177103
0.00017180268705177103
0.00017180268705177103
0.00017180268705177103
0.00017180268705177103
0.00017180268705177103
0.00017180268705177103
0.00017180268705177103
0.00017180268705177103
0.00017180268705177103
0.00017180268705177103
0.00017180268705177103
0.00017180268705177103
0.00017180268705177103
0.00017180268705177103
0.00017180268705177103
1546.2243552686261
0.00017180268705177103
0.00017180268705177103
1546.2243552686261
0.00017180268705177103
0.00017180268705177103
0.00017180268705177103
0.00017180268705177103
0.00017180268705177103
0.00017180268705177103
0.00017180268705177103
0.00017180268705177103
0.00017180268705177103
0.00017180268705177103
0.00017180268705177103
0.00017180268705177103
0.00017180268705177103
0.00017180268705177103
0.00017180268705177103
1546.2243552686261
0.00017180268705177103
0.00017180268705177103
0.00017180268705177103
0.00017180268705177103
0.00017180268705177103
0.00017180268705177103
0.00017180268705177103
0.00017180268705177103
0.00017180268705177103
0.00017180268705177103
0.00017180268705177103
0.00017180268705177103
0.00017180268705177103
1546.2243552686264
0.00017180268705177103
0.00017180268705177103
0.00017180268705177103
171.8028588544581
0.00017180268705177103
0.00017180268705177103
0.00017180268705177103
0.00017180268705177103
0.00017180268705177103
0.00017180268705177103
0.00017180268705177103
0.00017180268705177103
0.00017180268705177103
0.00017180268705177103
1546.2243552686261
0.00017180268705177103
0.00017180268705177103
0.00017180268705177103
0.00017180268705177103
1546.2243552686261
0.00017180268705177103
0.00017180268705177103
0.00017180268705177103
0.00017180268705177103
0.00017180268705177103
0.00017180268705177103
0.00017180268705177103
0.00017180268705177103
0.00017180268705177103
171.8028588544581
0.00017180268705177103
0.00017180268705177103
171.8028588544581
0.00017180268705177103
0.00017180268705177103
171.8028588544581
0.00017180268705177103
0.00017180268705177103
0.00017180268705177103
0.00017180268705177103
0.00017180268705177103
0.00017180268705177103
0.00017180268705177103
0.00017180268705177103
0.00017180268705177103
0.00017180268705177103
171.8028588544581
0.00017180268705177103
0.00017180268705177103
0.00017180268705177103
0.00017180268705177103
0.00017180268705177103
0.00017180268705177103
0.00017180268705177103
0.00017180268705177103
0.00017180268705177103
0.00017180268705177103
0.00017180268705177103
0.00017180268705177103
1546.2243552686261
0.00017180268705177103
0.00017180268705177103
0.00017180268705177103
1546.2243552686261
1546.2243552686261
1546.2243552686261
0.00017180268705177103
0.00017180268705177103
0.00017180268705177103
171.8028588544581
0.00017180268705177103
0.00017180268705177103
0.00017180268705177103
171.8028588544581
0.00017180268705177103
0.00017180268705177103
0.00017180268705177103
0.00017180268705177103
0.00017180268705177103
0.00017180268705177103
0.00017180268705177103
0.00017180268705177103
0.00017180268705177103
0.00017180268705177103
0.00017180268705177103
0.00017180268705177103
0.00017180268705177103
0.00017180268705177103
0.00017180268705177103
0.00017180268705177103
0.00017180268705177103
171.8028588544581
0.00017180268705177103
0.00017180268705177103
0.00017180268705177103
0.00017180268705177103
0.00017180268705177103
0.00017180268705177103
0.00017180268705177103
0.00017180268705177103
0.00017180268705177103
0.00017180268705177103
0.00017180268705177103
1546.2243552686264
0.00017180268705177103
0.00017180268705177103
0.00017180268705177103
0.00017180268705177103
0.00017180268705177103
0.00017180268705177103
0.00017180268705177103
0.00017180268705177103
0.00017180268705177103
0.00017180268705177103
0.00017180268705177103
0.00017180268705177103
0.00017180268705177103
0.00017180268705177103
0.00017180268705177103
0.00017180268705177103
1546.2243552686261
0.00017180268705177103
0.00017180268705177103
0.00017180268705177103
0.00017180268705177103
0.00017180268705177103
0.00017180268705177103
0.00017180268705177103
171.8028588544581
0.00017180268705177103
0.00017180268705177103
0.00017180268705177103
0.00017180268705177103
0.00017180268705177103
0.00017180268705177103
0.00017180268705177103
0.00017180268705177103
0.00017180268705177103
0.00017180268705177103
0.00017180268705177103
0.00017180268705177103
0.00017180268705177103
0.00017180268705177103
0.00017180268705177103
0.00017180268705177103
0.00017180268705177103
0.00017180268705177103
1546.2243552686261
1546.2243552686261
0.00017180268705177103
0.00017180268705177103
1546.2243552686261
0.00017180268705177103
0.00017180268705177103
0.00017180268705177103
0.00017180268705177103
0.00017180268705177103
0.00017180268705177103
0.00017180268705177103
0.00017180268705177103
0.00017180268705177103
0.00017180268705177103
0.00017180268705177103
0.00017180268705177103
1546.2243552686261
0.00017180268705177103
0.00017180268705177103
0.00017180268705177103
0.00017180268705177103
0.00017180268705177103
0.00017180268705177103
0.00017180268705177103
0.00017180268705177103
0.00017180268705177103
1546.2243552686261
0.00017180268705177103
171.8028588544581
0.00017180268705177103
0.00017180268705177103
0.00017180268705177103
0.00017180268705177103
0.00017180268705177103
0.00017180268705177103
0.00017180268705177103
0.00017180268705177103
0.00017180268705177103
0.00017180268705177103
0.00017180268705177103
0.00017180268705177103
0.00017180268705177103
0.00017180268705177103
0.00017180268705177103
0.00017180268705177103
0.00017180268705177103
0.00017180268705177103
0.00017180268705177103
0.00017180268705177103
0.00017180268705177103
0.00017180268705177103
0.00017180268705177103
0.00017180268705177103
0.00017180268705177103
0.00017180268705177103
0.00017180268705177103
0.00017180268705177103
0.00017180268705177103
0.00017180268705177103
0.00017180268705177103
0.00017180268705177103
0.00017180268705177103
0.00017180268705177103
0.00017180268705177103
0.00017180268705177103
0.00017180268705177103
0.00017180268705177103
0.00017180268705177103
0.00017180268705177103
1546.2243552686261
0.00017180268705177103
0.00017180268705177103
0.00017180268705177103
0.00017180268705177103
1546.2243552686261
0.00017180268705177103
0.00017180268705177103
0.00017180268705177103
0.00017180268705177103
0.00017180268705177103
0.00017180268705177103
0.00017180268705177103
0.00017180268705177103
1546.2243552686261
0.00017180268705177103
0.00017180268705177103
0.00017180268705177103
171.8028588544581
0.00017180268705177103
0.00017180268705177103
0.00017180268705177103
0.00017180268705177103
0.00017180268705177103
0.00017180268705177103
0.00017180268705177103
0.00017180268705177103
0.00017180268705177103
0.38664065402818704
0.28224996625268545
0.4630351251949354
0.8244556693955313
0.5029866263529286
1.7681858024939732
0.5085035408998154
2.7367949247692893
1.1319013694317759
2.441299804067954
1.8110421881931737e-09
3.9873034089928825
0.6358555558677649
0.769591764003568
0.36090499331282255
1.7180270649552836
0.8692246677481683
0.09121170178420722
0.24464607878241518
8.97581485531913
0.5249394614984559
0.23075937536482094
0.6866206769316419
6.473811320366339
2.0143203475319846
1.0287222757054417
16.022763055063123
0.1060469684829389
0.23278623933348433
0.8652706603439142
0.9153535503115161
0.6268194842192107
0.9288641212043333
0.8059800518769469
1.0759343519869122
4.852841086621488
2.121021074275315
0.9946045336246646
0.4759077864592438
3.989251060629917
1.4198570897306442
0.3682328382446634
0.013454685405448325
0.13256383119483908
0.014198584953891489
1.4198570755320732e-08
1.2183239185250616
1.3375643376654869
0.8418332772616135
2.4252122199618924
3.8109246916033426
2.3526626997054407
0.12895683924792858
0.01825941948577275
2.3033936415072302
1.8641786690417446e-08
54.35945001581308
0.082986474623514
4.114889102773169
3.3308969098683834
4.660668591683421
2.3229138201511286e-08
26.813895939211235
0.1047418070957022
2.5550670412871295
1.807260579326634
1.3488756245088602
0.1073767181804077
1546225901.4929817
5.026775884533615
2.8238446393137395
0.11897697305286019
1.537314238958886
4.517821376113724
0.2823638654200071
0.03137379071223131
0.7843440148355586
3.506177676266586e-08
1.623906784824313
0.5944730687698939
2.5241903959007312
0.15308776929149706
0.036085460604842495
1.9325832811053583
0.17877497303503542
0.4295068130621137
4.066336239915747e-08
44.32501165412427
0.19741769501425013
2.9549511863734805
1.1173433468268779
4.469373208532583e-08
0.17877497303503542
0.4295068130621137
0.45963868222956644
0.5111486039717481
0.47590782610601834
2.7829199247604826
5.795926434225885
1.3696007095581921
5.287864146970854e-08
0.9087085851097768
5.4784026190966626e-08
4.60033698139147
8.484084312468468
3.7707041716066816
0.2642103023211009
1.0568410111267263
0.06605262511969452
0.2642103023211009
1.0995373879743486
0.2642103023211009
1.7180271300543106
6.872108245332911e-08
1.78886623287293
4.066336352679419
0.28621865736557184
1.78886623287293
3.5061777477384823
1.193074422710711
0.07777405067226033
14.717186112115101
2.79986310211232
0.07456722132611951
0.3549643576069729
0.7150998920781316
1.4866649377462722
0.07777405067226033
2.0298052103502524
8.119220516632189e-08
2.4348457058141326
0.09739392173063666
0.08484092737493226
1.0737669133064232e-07
1.1295378443682318e-07
0.08484092737493226
0.08874115595754364
0.08874115595754364
1.5583012867828216
0.4088108247002478
9.149256652336463
0.10220278282707243
4.066336352679419
9.291655280185744e-08
9.739382433681232e-08
0.09739392173063666
6.872108435681826
0.9198242278222067
9.739382433681232e-08
1.1294554616112762
0.14024724728822985
0.11295389739060763
0.11897706227870149
1.1897694330175817e-07
1.1295378443682318e-07
1.1295378443682318e-07
1.1294554616112762
22.13894186257113
0.11295389739060763
0.13256394901924018
0.11897706227870149
3.137376059151257
21.63176650619683
62.93880312560703
1.2549503734624878e-07
1.2549503734624878e-07
282.0315909798995
1.1930744806626299
1.5776189726669362e-07
1.3256381645542372e-07
4.194402172715453
1.402471070411228e-07
1.402471070411228e-07
1.486182578931188e-07
0.1486184065113767
1.402471070411228e-07
0.15776205502859092
0.17877510710072916
1.787749283258008e-07
1.41985723316214
8.759971666739169
0.7635677736463324
6.039939054888776
0.17877510710072916
2.1210212988143526
1.6777608019757486e-07
3.054270521909643
0.20428404033408606
0.1677762479736551
8.759971666739169
0.8171355484848362
0.1677762479736551
1.787749283258008e-07
19.089189759752813
0.17877510710072916
1.787749283258008e-07
1.787749283258008e-07
1.6089745337071357
0.19089208658050486
0.8765446380984007
0.20428404033408606
1.9722251618012705
6.872108435681826
1.718027252089378
2.4739592428743165
4.066336493500336
2.0428383605025e-07
0.8171355484848362
3.268541581087837
0.20428404033408606
0.21913632387667872
2.0428383605025e-07
2.0428383605025e-07
2.3566900701614955e-07
0.20428404033408606
0.25414626910565996
14.024711091426099
0.23566924268515657
1.9722251618012705
3.506177894985289
0.23566924268515657
0.8171355484848362
2.54146014959645e-07
0.20428404033408606
2.0428383605025e-07
1.9722251618012705
0.9426762637336052
2.1913610474057397e-07
5.478402837650455
3.506177894985289
19.089189865803867
2.1913610474057397e-07
0.23566924268515657
0.25414626910565996
1.193074646239542
0.23566924268515657
2.54146014959645e-07
2.3566900701614955e-07
14.024711091426099
2.3566900701614955e-07
2.54146014959645e-07
30.75166806426306
0.9426762637336052
6.87210851930096
13.469332433940925
1.0995375939909906
1.2990756072253276
2.54146014959645e-07
2.9826858699273875e-07
1.0995375939909906
2.7488432977666517e-07
2.7488432977666517e-07
0.2982688852613257
1.4198574301834257
1.0995375939909906
0.274884604660995
2.7488432977666517e-07
1.2990756072253276
2.9826858699273875e-07
3.865561316604564
1.0995375939909906
8.11922084012199
0.3247691453829473
0.2982688852613257
0.354964623769058
42.95068697464009
2.9826858699273875e-07
0.2982688852613257
2.9826858699273875e-07
1.193074646239542
1.4198574301834257
3.247688206141267e-07
3.247688206141267e-07
1.2990756072253276
0.3895756868489307
0.47590824900494716
3.549642688047892e-07
128.1421013934932
1.5583015786698309
24739591230.52238
0.3895756868489307
3.549642688047892e-07
0.354964623769058
0.354964623769058
5.679428655840897
3.8957529727363337e-07
3.8957529727363337e-07
4.2950676523308875e-07
3.8957529727363337e-07
1.0165840593373057e-06
4.2950676523308875e-07
3.8957529727363337e-07
1.5583015786698309
4.2950676523308875e-07
4.7590777309717405e-07
4.2950676523308875e-07
4.2950676523308875e-07
4.2950676523308875e-07
4.2950676523308875e-07
4.2950676523308875e-07
0.429507194739854
0.429507194739854
4.283170433782339
0.47590824900494716
0.429507194739854
10.737669560333986
4.2950676523308875e-07
4.2950676523308875e-07
1.9036315682964693
5.944730314010585e-07
4.7590777309717405e-07
4.7590777309717405e-07
4.283170433782339
4.7590777309717405e-07
4.7590777309717405e-07
2.3778927200772655
1.7180270595006656e-06
2.1210215929965157
5.302552656853124e-07
13.256382172388077
19.089190094926515
4.7590777309717405e-07
4.7590777309717405e-07
1.1930743472805183e-06
4.7590777309717405e-07
0.47590824900494716
4.7590777309717405e-07
10.73766980025378
4.772297921423077
2.3778927200772655
2.1210215929965157
6.711043205718411e-07
8.765444185896155e-07
0.5302557959405781
7.635675824716338e-07
0.6711049916761618
0.8765452951340341
6.711043205718411e-07
5.944730314010585e-07
5.302552656853124e-07
0.6711049916761618
5.302552656853124e-07
8.484084781220266
24.159756211690603
0.5302557959405781
5.302552656853124e-07
5.302552656853124e-07
5.944730314010585e-07
5.944730314010585e-07
5.944730314010585e-07
0.5944736258740899
5.350257877082558
0.7635683460392163
5.944730314010585e-07
3.0542710934541177
0.5944736258740899
21.40102972491114
5.944730314010585e-07
5.944730314010585e-07
1.7180270595006656e-06
2.3778927200772655
5.944730314010585e-07
8.765444185896155e-07
6.711043205718411e-07
14.861826379499496
0.5944736258740899
6.711043205718411e-07
6.711043205718411e-07
1.1930743472805183e-06
0.6711049916761618
0.6711049916761618
0.6711049916761618
6.711043205718411e-07
0.6711049916761618
0.6711049916761618
6.711043205718411e-07
3.0542710934541177
3.506178550902881
6.711043205718411e-07
6.711043205718411e-07
6.711043205718411e-07
19.08919428459774
6.711043205718411e-07
6.711043205718411e-07
3.0542710934541177
0.7635683460392163
6.711043205718411e-07
0.7635683460392163
1.0165850759213653
0.8765452951340341
7.635675824716338e-07
1.0165840593373057e-06
6.872109005812287
0.7635683460392163
7.635675824716338e-07
8.765444185896155e-07
7.635675824716338e-07
8.765444185896155e-07
0.7635683460392163
7.635675824716338e-07
3.0542710934541177
1.0165840593373057e-06
0.7635683460392163
7.635675824716338e-07
0.8765452951340341
8.765444185896155e-07
3.506178550902881
7.635675824716338e-07
7.635675824716338e-07
14.02471157397827
0.7635683460392163
3.506178550902881
0.8765452951340341
8.765444185896155e-07
8.765444185896155e-07
0.8765452951340341
8.765444185896155e-07
8.765444185896155e-07
4.066337253933283
0.8765452951340341
8.765444185896155e-07
1.0165840593373057e-06
8.765444185896155e-07
8.765444185896155e-07
65.06138081417164
0.8765452951340341
0.8765452951340341
1.1930743472805183e-06
1.1930755403548656
8.765444185896155e-07
1.4198584940983683
8.765444185896155e-07
1.0165840593373057e-06
1.1930755403548656
1.419857074241294e-06
4.066337253933283
1.1930755403548656
1.0165850759213653
1.7180270595006656e-06
1.0165840593373057e-06
9.149257550619811
1.0165840593373057e-06
1.0165840593373057e-06
1.0165840593373057e-06
1.0165840593373057e-06
1.0165840593373057e-06
4.066337253933283
9.149257550619811
4.066337253933283
4.066337253933283
1.0165840593373057e-06
5.67942971682225
12.778715088028719
1.0165840593373057e-06
1.0165840593373057e-06
69.57299805768048
2.6844172787920295e-06
1.1930743472805183e-06
1.1930743472805183e-06
1.1930743472805183e-06
10.737670318599012
1.1930743472805183e-06
4.772298582196421
2.1210210605591293e-06
19.089190749562643
1.1930743472805183e-06
1.1930743472805183e-06
1.1930743472805183e-06
1.1930743472805183e-06
1.1930743472805183e-06
4.772298582196421
1.1930743472805183e-06
1.419857074241294e-06
1.1930743472805183e-06
1.1930743472805183e-06
1.1930743472805183e-06
19.089190749562643
1.1930743472805183e-06
2.1210231815801897
144.36199721401707
1.1930743472805183e-06
1.1930743472805183e-06
1546.2243552686261
4.772298582196421
1.1930743472805183e-06
1.1930755403548656
3.506181174573243
1.1930743472805183e-06
1.1930743472805183e-06
2.1210210605591293e-06
1.419857074241294e-06
1.419857074241294e-06
5.67942971682225
1161.3862939404771
6.872109956029723
1.4198584940983683
51.114856092543654
1.419857074241294e-06
1.419857074241294e-06
1.7180287775277252
61.84897586005103
1.419857074241294e-06
5.67942971682225
1.419857074241294e-06
1.419857074241294e-06
8.484086363257578
1.419857074241294e-06
1.419857074241294e-06
1.4198584940983683
1.4198584940983683
1.419857074241294e-06
1.419857074241294e-06
1.419857074241294e-06
1.419857074241294e-06
1.4198584940983683
35.49642827588942
1.7180270595006656e-06
1.4198584940983683
1.419857074241294e-06
1.4198584940983683
1.419857074241294e-06
5.67942971682225
1.419857074241294e-06
1.7180270595006656e-06
1.419857074241294e-06
5.67942971682225
1.419857074241294e-06
1.419857074241294e-06
15.46224525353305
1.7180270595006656e-06
1.7180287775277252
1.7180270595006656e-06
2.1210210605591293e-06
1.7180270595006656e-06
1.7180270595006656e-06
1.7180270595006656e-06
1.7180270595006656e-06
1.7180270595006656e-06
1.7180270595006656e-06
0.00017180268705177103
2.1210210605591293e-06
1.7180270595006656e-06
6.872109956029723
1.7180270595006656e-06
1.7180270595006656e-06
1.7180270595006656e-06
1.7180287775277252
1.7180270595006656e-06
2.1210210605591293e-06
1.7180270595006656e-06
2.6844172787920295e-06
1.7180270595006656e-06
1.7180270595006656e-06
1.7180270595006656e-06
42.9506782055437
1.7180270595006656e-06
1.7180287775277252
1.7180270595006656e-06
2.1210210605591293e-06
1.7180270595006656e-06
1.7180270595006656e-06
6.872109956029723
1.7180270595006656e-06
1.7180287775277252
6.872109956029723
24.159758193545542
1.7180270595006656e-06
1.7180270595006656e-06
1.7180287775277252
1.7180287775277252
1.7180270595006656e-06
1.7180270595006656e-06
1.7180270595006656e-06
1.7180270595006656e-06
1.7180287775277252
2.1210210605591293e-06
171.80270802631054
2.1210210605591293e-06
8.484086363257578
1.0737669059242757e-05
2.1210210605591293e-06
2.6844172787920295e-06
8.484086363257578
2.1210210605591293e-06
2.1210210605591293e-06
3.506177668395575e-06
2.1210210605591293e-06
3.506181174573243
2.1210231815801897
2.1210231815801897
19.08919166605322
2.1210210605591293e-06
2.1210210605591293e-06
2.1210210605591293e-06
2.6844172787920295e-06
14.024714179759968
2.1210210605591293e-06
2.1210210605591293e-06
2.6844172787920295e-06
2.1210210605591293e-06
2.6844172787920295e-06
2.6844172787920295e-06
19.08919166605322
2.1210210605591293e-06
2.1210210605591293e-06
2.1210210605591293e-06
2.1210210605591293e-06
2.1210210605591293e-06
2.6844172787920295e-06
2.1210231815801897
2.1210231815801897
2.1210231815801897
2.1210210605591293e-06
2.1210210605591293e-06
76.3567603011497
2.1210210605591293e-06
2.1210210605591293e-06
8.484086363257578
2.6844199632093084
2.1210210605591293e-06
2.1210210605591293e-06
42.95067914508976
2.6844199632093084
2.6844172787920295e-06
171.80270852710717
2.6844172787920295e-06
4.772297378075089e-06
2.6844172787920295e-06
2.6844172787920295e-06
2.6844172787920295e-06
2.6844172787920295e-06
2.6844172787920295e-06
2.6844199632093084
14.024714179759968
56.09884620050688
2.6844172787920295e-06
2.6844172787920295e-06
2.6844172787920295e-06
2.6844172787920295e-06
2.6844199632093084
2.6844172787920295e-06
2.6844172787920295e-06
2.6844172787920295e-06
2.6844172787920295e-06
1546.2243552686261
3.506177668395575e-06
31.555602521737843
2.6844199632093084
2.6844199632093084
2.6844172787920295e-06
24.159758193545542
2.6844172787920295e-06
2.6844172787920295e-06
3.506177668395575e-06
2.6844172787920295e-06
2.6844172787920295e-06
2.6844172787920295e-06
2.6844199632093084
2.6844172787920295e-06
2.6844172787920295e-06
2.6844199632093084
2.6844172787920295e-06
2.6844172787920295e-06
2.6844172787920295e-06
504.88958775514055
171.8028588544581
2.6844199632093084
14.024714179759968
2.6844172787920295e-06
42.95067914508976
2.6844172787920295e-06
2.6844172787920295e-06
2.6844172787920295e-06
3.506177668395575e-06
2.6844199632093084
1546.2243552686261
2.6844172787920295e-06
67.11043465421803
3.506177668395575e-06
2.6844199632093084
4.29506753421653e-05
3.506177668395575e-06
3.506177668395575e-06
3.506177668395575e-06
3.506177668395575e-06
3.506177668395575e-06
3.506181174573243
3.506177668395575e-06
3.506177668395575e-06
6.872108215095636e-06
3.506177668395575e-06
3.506177668395575e-06
3.506181174573243
3.506181174573243
6.872108215095636e-06
3.506177668395575e-06
3.506181174573243
3.506177668395575e-06
3.506177668395575e-06
3.506177668395575e-06
3.506177668395575e-06
3.506177668395575e-06
3.506177668395575e-06
3.506177668395575e-06
6.872115087203851
76.35676282149882
4.772302150372468
31.555602521737843
4.772302150372468
3.506177668395575e-06
4.772302150372468
4.772297378075089e-06
1.9089189335548606e-05
3.506177668395575e-06
3.506177668395575e-06
3.506181174573243
3.506177668395575e-06
3.506177668395575e-06
4.772302150372468
3.506177668395575e-06
3.506177668395575e-06
3.506177668395575e-06
3.506177668395575e-06
3.506177668395575e-06
4.29506753421653e-05
3.506177668395575e-06
3.506181174573243
3.506177668395575e-06
27.48843973249076
3.506177668395575e-06
3.506181174573243
14.024714179759968
3.506177668395575e-06
3.506177668395575e-06
4.772297378075089e-06
42.95068697464009
3.506177668395575e-06
3.506177668395575e-06
3.506177668395575e-06
3.506177668395575e-06
3.506181174573243
3.506177668395575e-06
3.506181174573243
3.506177668395575e-06
14.024714179759968
4.772297378075089e-06
3.506177668395575e-06
4.772297378075089e-06
3.506177668395575e-06
3.506177668395575e-06
31.555602521737843
3.506177668395575e-06
3.506177668395575e-06
4.772297378075089e-06
3.506177668395575e-06
6.872108215095636e-06
4.772302150372468
4.772297378075089e-06
4.772297378075089e-06
4.772297378075089e-06
4.772297378075089e-06
6.872108215095636e-06
1.9089189335548606e-05
4.772297378075089e-06
4.772297378075089e-06
6.872115087203851
119.30743922417463
6.872108215095636e-06
4.772297378075089e-06
6.872108215095636e-06
4.772297378075089e-06
4.772297378075089e-06
4.772297378075089e-06
4.772297378075089e-06
4.772297378075089e-06
4.772297378075089e-06
6.872108215095636e-06
4.772302150372468
4.772297378075089e-06
109.95373831363841
4.772302150372468
4.772297378075089e-06
4.772297378075089e-06
4.772297378075089e-06
6.872108215095636e-06
4.772297378075089e-06
4.772297378075089e-06
4.772297378075089e-06
1.9089189335548606e-05
1.9089189335548606e-05
4.772297378075089e-06
4.772297378075089e-06
4.772302150372468
4.772297378075089e-06
4.772297378075089e-06
4.772297378075089e-06
19.08919428459774
4.772297378075089e-06
4.772297378075089e-06
4.772297378075089e-06
4.772297378075089e-06
4.772297378075089e-06
6.872108215095636e-06
4.772302150372468
6.872115087203851
19.08919428459774
4.29506753421653e-05
4.772302150372468
4.772297378075089e-06
4.772297378075089e-06
4.772297378075089e-06
4.772297378075089e-06
4.772297378075089e-06
4.772297378075089e-06
4.772297378075089e-06
4.772297378075089e-06
6.872115087203851
19.08919428459774
4.772297378075089e-06
4.772297378075089e-06
4.772297378075089e-06
4.772297378075089e-06
4.772302150372468
4.772297378075089e-06
556.6407722948547
19.08919428459774
4.772297378075089e-06
4.772297378075089e-06
4.772297378075089e-06
4.772297378075089e-06
4.772297378075089e-06
4.772297378075089e-06
4.772297378075089e-06
4.772297378075089e-06
4.772297378075089e-06
4.772297378075089e-06
6.872115087203851
6.872108215095636e-06
6.872108215095636e-06
6.872108215095636e-06
6.872108215095636e-06
6.872108215095636e-06
6.872108215095636e-06
6.872115087203851
6.872108215095636e-06
1.0737669059242757e-05
6.872108215095636e-06
6.872108215095636e-06
6.872108215095636e-06
6.872108215095636e-06
6.872108215095636e-06
6.872108215095636e-06
6.872108215095636e-06
6.872108215095636e-06
6.872108215095636e-06
6.872108215095636e-06
6.872108215095636e-06
6.872108215095636e-06
6.872108215095636e-06
1.9089189335548606e-05
6.872115087203851
1.0737669059242757e-05
1.0737669059242757e-05
6.872108215095636e-06
6.872108215095636e-06
6.872108215095636e-06
6.872108215095636e-06
6.872108215095636e-06
6.872108215095636e-06
6.872108215095636e-06
6.872108215095636e-06
6.872108215095636e-06
6.872108215095636e-06
6.872108215095636e-06
6.872108215095636e-06
6.872115087203851
6.872108215095636e-06
6.872108215095636e-06
1.9089189335548606e-05
1.0737669059242757e-05
6.872108215095636e-06
6.872108215095636e-06
6.872108215095636e-06
6.872108215095636e-06
6.872108215095636e-06
6.872108215095636e-06
6.872108215095636e-06
6.872115087203851
6.872108215095636e-06
6.872108215095636e-06
6.872108215095636e-06
6.872108215095636e-06
6.872108215095636e-06
6.872108215095636e-06
0.00017180268705177103
6.872108215095636e-06
6.872108215095636e-06
6.872108215095636e-06
6.872108215095636e-06
10.737679796911818
6.872108215095636e-06
6.872108215095636e-06
1546.2243552686261
6.872108215095636e-06
6.872108215095636e-06
6.872108215095636e-06
1.0737669059242757e-05
1.0737669059242757e-05
6.872108215095636e-06
439.814932638229
6.872108215095636e-06
6.872108215095636e-06
6.872108215095636e-06
6.872108215095636e-06
6.872108215095636e-06
6.872108215095636e-06
6.872108215095636e-06
6.872108215095636e-06
6.872108215095636e-06
4.29506753421653e-05
1.0737669059242757e-05
6.872108215095636e-06
6.872108215095636e-06
6.872108215095636e-06
1.0737669059242757e-05
6.872115087203851
6.872108215095636e-06
6.872108215095636e-06
6.872108215095636e-06
6.872108215095636e-06
6.872108215095636e-06
2480.831072521633
6.872108215095636e-06
6.872108215095636e-06
6.872108215095636e-06
4.29506753421653e-05
1.0737669059242757e-05
1.0737669059242757e-05
1.0737669059242757e-05
1.0737669059242757e-05
1.0737669059242757e-05
1.0737669059242757e-05
1.0737669059242757e-05
1.0737669059242757e-05
1.9089189335548606e-05
1.0737669059242757e-05
1.0737669059242757e-05
1.0737669059242757e-05
1.0737669059242757e-05
1.0737669059242757e-05
1.0737669059242757e-05
10.737679796911818
1.9089189335548606e-05
1.0737669059242757e-05
1.0737669059242757e-05
1.0737669059242757e-05
1.0737669059242757e-05
1.0737669059242757e-05
1.0737669059242757e-05
1.0737669059242757e-05
10.737679796911818
10.737679796911818
1.0737669059242757e-05
1.0737669059242757e-05
1.9089189335548606e-05
1.0737669059242757e-05
1.0737669059242757e-05
4.29506753421653e-05
1.0737669059242757e-05
42.95068697464009
10.737679796911818
1.0737669059242757e-05
1.0737669059242757e-05
1.0737669059242757e-05
1546.2243552686261
1.0737669059242757e-05
1.0737669059242757e-05
10.737679796911818
1.0737669059242757e-05
1.9089189335548606e-05
10.737679796911818
1.0737669059242757e-05
1.0737669059242757e-05
4.29506753421653e-05
1.0737669059242757e-05
1.0737669059242757e-05
1.9089189335548606e-05
42.95068697464009
1.0737669059242757e-05
1.0737669059242757e-05
1.0737669059242757e-05
1.0737669059242757e-05
1.0737669059242757e-05
1.0737669059242757e-05
1.0737669059242757e-05
1546.2243552686261
1.0737669059242757e-05
10.737679796911818
1.0737669059242757e-05
1.0737669059242757e-05
10.737679796911818
1.0737669059242757e-05
1.0737669059242757e-05
1.0737669059242757e-05
1.0737669059242757e-05
42.95068697464009
1.0737669059242757e-05
171.80271568555324
10.737679796911818
1.0737669059242757e-05
1.0737669059242757e-05
42.95068697464009
1.0737669059242757e-05
1.0737669059242757e-05
1.0737669059242757e-05
1.0737669059242757e-05
1546.2243552686261
1.0737669059242757e-05
1.0737669059242757e-05
1.0737669059242757e-05
1.0737669059242757e-05
1.0737669059242757e-05
1.9089189335548606e-05
1.0737669059242757e-05
1.0737669059242757e-05
1.0737669059242757e-05
10.737679796911818
10.737679796911818
1.9089189335548606e-05
1.0737669059242757e-05
1.0737669059242757e-05
1.0737669059242757e-05
1.9089189335548606e-05
1.0737669059242757e-05
1.0737669059242757e-05
1.0737669059242757e-05
1.0737669059242757e-05
10.737679796911818
1.9089189335548606e-05
1.0737669059242757e-05
1.0737669059242757e-05
1.0737669059242757e-05
1.0737669059242757e-05
1.0737669059242757e-05
1.0737669059242757e-05
1.0737669059242757e-05
1.0737669059242757e-05
1.0737669059242757e-05
1.0737669059242757e-05
4.29506753421653e-05
1.0737669059242757e-05
1.0737669059242757e-05
1.0737669059242757e-05
1.0737669059242757e-05
10.737679796911818
1.0737669059242757e-05
1.0737669059242757e-05
1.0737669059242757e-05
76.35677643138376
1.0737669059242757e-05
1.0737669059242757e-05
42.95068697464009
1.0737669059242757e-05
1.0737669059242757e-05
1.0737669059242757e-05
10.737679796911818
1.0737669059242757e-05
1.9089189335548606e-05
1.0737669059242757e-05
10.737679796911818
1.0737669059242757e-05
1.0737669059242757e-05
1.0737669059242757e-05
1.0737669059242757e-05
1.0737669059242757e-05
10.737679796911818
1.0737669059242757e-05
1.9089189335548606e-05
1.9089189335548606e-05
1.9089189335548606e-05
1.9089189335548606e-05
1.9089189335548606e-05
4.29506753421653e-05
1.9089189335548606e-05
1.9089189335548606e-05
1.9089189335548606e-05
1.9089189335548606e-05
1.9089189335548606e-05
76.35677643138376
1.9089189335548606e-05
19.089208424737944
1.9089189335548606e-05
4.29506753421653e-05
1.9089189335548606e-05
1.9089189335548606e-05
1.9089189335548606e-05
1.9089189335548606e-05
4.29506753421653e-05
1.9089189335548606e-05
1.9089189335548606e-05
1.9089189335548606e-05
1.9089189335548606e-05
1.9089189335548606e-05
1.9089189335548606e-05
4.29506753421653e-05
1.9089189335548606e-05
1.9089189335548606e-05
1.9089189335548606e-05
1.9089189335548606e-05
1.9089189335548606e-05
1546.2243552686261
1.9089189335548606e-05
1.9089189335548606e-05
1.9089189335548606e-05
1.9089189335548606e-05
1.9089189335548606e-05
1.9089189335548606e-05
1.9089189335548606e-05
1.9089189335548606e-05
1.9089189335548606e-05
1.9089189335548606e-05
1.9089189335548606e-05
1546.2243552686261
1.9089189335548606e-05
1.9089189335548606e-05
19.089208424737944
1.9089189335548606e-05
1.9089189335548606e-05
1.9089189335548606e-05
1.9089189335548606e-05
1.9089189335548606e-05
1.9089189335548606e-05
1.9089189335548606e-05
19.089208424737944
1.9089189335548606e-05
1.9089189335548606e-05
4.29506753421653e-05
19.089208424737944
1.9089189335548606e-05
1.9089189335548606e-05
1.9089189335548606e-05
1.9089189335548606e-05
1.9089189335548606e-05
1.9089189335548606e-05
1.9089189335548606e-05
1.9089189335548606e-05
0.00017180268705177103
1.9089189335548606e-05
1.9089189335548606e-05
1.9089189335548606e-05
1.9089189335548606e-05
1.9089189335548606e-05
4.29506753421653e-05
4.29506753421653e-05
4.29506753421653e-05
1.9089189335548606e-05
1.9089189335548606e-05
1.9089189335548606e-05
4.29506753421653e-05
1.9089189335548606e-05
1.9089189335548606e-05
1.9089189335548606e-05
1.9089189335548606e-05
1.9089189335548606e-05
1.9089189335548606e-05
42.95071829284065
4.29506753421653e-05
1.9089189335548606e-05
1.9089189335548606e-05
1.9089189335548606e-05
19.089208424737944
1.9089189335548606e-05
1.9089189335548606e-05
1.9089189335548606e-05
19.089208424737944
171.8028588544581
19.089208424737944
1.9089189335548606e-05
1546.2243552686261
1.9089189335548606e-05
1.9089189335548606e-05
4.29506753421653e-05
1.9089189335548606e-05
1.9089189335548606e-05
1.9089189335548606e-05
1.9089189335548606e-05
1546.2243552686261
1.9089189335548606e-05
1.9089189335548606e-05
1.9089189335548606e-05
1.9089189335548606e-05
1.9089189335548606e-05
4.29506753421653e-05
0.00017180268705177103
1.9089189335548606e-05
1.9089189335548606e-05
1.9089189335548606e-05
1.9089189335548606e-05
1.9089189335548606e-05
4.29506753421653e-05
305.4270484579671
1.9089189335548606e-05
1.9089189335548606e-05
1.9089189335548606e-05
1.9089189335548606e-05
1.9089189335548606e-05
1.9089189335548606e-05
1.9089189335548606e-05
1.9089189335548606e-05
1.9089189335548606e-05
4.29506753421653e-05
1.9089189335548606e-05
1.9089189335548606e-05
19.089208424737944
19.089208424737944
1.9089189335548606e-05
1.9089189335548606e-05
1.9089189335548606e-05
1.9089189335548606e-05
19.089208424737944
1.9089189335548606e-05
1546.2243552686261
19.089208424737944
1.9089189335548606e-05
1.9089189335548606e-05
4.29506753421653e-05
4.29506753421653e-05
1.9089189335548606e-05
1.9089189335548606e-05
1.9089189335548606e-05
1.9089189335548606e-05
1.9089189335548606e-05
1.9089189335548606e-05
1.9089189335548606e-05
4.29506753421653e-05
1.9089189335548606e-05
1.9089189335548606e-05
4.29506753421653e-05
1.9089189335548606e-05
1.9089189335548606e-05
19.089208424737944
1.9089189335548606e-05
4.29506753421653e-05
1.9089189335548606e-05
19.089208424737944
1.9089189335548606e-05
1.9089189335548606e-05
1.9089189335548606e-05
1.9089189335548606e-05
1.9089189335548606e-05
4.29506753421653e-05
1.9089189335548606e-05
1.9089189335548606e-05
1.9089189335548606e-05
1.9089189335548606e-05
1.9089189335548606e-05
1.9089189335548606e-05
1.9089189335548606e-05
1.9089189335548606e-05
4.29506753421653e-05
1.9089189335548606e-05
19.089208424737944
1.9089189335548606e-05
1.9089189335548606e-05
1.9089189335548606e-05
19.089208424737944
1.9089189335548606e-05
1546.2243552686261
4.29506753421653e-05
1.9089189335548606e-05
1.9089189335548606e-05
4.29506753421653e-05
42.95071829284065
1.9089189335548606e-05
76.35677643138376
1.9089189335548606e-05
1.9089189335548606e-05
1.9089189335548606e-05
1.9089189335548606e-05
1.9089189335548606e-05
1.9089189335548606e-05
1.9089189335548606e-05
1.9089189335548606e-05
1.9089189335548606e-05
19.089208424737944
1.9089189335548606e-05
1.9089189335548606e-05
1.9089189335548606e-05
1.9089189335548606e-05
0.00017180268705177103
1.9089189335548606e-05
1.9089189335548606e-05
1.9089189335548606e-05
1.9089189335548606e-05
1.9089189335548606e-05
1.9089189335548606e-05
1.9089189335548606e-05
1546.2243552686261
1546225901.4929817
1.9089189335548606e-05
1.9089189335548606e-05
1.9089189335548606e-05
1.9089189335548606e-05
1.9089189335548606e-05
42.95071829284065
1.9089189335548606e-05
19.089208424737944
19.089208424737944
19.089208424737944
1.9089189335548606e-05
1.9089189335548606e-05
1.9089189335548606e-05
42.95071829284065
1.9089189335548606e-05
19.089208424737944
1.9089189335548606e-05
4.29506753421653e-05
4.29506753421653e-05
4.29506753421653e-05
4.29506753421653e-05
0.00017180268705177103
4.29506753421653e-05
4.29506753421653e-05
4.29506753421653e-05
4.29506753421653e-05
4.29506753421653e-05
0.00017180268705177103
4.29506753421653e-05
4.29506753421653e-05
4.29506753421653e-05
4.29506753421653e-05
4.29506753421653e-05
4.29506753421653e-05
4.29506753421653e-05
4.29506753421653e-05
4.29506753421653e-05
4.29506753421653e-05
4.29506753421653e-05
4.29506753421653e-05
4.29506753421653e-05
4.29506753421653e-05
4.29506753421653e-05
42.95071829284065
4.29506753421653e-05
4.29506753421653e-05
4.29506753421653e-05
4.29506753421653e-05
4.29506753421653e-05
1546.2243552686261
4.29506753421653e-05
4.29506753421653e-05
0.00017180268705177103
4.29506753421653e-05
4.29506753421653e-05
4.29506753421653e-05
1546.2243552686261
171.80274431933657
4.29506753421653e-05
4.29506753421653e-05
4.29506753421653e-05
1546.2243552686261
4.29506753421653e-05
4.29506753421653e-05
4.29506753421653e-05
4.29506753421653e-05
42.95071829284065
4.29506753421653e-05
4.29506753421653e-05
4.29506753421653e-05
4.29506753421653e-05
4.29506753421653e-05
4.29506753421653e-05
4.29506753421653e-05
1546.2243552686261
4.29506753421653e-05
4.29506753421653e-05
4.29506753421653e-05
4.29506753421653e-05
4.29506753421653e-05
4.29506753421653e-05
4.29506753421653e-05
4.29506753421653e-05
4.29506753421653e-05
4.29506753421653e-05
4.29506753421653e-05
4.29506753421653e-05
4.29506753421653e-05
4.29506753421653e-05
0.00017180268705177103
4.29506753421653e-05
4.29506753421653e-05
4.29506753421653e-05
4.29506753421653e-05
4.29506753421653e-05
4.29506753421653e-05
4.29506753421653e-05
4.29506753421653e-05
4.29506753421653e-05
4.29506753421653e-05
171.80274431933657
4.29506753421653e-05
4.29506753421653e-05
4.29506753421653e-05
4.29506753421653e-05
1546.2243552686261
4.29506753421653e-05
4.29506753421653e-05
4.29506753421653e-05
4.29506753421653e-05
0.00017180268705177103
4.29506753421653e-05
4.29506753421653e-05
4.29506753421653e-05
4.29506753421653e-05
4.29506753421653e-05
4.29506753421653e-05
4.29506753421653e-05
4.29506753421653e-05
4.29506753421653e-05
4.29506753421653e-05
4.29506753421653e-05
4.29506753421653e-05
4.29506753421653e-05
4.29506753421653e-05
4.29506753421653e-05
4.29506753421653e-05
4.29506753421653e-05
4.29506753421653e-05
1546.2243552686261
4.29506753421653e-05
4.29506753421653e-05
0.00017180268705177103
4.29506753421653e-05
4.29506753421653e-05
0.00017180268705177103
4.29506753421653e-05
4.29506753421653e-05
0.00017180268705177103
4.29506753421653e-05
4.29506753421653e-05
1546.2243552686261
4.29506753421653e-05
4.29506753421653e-05
4.29506753421653e-05
4.29506753421653e-05
4.29506753421653e-05
4.29506753421653e-05
4.29506753421653e-05
4.29506753421653e-05
4.29506753421653e-05
1546.2243552686261
42.95071829284065
4.29506753421653e-05
4.29506753421653e-05
0.00017180268705177103
4.29506753421653e-05
42.95071829284065
42.95071829284065
4.29506753421653e-05
4.29506753421653e-05
4.29506753421653e-05
4.29506753421653e-05
4.29506753421653e-05
4.29506753421653e-05
4.29506753421653e-05
4.29506753421653e-05
4.29506753421653e-05
0.00017180268705177103
42.95071829284065
42.95071829284065
4.29506753421653e-05
1546.2243552686264
4.29506753421653e-05
4.29506753421653e-05
4.29506753421653e-05
4.29506753421653e-05
4.29506753421653e-05
4.29506753421653e-05
4.29506753421653e-05
4.29506753421653e-05
1546.2243552686261
4.29506753421653e-05
4.29506753421653e-05
4.29506753421653e-05
4.29506753421653e-05
4.29506753421653e-05
4.29506753421653e-05
4.29506753421653e-05
4.29506753421653e-05
4.29506753421653e-05
4.29506753421653e-05
4.29506753421653e-05
4.29506753421653e-05
4.29506753421653e-05
4.29506753421653e-05
4.29506753421653e-05
4.29506753421653e-05
4.29506753421653e-05
4.29506753421653e-05
4.29506753421653e-05
4.29506753421653e-05
4.29506753421653e-05
4.29506753421653e-05
42.95071829284065
4.29506753421653e-05
4.29506753421653e-05
4.29506753421653e-05
4.29506753421653e-05
4.29506753421653e-05
4.29506753421653e-05
4.29506753421653e-05
171.80274431933657
4.29506753421653e-05
4.29506753421653e-05
4.29506753421653e-05
4.29506753421653e-05
4.29506753421653e-05
4.29506753421653e-05
4.29506753421653e-05
4.29506753421653e-05
4.29506753421653e-05
42.95071829284065
4.29506753421653e-05
4.29506753421653e-05
4.29506753421653e-05
4.29506753421653e-05
4.29506753421653e-05
4.29506753421653e-05
42.95071829284065
4.29506753421653e-05
4.29506753421653e-05
4.29506753421653e-05
4.29506753421653e-05
4.29506753421653e-05
4.29506753421653e-05
4.29506753421653e-05
4.29506753421653e-05
4.29506753421653e-05
1546.2243552686261
4.29506753421653e-05
42.95071829284065
4.29506753421653e-05
4.29506753421653e-05
4.29506753421653e-05
4.29506753421653e-05
4.29506753421653e-05
4.29506753421653e-05
4.29506753421653e-05
4.29506753421653e-05
4.29506753421653e-05
4.29506753421653e-05
4.29506753421653e-05
4.29506753421653e-05
4.29506753421653e-05
4.29506753421653e-05
4.29506753421653e-05
4.29506753421653e-05
4.29506753421653e-05
4.29506753421653e-05
4.29506753421653e-05
4.29506753421653e-05
4.29506753421653e-05
0.00017180268705177103
171.8028588544581
4.29506753421653e-05
4.29506753421653e-05
4.29506753421653e-05
4.29506753421653e-05
4.29506753421653e-05
4.29506753421653e-05
4.29506753421653e-05
4.29506753421653e-05
4.29506753421653e-05
4.29506753421653e-05
4.29506753421653e-05
4.29506753421653e-05
42.95071829284065
1546.2243552686261
4.29506753421653e-05
4.29506753421653e-05
4.29506753421653e-05
4.29506753421653e-05
4.29506753421653e-05
4.29506753421653e-05
4.29506753421653e-05
4.29506753421653e-05
1546.2243552686261
1546.2243552686261
4.29506753421653e-05
4.29506753421653e-05
4.29506753421653e-05
4.29506753421653e-05
4.29506753421653e-05
4.29506753421653e-05
0.00017180268705177103
4.29506753421653e-05
4.29506753421653e-05
42.95071829284065
4295.067577167206
4.29506753421653e-05
4.29506753421653e-05
4.29506753421653e-05
4.29506753421653e-05
4.29506753421653e-05
4.29506753421653e-05
42.95071829284065
0.00017180268705177103
4.29506753421653e-05
171.80274431933657
1546.2243552686261
4.29506753421653e-05
4.29506753421653e-05
42.95071829284065
4.29506753421653e-05
4.29506753421653e-05
4.29506753421653e-05
4.29506753421653e-05
4.29506753421653e-05
386.55612103016307
4.29506753421653e-05
4.29506753421653e-05
4.29506753421653e-05
42.95071829284065
4.29506753421653e-05
4.29506753421653e-05
4.29506753421653e-05
4.29506753421653e-05
4.29506753421653e-05
4.29506753421653e-05
0.00017180268705177103
4.29506753421653e-05
4.29506753421653e-05
4.29506753421653e-05
4.29506753421653e-05
0.00017180268705177103
4.29506753421653e-05
4.29506753421653e-05
42.95071829284065
4.29506753421653e-05
386.55612103016307
0.00017180268705177103
4.29506753421653e-05
4.29506753421653e-05
4.29506753421653e-05
4.29506753421653e-05
4.29506753421653e-05
4.29506753421653e-05
42.95071829284065
4.29506753421653e-05
4.29506753421653e-05
4.29506753421653e-05
4.29506753421653e-05
4.29506753421653e-05
4.29506753421653e-05
4.29506753421653e-05
4.29506753421653e-05
4.29506753421653e-05
4.29506753421653e-05
4.29506753421653e-05
4.29506753421653e-05
4.29506753421653e-05
4.29506753421653e-05
4.29506753421653e-05
4.29506753421653e-05
3479.0047456660654
4.29506753421653e-05
4.29506753421653e-05
0.00017180268705177103
4.29506753421653e-05
4.29506753421653e-05
4.29506753421653e-05
4.29506753421653e-05
42.95071829284065
0.00017180268705177103
4.29506753421653e-05
4.29506753421653e-05
4.29506753421653e-05
4.29506753421653e-05
4.29506753421653e-05
4.29506753421653e-05
4.29506753421653e-05
4.29506753421653e-05
171.80274431933657
4.29506753421653e-05
4.29506753421653e-05
4.29506753421653e-05
42.95071829284065
4.29506753421653e-05
4.29506753421653e-05
4.29506753421653e-05
4.29506753421653e-05
4.29506753421653e-05
4.29506753421653e-05
1546.2243552686261
0.00017180268705177103
0.00017180268705177103
0.00017180268705177103
0.00017180268705177103
0.00017180268705177103
171.8028588544581
0.00017180268705177103
0.00017180268705177103
0.00017180268705177103
0.00017180268705177103
0.00017180268705177103
0.00017180268705177103
0.00017180268705177103
0.00017180268705177103
0.00017180268705177103
0.00017180268705177103
0.00017180268705177103
0.00017180268705177103
0.00017180268705177103
171.8028588544581
0.00017180268705177103
0.00017180268705177103
0.00017180268705177103
0.00017180268705177103
0.00017180268705177103
0.00017180268705177103
0.00017180268705177103
0.00017180268705177103
0.00017180268705177103
0.00017180268705177103
0.00017180268705177103
0.00017180268705177103
0.00017180268705177103
0.00017180268705177103
0.00017180268705177103
0.00017180268705177103
0.00017180268705177103
0.00017180268705177103
0.00017180268705177103
171.8028588544581
0.00017180268705177103
0.00017180268705177103
0.00017180268705177103
1546.2243552686261
4295.0673480969635
0.00017180268705177103
0.00017180268705177103
0.00017180268705177103
0.00017180268705177103
0.00017180268705177103
0.00017180268705177103
0.00017180268705177103
0.00017180268705177103
0.00017180268705177103
0.00017180268705177103
0.00017180268705177103
0.00017180268705177103
0.00017180268705177103
1546.2243552686261
0.00017180268705177103
0.00017180268705177103
0.00017180268705177103
0.00017180268705177103
1546.2243552686261
0.00017180268705177103
0.00017180268705177103
0.00017180268705177103
0.00017180268705177103
0.00017180268705177103
171.8028588544581
0.00017180268705177103
0.00017180268705177103
0.00017180268705177103
0.00017180268705177103
0.00017180268705177103
1546225901.4929817
0.00017180268705177103
0.00017180268705177103
1546.2243552686261
0.00017180268705177103
0.00017180268705177103
0.00017180268705177103
0.00017180268705177103
0.00017180268705177103
0.00017180268705177103
0.00017180268705177103
0.00017180268705177103
0.00017180268705177103
0.00017180268705177103
0.00017180268705177103
0.00017180268705177103
0.00017180268705177103
0.00017180268705177103
0.00017180268705177103
0.00017180268705177103
0.00017180268705177103
0.00017180268705177103
0.00017180268705177103
0.00017180268705177103
0.00017180268705177103
0.00017180268705177103
0.00017180268705177103
0.00017180268705177103
0.00017180268705177103
0.00017180268705177103
0.00017180268705177103
0.00017180268705177103
0.00017180268705177103
0.00017180268705177103
0.00017180268705177103
0.00017180268705177103
0.00017180268705177103
0.00017180268705177103
0.00017180268705177103
0.00017180268705177103
0.00017180268705177103
0.00017180268705177103
0.00017180268705177103
0.00017180268705177103
0.00017180268705177103
0.00017180268705177103
0.00017180268705177103
0.00017180268705177103
171.8028588544581
0.00017180268705177103
0.00017180268705177103
0.00017180268705177103
0.00017180268705177103
0.00017180268705177103
0.00017180268705177103
0.00017180268705177103
0.00017180268705177103
0.00017180268705177103
0.00017180268705177103
0.00017180268705177103
6184898967.298861
0.00017180268705177103
0.00017180268705177103
0.00017180268705177103
0.00017180268705177103
0.00017180268705177103
0.00017180268705177103
0.00017180268705177103
0.00017180268705177103
0.00017180268705177103
0.00017180268705177103
0.00017180268705177103
0.00017180268705177103
0.00017180268705177103
0.00017180268705177103
0.00017180268705177103
0.00017180268705177103
0.00017180268705177103
0.00017180268705177103
0.00017180268705177103
0.00017180268705177103
0.00017180268705177103
1546.2243552686261
171.8028588544581
0.00017180268705177103
0.00017180268705177103
0.00017180268705177103
0.00017180268705177103
0.00017180268705177103
0.00017180268705177103
0.00017180268705177103
0.00017180268705177103
0.00017180268705177103
0.00017180268705177103
0.00017180268705177103
0.00017180268705177103
0.00017180268705177103
1546.2243552686261
0.00017180268705177103
0.00017180268705177103
0.00017180268705177103
687.2109200097713
0.00017180268705177103
0.00017180268705177103
0.00017180268705177103
0.00017180268705177103
0.00017180268705177103
0.00017180268705177103
0.00017180268705177103
0.00017180268705177103
0.00017180268705177103
0.00017180268705177103
0.00017180268705177103
1546.2243552686261
0.00017180268705177103
0.00017180268705177103
171.8028588544581
0.00017180268705177103
0.00017180268705177103
0.00017180268705177103
0.00017180268705177103
0.00017180268705177103
0.00017180268705177103
0.00017180268705177103
1546.2243552686261
0.00017180268705177103
0.00017180268705177103
0.00017180268705177103
0.00017180268705177103
0.00017180268705177103
171.8028588544581
0.00017180268705177103
0.00017180268705177103
0.00017180268705177103
0.00017180268705177103
0.00017180268705177103
0.00017180268705177103
0.00017180268705177103
0.00017180268705177103
0.00017180268705177103
0.00017180268705177103
0.00017180268705177103
0.00017180268705177103
0.00017180268705177103
0.00017180268705177103
1546.2243552686261
0.00017180268705177103
0.00017180268705177103
171.8028588544581
0.00017180268705177103
0.00017180268705177103
0.00017180268705177103
0.00017180268705177103
1546.2243552686261
0.00017180268705177103
0.00017180268705177103
0.00017180268705177103
0.00017180268705177103
0.00017180268705177103
1546.2243552686261
0.00017180268705177103
0.00017180268705177103
0.00017180268705177103
0.00017180268705177103
0.00017180268705177103
0.00017180268705177103
0.00017180268705177103
0.00017180268705177103
0.00017180268705177103
0.00017180268705177103
0.00017180268705177103
0.00017180268705177103
0.00017180268705177103
0.00017180268705177103
0.00017180268705177103
0.00017180268705177103
0.00017180268705177103
0.00017180268705177103
0.00017180268705177103
0.00017180268705177103
0.00017180268705177103
0.00017180268705177103
0.00017180268705177103
0.00017180268705177103
0.00017180268705177103
0.00017180268705177103
0.00017180268705177103
0.00017180268705177103
0.00017180268705177103
0.00017180268705177103
0.00017180268705177103
171.8028588544581
0.00017180268705177103
0.00017180268705177103
0.00017180268705177103
0.00017180268705177103
0.00017180268705177103
0.00017180268705177103
0.00017180268705177103
1546.2243552686261
0.00017180268705177103
0.00017180268705177103
0.00017180268705177103
0.00017180268705177103
0.00017180268705177103
171.8028588544581
0.00017180268705177103
0.00017180268705177103
0.00017180268705177103
1546.2243552686261
0.00017180268705177103
0.00017180268705177103
0.00017180268705177103
1546.2243552686261
0.00017180268705177103
0.00017180268705177103
0.00017180268705177103
1546.2243552686261
687.2109200097713
0.00017180268705177103
0.00017180268705177103
0.00017180268705177103
0.00017180268705177103
0.00017180268705177103
0.00017180268705177103
0.00017180268705177103
0.00017180268705177103
0.00017180268705177103
0.00017180268705177103
0.00017180268705177103
0.00017180268705177103
1546.2243552686261
0.00017180268705177103
0.00017180268705177103
0.00017180268705177103
0.00017180268705177103
0.00017180268705177103
0.00017180268705177103
171.8028588544581
0.00017180268705177103
0.00017180268705177103
0.00017180268705177103
0.00017180268705177103
0.00017180268705177103
0.00017180268705177103
0.00017180268705177103
0.00017180268705177103
0.00017180268705177103
171.8028588544581
0.00017180268705177103
0.00017180268705177103
0.00017180268705177103
0.00017180268705177103
171.8028588544581
1546.2243552686261
0.00017180268705177103
0.00017180268705177103
0.00017180268705177103
0.00017180268705177103
0.00017180268705177103
0.00017180268705177103
0.00017180268705177103
0.00017180268705177103
0.00017180268705177103
0.00017180268705177103
171.8028588544581
171.8028588544581
0.00017180268705177103
0.00017180268705177103
0.00017180268705177103
0.00017180268705177103
0.00017180268705177103
0.00017180268705177103
0.00017180268705177103
687.2109200097713
0.00017180268705177103
0.00017180268705177103
0.00017180268705177103
0.00017180268705177103
0.00017180268705177103
0.00017180268705177103
0.00017180268705177103
0.00017180268705177103
0.00017180268705177103
0.00017180268705177103
0.00017180268705177103
0.00017180268705177103
0.00017180268705177103
0.00017180268705177103
0.00017180268705177103
0.00017180268705177103
171.8028588544581
0.00017180268705177103
0.00017180268705177103
1546.2243552686261
0.00017180268705177103
1546.2243552686261
0.00017180268705177103
0.00017180268705177103
0.00017180268705177103
0.00017180268705177103
0.00017180268705177103
1546.2243552686261
0.00017180268705177103
0.00017180268705177103
0.00017180268705177103
0.00017180268705177103
0.00017180268705177103
0.00017180268705177103
0.00017180268705177103
0.00017180268705177103
0.00017180268705177103
0.00017180268705177103
0.00017180268705177103
0.00017180268705177103
0.00017180268705177103
0.00017180268705177103
0.00017180268705177103
0.00017180268705177103
0.00017180268705177103
0.00017180268705177103
0.00017180268705177103
0.00017180268705177103
0.00017180268705177103
0.00017180268705177103
0.00017180268705177103
0.00017180268705177103
0.00017180268705177103
0.00017180268705177103
0.00017180268705177103
0.00017180268705177103
0.00017180268705177103
1546.2243552686261
0.00017180268705177103
0.00017180268705177103
0.00017180268705177103
0.00017180268705177103
0.00017180268705177103
0.00017180268705177103
0.00017180268705177103
0.00017180268705177103
0.00017180268705177103
0.00017180268705177103
0.00017180268705177103
0.00017180268705177103
0.00017180268705177103
0.00017180268705177103
0.00017180268705177103
0.00017180268705177103
0.00017180268705177103
0.00017180268705177103
0.00017180268705177103
0.00017180268705177103
1546.2243552686261
0.00017180268705177103
0.00017180268705177103
0.00017180268705177103
0.00017180268705177103
0.00017180268705177103
1546.2243552686261
0.00017180268705177103
0.00017180268705177103
171.8028588544581
0.00017180268705177103
0.00017180268705177103
0.00017180268705177103
0.00017180268705177103
0.00017180268705177103
0.00017180268705177103
0.00017180268705177103
0.00017180268705177103
687.2109200097713
0.00017180268705177103
0.00017180268705177103
0.00017180268705177103
0.00017180268705177103
0.00017180268705177103
0.00017180268705177103
0.00017180268705177103
0.00017180268705177103
0.00017180268705177103
0.00017180268705177103
0.00017180268705177103
0.00017180268705177103
0.00017180268705177103
1546.2243552686261
0.00017180268705177103
0.00017180268705177103
0.00017180268705177103
0.00017180268705177103
0.00017180268705177103
0.00017180268705177103
0.00017180268705177103
0.00017180268705177103
0.00017180268705177103
0.00017180268705177103
0.00017180268705177103
0.00017180268705177103
0.00017180268705177103
0.00017180268705177103
0.00017180268705177103
0.00017180268705177103
0.00017180268705177103
0.00017180268705177103
0.00017180268705177103
0.00017180268705177103
0.00017180268705177103
0.00017180268705177103
0.00017180268705177103
0.00017180268705177103
0.00017180268705177103
0.00017180268705177103
1546.2243552686261
0.00017180268705177103
0.00017180268705177103
0.00017180268705177103
0.00017180268705177103
0.00017180268705177103
1546.2243552686261
0.00017180268705177103
0.00017180268705177103
0.00017180268705177103
1546225901.4929817
0.00017180268705177103
0.00017180268705177103
171.8028588544581
0.00017180268705177103
0.00017180268705177103
0.00017180268705177103
0.00017180268705177103
4295.0673480969635
0.00017180268705177103
0.00017180268705177103
0.00017180268705177103
171.8028588544581
0.00017180268705177103
0.00017180268705177103
0.00017180268705177103
0.00017180268705177103
0.00017180268705177103
0.00017180268705177103
171.8028588544581
0.00017180268705177103
0.00017180268705177103
0.00017180268705177103
0.00017180268705177103
0.00017180268705177103
0.00017180268705177103
0.00017180268705177103
0.00017180268705177103
0.00017180268705177103
0.00017180268705177103
0.00017180268705177103
0.00017180268705177103
171.8028588544581
1546.2243552686261
0.00017180268705177103
0.00017180268705177103
0.00017180268705177103
0.00017180268705177103
0.00017180268705177103
0.00017180268705177103
0.00017180268705177103
0.00017180268705177103
0.00017180268705177103
0.00017180268705177103
0.00017180268705177103
1546.2243552686261
0.00017180268705177103
0.00017180268705177103
0.00017180268705177103
171.8028588544581
0.00017180268705177103
1546.2243552686261
171.8028588544581
0.00017180268705177103
0.00017180268705177103
0.00017180268705177103
0.00017180268705177103
0.00017180268705177103
0.00017180268705177103
0.00017180268705177103
0.00017180268705177103
0.00017180268705177103
0.00017180268705177103
0.00017180268705177103
1546.2243552686261
0.00017180268705177103
0.00017180268705177103
0.00017180268705177103
0.00017180268705177103
0.00017180268705177103
0.00017180268705177103
0.00017180268705177103
0.00017180268705177103
0.00017180268705177103
0.00017180268705177103
0.00017180268705177103
0.00017180268705177103
0.00017180268705177103
0.00017180268705177103
0.00017180268705177103
0.00017180268705177103
0.00017180268705177103
0.00017180268705177103
0.00017180268705177103
171.8028588544581
0.00017180268705177103
0.00017180268705177103
0.00017180268705177103
0.00017180268705177103
0.00017180268705177103
0.00017180268705177103
0.00017180268705177103
0.00017180268705177103
0.00017180268705177103
0.00017180268705177103
0.00017180268705177103
0.00017180268705177103
0.00017180268705177103
0.00017180268705177103
0.00017180268705177103
0.00017180268705177103
1546.2243552686261
0.00017180268705177103
0.00017180268705177103
171.8028588544581
0.00017180268705177103
0.00017180268705177103
0.00017180268705177103
0.00017180268705177103
0.00017180268705177103
0.00017180268705177103
0.00017180268705177103
0.00017180268705177103
0.00017180268705177103
0.00017180268705177103
1546.2243552686261
0.00017180268705177103
0.00017180268705177103
0.00017180268705177103
0.00017180268705177103
0.00017180268705177103
0.00017180268705177103
0.00017180268705177103
0.00017180268705177103
0.00017180268705177103
0.00017180268705177103
0.00017180268705177103
0.00017180268705177103
0.00017180268705177103
0.00017180268705177103
0.00017180268705177103
1546.2243552686261
0.00017180268705177103
0.00017180268705177103
1546.2243552686261
0.00017180268705177103
0.00017180268705177103
0.00017180268705177103
0.00017180268705177103
0.00017180268705177103
0.00017180268705177103
0.00017180268705177103
0.00017180268705177103
0.00017180268705177103
0.00017180268705177103
0.00017180268705177103
0.00017180268705177103
171.8028588544581
0.00017180268705177103
0.00017180268705177103
0.00017180268705177103
1546.2243552686261
0.00017180268705177103
0.00017180268705177103
0.00017180268705177103
0.00017180268705177103
0.00017180268705177103
0.00017180268705177103
0.00017180268705177103
0.00017180268705177103
1546.2243552686264
0.00017180268705177103
0.00017180268705177103
0.00017180268705177103
0.00017180268705177103
0.00017180268705177103
0.00017180268705177103
0.00017180268705177103
0.00017180268705177103
0.00017180268705177103
0.00017180268705177103
0.00017180268705177103
0.00017180268705177103
0.00017180268705177103
0.00017180268705177103
0.00017180268705177103
0.00017180268705177103
0.00017180268705177103
0.00017180268705177103
0.00017180268705177103
0.00017180268705177103
0.00017180268705177103
0.00017180268705177103
687.2109200097713
0.00017180268705177103
0.00017180268705177103
0.00017180268705177103
0.00017180268705177103
0.00017180268705177103
0.00017180268705177103
0.00017180268705177103
0.00017180268705177103
0.00017180268705177103
0.00017180268705177103
0.00017180268705177103
0.00017180268705177103
0.00017180268705177103
0.00017180268705177103
0.00017180268705177103
0.00017180268705177103
0.00017180268705177103
0.00017180268705177103
0.00017180268705177103
0.00017180268705177103
1546.2243552686261
0.00017180268705177103
0.00017180268705177103
0.00017180268705177103
0.00017180268705177103
0.00017180268705177103
0.00017180268705177103
0.00017180268705177103
0.00017180268705177103
0.00017180268705177103
0.00017180268705177103
2748.843164631024
0.00017180268705177103
0.00017180268705177103
0.00017180268705177103
0.00017180268705177103
1546225901.4929817
0.00017180268705177103
0.00017180268705177103
0.00017180268705177103
0.00017180268705177103
0.00017180268705177103
0.00017180268705177103
0.00017180268705177103
0.00017180268705177103
171.8028588544581
0.00017180268705177103
0.00017180268705177103
0.00017180268705177103
0.00017180268705177103
171.8028588544581
0.00017180268705177103
0.00017180268705177103
0.00017180268705177103
0.00017180268705177103
0.00017180268705177103
1546.2243552686261
0.00017180268705177103
0.00017180268705177103
0.00017180268705177103
0.00017180268705177103
0.00017180268705177103
0.00017180268705177103
0.00017180268705177103
0.00017180268705177103
0.00017180268705177103
0.00017180268705177103
0.00017180268705177103
0.00017180268705177103
0.00017180268705177103
0.00017180268705177103
0.00017180268705177103
0.00017180268705177103
0.00017180268705177103
0.00017180268705177103
1546.2243552686261
0.00017180268705177103
0.00017180268705177103
0.00017180268705177103
0.00017180268705177103
0.00017180268705177103
0.00017180268705177103
0.00017180268705177103
0.00017180268705177103
0.00017180268705177103
0.00017180268705177103
0.00017180268705177103
0.00017180268705177103
0.00017180268705177103
0.00017180268705177103
0.00017180268705177103
0.00017180268705177103
0.00017180268705177103
0.00017180268705177103
0.00017180268705177103
0.00017180268705177103
1546.2243552686261
0.00017180268705177103
0.00017180268705177103
171.8028588544581
0.00017180268705177103
0.00017180268705177103
0.00017180268705177103
0.00017180268705177103
0.00017180268705177103
0.00017180268705177103
0.00017180268705177103
0.00017180268705177103
0.00017180268705177103
0.00017180268705177103
0.00017180268705177103
0.00017180268705177103
0.00017180268705177103
0.00017180268705177103
0.00017180268705177103
1546.2243552686261
0.00017180268705177103
171.8028588544581
0.00017180268705177103
0.00017180268705177103
0.00017180268705177103
0.00017180268705177103
0.00017180268705177103
0.00017180268705177103
0.00017180268705177103
10995.372143116036
0.00017180268705177103
0.00017180268705177103
1546.2243552686261
0.00017180268705177103
0.00017180268705177103
171.8028588544581
1546.2243552686261
0.00017180268705177103
0.00017180268705177103
0.00017180268705177103
0.00017180268705177103
0.00017180268705177103
0.00017180268705177103
171.8028588544581
0.00017180268705177103
0.00017180268705177103
0.00017180268705177103
0.00017180268705177103
0.00017180268705177103
0.00017180268705177103
0.00017180268705177103
0.00017180268705177103
0.00017180268705177103
0.00017180268705177103
0.00017180268705177103
0.00017180268705177103
0.00017180268705177103
0.00017180268705177103
0.00017180268705177103
0.00017180268705177103
0.00017180268705177103
0.00017180268705177103
0.00017180268705177103
0.00017180268705177103
0.00017180268705177103
0.00017180268705177103
0.00017180268705177103
0.00017180268705177103
0.00017180268705177103
171.8028588544581
0.00017180268705177103
0.00017180268705177103
0.00017180268705177103
0.00017180268705177103
0.00017180268705177103
0.00017180268705177103
0.00017180268705177103
0.00017180268705177103
0.00017180268705177103
0.00017180268705177103
0.00017180268705177103
0.00017180268705177103
0.00017180268705177103
0.00017180268705177103
0.00017180268705177103
1546.2243552686261
0.00017180268705177103
0.00017180268705177103
0.00017180268705177103
0.00017180268705177103
0.00017180268705177103
0.00017180268705177103
0.00017180268705177103
1546.2243552686261
0.00017180268705177103
0.00017180268705177103
0.00017180268705177103
0.00017180268705177103
0.00017180268705177103
0.00017180268705177103
0.00017180268705177103
0.00017180268705177103
0.00017180268705177103
0.00017180268705177103
0.00017180268705177103
0.00017180268705177103
0.00017180268705177103
0.00017180268705177103
0.00017180268705177103
1546.2243552686261
0.00017180268705177103
0.00017180268705177103
171.8028588544581
0.00017180268705177103
0.00017180268705177103
0.00017180268705177103
0.00017180268705177103
0.00017180268705177103
0.00017180268705177103
0.00017180268705177103
0.00017180268705177103
0.00017180268705177103
0.00017180268705177103
0.00017180268705177103
0.00017180268705177103
0.00017180268705177103
0.00017180268705177103
0.00017180268705177103
0.00017180268705177103
0.00017180268705177103
0.00017180268705177103
0.00017180268705177103
0.00017180268705177103
0.00017180268705177103
0.00017180268705177103
0.00017180268705177103
0.00017180268705177103
0.00017180268705177103
0.00017180268705177103
0.00017180268705177103
1546.2243552686261
0.00017180268705177103
0.00017180268705177103
0.00017180268705177103
1546.2243552686264
0.00017180268705177103
0.00017180268705177103
0.00017180268705177103
687.2109200097713
0.00017180268705177103
0.00017180268705177103
0.00017180268705177103
0.00017180268705177103
0.00017180268705177103
0.00017180268705177103
0.00017180268705177103
0.00017180268705177103
0.00017180268705177103
0.00017180268705177103
0.00017180268705177103
0.00017180268705177103
171.8028588544581
0.00017180268705177103
0.00017180268705177103
1546.2243552686261
1546.2243552686261
0.00017180268705177103
0.00017180268705177103
0.00017180268705177103
0.00017180268705177103
0.00017180268705177103
0.00017180268705177103
0.00017180268705177103
0.00017180268705177103
0.00017180268705177103
1546.2243552686261
1.1639219728645824
1.586232954173572
0.43289536592123234
0.7150997137910813
1.825279806753804
13.031334529139393
0.9844411510898138
0.3849785796052582
1.7627460706979419
0.6149706049850511
3.1888778261316406
0.7051747869762913
0.10845856661376292
0.39620624857556647
0.48723851547056407
0.0015776205504452647
0.40485132176530814
0.8947106621304186
0.5530593650197001
0.8444979927914228
3.749310092570363
1.7180270635985109
22.487428705000934
0.09817141938804627
2.907098474119592
1.0943812349052902
0.9224692004763156
1.54489651352287
3.8204818496138477
0.8012690202341829
0.6641678932596026
0.4295067696462707
0.8503151580853031
1.2183239042590779
1.678305240885385
0.18671952641155853
0.1787749333118669
0.3393633754563686
15.061758425769531
0.2687073565284502
0.4759077791172486
1.3881294326389926
0.27488433543442053
0.6160231914313926
0.05048896414908482
2.493870032947779
0.29826859313621495
2.0079206055362024
2.206710322057534
1.0915841007528562
0.2642102436177476
2.0079206055362024
0.4357089577486289
1.5583011974296552
2.1899928834018754
0.5158272361027743
0.1289568150705439
3.054270340802957
7.970019040557905
2.983653761565302
0.009567992756883578
0.3659702717654762
0.10056090836759618
0.7509987954880545
10.566553649413743
1.419857087268692
0.4224368275958113
0.31376052489530326
0.4596386439377334
1.1294553501416158
0.01299076581793733
2.946163210676209
0.6832507728783179
0.3485973399308445
0.061161534029881136
2.9229194221582806
0.5402129087970293
8.22102794911588
1.0165840758793545
2.741228792886
1.2443835858630359
2.3319436191763248
0.17499145847124137
2.8462560052258055
0.16099797241289504
0.016841768252307942
0.6310476066531063
8.395013138950983
0.3393633913605352
3.217136566123793
1.2712883992002308
0.6999657755544859
1.5749229706932268
1.2712883992002308
3.314095411598691e-08
2.922919406400752
1.4866648681258607
0.08675811088964781
0.3549642910664517
4.251146392495673
1.797006633396265
5.679428324284225
1.2519828632615353
3.506177700639336
1.972224967262076
0.21913612911663605
0.22995605696695146
0.45181516601049315
0.03137379071223131
8.374259107034785
0.12895683924792858
1.0165840882255517
1.2622239985177477
10.737669166720714
3.4081076741757337
0.5452972564962216
1.4574675852748844
0.03137379071223131
7.614524401496196
3.2239201752181704e-08
2.309467205328175
6.318883575666817
3.408107640094657e-08
0.034081110482022975
0.034081110482022975
4.772297432123147
1.3375643582890555
0.4518152507010772
0.5609884632644306
5.586704545616215
3.608542488027222
2.377892163615882
3.715456447595808e-08
1.3777896174480115
1.8753247432615956
1.608974399765462
3.293732394995118
1.1173433468268779
1.5583012327296715
0.04328618743735325
4.066336239915747e-08
4.328614458407054
0.18468449243375962
38.95752983211875
2.2623845128885502
5.4079416270181575
0.04469377677905792
7.888899826283223
10.73766918120147
0.04617115773677358
1.4729313529365602
1.1930743958872512
0.051071010088582065
1.3219660896213552
0.04772302164954502
4.9354411414959676e-08
0.05679433981400137
0.21913615954789273
0.21913615954789273
5.287864146970854e-08
5.287864146970854e-08
4.437506176252324
5.891725234994485
0.21913615954789273
2.886945395195096
0.05478408097499282
2.7829199247604826
0.2356690659603411
0.9785843609645106
0.5718285972661966
4.066336303392099
0.061161579899205724
0.06605262511969452
0.24464613611226668
2.2873141984552756
6.5765686996642785
1.0995373879743486
0.6439918896292285
6.353650374774366e-08
0.0715547180073778
0.07456722132611951
6.605255906713545e-08
1.2990753638533556
0.2982686616030378
1.3256381645542372e-07
1.0995373879743486
0.06605262511969452
0.06872115117441158
1.402471070411228e-07
0.08484092737493226
0.2982686616030378
9.291655280185744e-08
1.5583012867828216
8.119220516632189e-08
7.456714675897275e-08
0.08484092737493226
0.730729927689102
0.8362490681332697
5.196301211836807
0.33936345497720144
3.0542704160680727
0.8362490681332697
0.32476890185749274
0.730729927689102
0.08119228635852706
0.76356766764765
2.121021148193086
8.484084253408972e-08
0.33936345497720144
0.08484092737493226
0.08874115595754364
2.4348457058141326
0.08874115595754364
0.08874115595754364
8.874106721647643e-08
0.11897706227870149
35.159170682983074
4.552911180207568
8.874106721647643e-08
1.5583012867828216
9.291655280185744e-08
0.4088108247002478
11.784652842148116
1.486182578931188e-07
9.739382433681232e-08
4.772297921423077
2.4348457058141326
0.13256394901924018
0.11295389739060763
1.1295378443682318e-07
1.0220268062439179e-07
0.5302553983855114
0.42950687269926063
1.3256381645542372e-07
0.10737679870733366
0.11897706227870149
8.484084385710936
0.12549516284128612
1.1295378443682318e-07
1.1295378443682318e-07
1.1897694330175817e-07
9.149256652336463
0.11295389739060763
1.016584172885193
0.11897706227870149
0.12549516284128612
0.14024724728822985
1.2549503734624878e-07
0.47590789218397606
1.1897694330175817e-07
5.350257432770535
29.82685883503416
0.5302553983855114
1.2549503734624878e-07
3.5061778162751773
1.3256381645542372e-07
0.13256394901924018
0.5302553983855114
1.41985723316214
1.3256381645542372e-07
2.377892274908159
1.1930744806626299
16.969900092222968
3.31409554394941
0.15776205502859092
1.486182578931188e-07
0.14024724728822985
0.5609885684115983
1.402471070411228e-07
1.41985723316214
0.5609885684115983
1.402471070411228e-07
2.860399031987742
1.5776189726669362e-07
0.6711044885663797
2.377892274908159
1.3375644696563271
4.2950676523308875e-07
0.15776205502859092
1.6089745337071357
1.5776189726669362e-07
1.41985723316214
1.5776189726669362e-07
1.5776189726669362e-07
4.4693733869199495
1.5776189726669362e-07
0.8171355484848362
8.22102809745725
2.684417450937279
0.9426762637336052
1.6777608019757486e-07
6.435897598503758
2.7488432977666517e-07
0.19089208658050486
1.787749283258008e-07
2.7488432977666517e-07
2.860399031987742
8.759971666739169
0.21913632387667872
1.9089189568860915e-07
5.478402837650455
1.9089189568860915e-07
0.21913632387667872
2.0428383605025e-07
8.48408448825039
1.9089189568860915e-07
2.1210212988143526
0.20428404033408606
14.02471092253284
0.9426762637336052
2.0428383605025e-07
0.21913632387667872
30.75166806426306
0.9426762637336052
0.20428404033408606
2.0428383605025e-07
2.0428383605025e-07
6.3536506281371405
0.9426762637336052
0.25414626910565996
2.1913610474057397e-07
2.54146014959645e-07
5.478402837650455
2.1210212988143526
2.7488432977666517e-07
0.21913632387667872
0.23566924268515657
0.2982688852613257
2.3566900701614955e-07
2.3566900701614955e-07
8.11922084012199
0.25414626910565996
2.54146014959645e-07
2.3566900701614955e-07
2.28731438878282
2.54146014959645e-07
0.2982688852613257
0.23566924268515657
2.7488432977666517e-07
1.0165843139845951
2.4739592428743165
4.772297690152407
0.25414626910565996
1.2990756072253276
2.6844175812032356
69.57299704070296
4.772297690152407
0.429507194739854
0.3247691453829473
2.4739592428743165
171.8027065639876
1.0995375939909906
1.0995375939909906
2.7488432977666517e-07
32.476882386181494
0.274884604660995
0.274884604660995
1.0995375939909906
2.7488432977666517e-07
1.193074646239542
3.549642688047892e-07
1.193074646239542
1.4198574301834257
8.11922084012199
1.193074646239542
2.9826858699273875e-07
1.2990756072253276
5.196301454594849
5.679428655840897
8.11922084012199
0.3247691453829473
0.354964623769058
3.549642688047892e-07
4.7590777309717405e-07
3.247688206141267e-07
9.739382821416132
1.4198574301834257
0.3247691453829473
0.47590824900494716
1.4198574301834257
0.354964623769058
1.7180274904391204
3.549642688047892e-07
3.549642688047892e-07
1.4198574301834257
3.549642688047892e-07
1.7180274904391204
3.549642688047892e-07
6.711043205718411e-07
34.790048413386955
124.12745558186943
1146.5444489296526
0.354964623769058
3.1946787742073717
3.5061780650379974
0.5302557959405781
4.2950676523308875e-07
23.319481357669304
3.8957529727363337e-07
0.3895756868489307
5.302552656853124e-07
4.7590777309717405e-07
4.2950676523308875e-07
9.739382821416132
1.9036315682964693
4.2950676523308875e-07
1.7180274904391204
4.2950676523308875e-07
0.47590824900494716
4.2950676523308875e-07
8.484084781220266
4.2950676523308875e-07
17.132680307406037
0.5944736258740899
0.8765452951340341
4.283170433782339
2.1210215929965157
7.614524845462559
6.711043205718411e-07
4.7590777309717405e-07
0.47590824900494716
1546.2243552686261
1.9036315682964693
0.5302557959405781
4.772297921423077
5.302552656853124e-07
4.7590777309717405e-07
5.944730314010585e-07
0.47590824900494716
2.3778927200772655
5.944730314010585e-07
0.5302557959405781
4.7590777309717405e-07
5.302552656853124e-07
0.5302557959405781
0.7635683460392163
5.302552656853124e-07
6.872109005812287
5.302552656853124e-07
0.5302557959405781
5.350257877082558
5.944730314010585e-07
5.944730314010585e-07
5.302552656853124e-07
5.302552656853124e-07
0.5302557959405781
0.6711049916761618
0.5302557959405781
2.1210215929965157
1.419857074241294e-06
2.3778927200772655
8.765444185896155e-07
5.944730314010585e-07
76.35675901073097
6.711043205718411e-07
5.944730314010585e-07
5.944730314010585e-07
5.944730314010585e-07
7.635675824716338e-07
6.03993955625089
0.5944736258740899
4.772298582196421
5.944730314010585e-07
0.7635683460392163
5.944730314010585e-07
6.03993955625089
6.711043205718411e-07
6.872109005812287
1.0165850759213653
0.5944736258740899
5.944730314010585e-07
0.8765452951340341
6.711043205718411e-07
6.711043205718411e-07
2.6844179533916854
3.0542710934541177
0.7635683460392163
6.711043205718411e-07
6.03993955625089
6.711043205718411e-07
2.6844179533916854
3.0542710934541177
3.0542710934541177
6.711043205718411e-07
2.6844179533916854
0.6711049916761618
6.711043205718411e-07
0.6711049916761618
8.765444185896155e-07
0.6711049916761618
6.711043205718411e-07
6.711043205718411e-07
8.765444185896155e-07
8.765444185896155e-07
4.066337253933283
6.711043205718411e-07
6.711043205718411e-07
1936.2866215410052
6.711043205718411e-07
6.03993955625089
6.711043205718411e-07
6.711043205718411e-07
6.711043205718411e-07
3.0542710934541177
2.1210210605591293e-06
8.765444185896155e-07
7.635675824716338e-07
7.635675824716338e-07
9.149257550619811
8.765444185896155e-07
12.217082083113725
7.635675824716338e-07
7.635675824716338e-07
0.00017180268705177103
7.635675824716338e-07
3.0542710934541177
12.217082083113725
7.635675824716338e-07
6.872109956029723
7.635675824716338e-07
7.635675824716338e-07
14.02471157397827
0.7635683460392163
8.765444185896155e-07
12.778715088028719
8.765444185896155e-07
8.765444185896155e-07
8.765444185896155e-07
1.0165850759213653
8.765444185896155e-07
27.488434670037716
1.0165840593373057e-06
171.8027103830006
8.765444185896155e-07
7.888900643850958
1.0165850759213653
8.765444185896155e-07
4.772298582196421
8.765444185896155e-07
8.765444185896155e-07
1.7180270595006656e-06
3.506178550902881
1.1930743472805183e-06
8.765444185896155e-07
49.81261992411205
1.0737669059242757e-05
1.0165840593373057e-06
7.888900643850958
1.1930743472805183e-06
0.8765452951340341
8.765444185896155e-07
1.0165840593373057e-06
1.0165840593373057e-06
1.0737669059242757e-05
1.0165840593373057e-06
36.597027152727065
1.1930755403548656
1.0165840593373057e-06
1.0165840593373057e-06
1.0165840593373057e-06
1.0165850759213653
1.0165840593373057e-06
1.0165840593373057e-06
1.0165850759213653
1.0165840593373057e-06
1.1930743472805183e-06
4.066337253933283
1.0165840593373057e-06
1.0165840593373057e-06
1.1930743472805183e-06
1.0165850759213653
1.0165850759213653
1.0165840593373057e-06
1.0165840593373057e-06
1.0165840593373057e-06
1.0165850759213653
3.506177668395575e-06
1.1930755403548656
1.0165850759213653
1.1930755403548656
1.1930743472805183e-06
1.1930755403548656
1.1930743472805183e-06
2.1210210605591293e-06
1.7180287775277252
1.1930743472805183e-06
1.7180287775277252
1.1930755403548656
19.089190749562643
1.1930743472805183e-06
1.1930743472805183e-06
5.67942971682225
119.30743592112619
2.6844199632093084
1.1930743472805183e-06
1.1930743472805183e-06
1.1930743472805183e-06
1.1930743472805183e-06
1.1930743472805183e-06
1.1930743472805183e-06
1.1930755403548656
5.67942971682225
1.1930755403548656
1.419857074241294e-06
1.1930743472805183e-06
1.1930755403548656
4.772298582196421
1.1930755403548656
1.4198584940983683
1.1930743472805183e-06
1.1930755403548656
1.1930755403548656
1.1930755403548656
4.772297378075089e-06
1.4198584940983683
115.00842443340188
1.7180270595006656e-06
1.419857074241294e-06
1.419857074241294e-06
1.419857074241294e-06
4.772297378075089e-06
1.4198584940983683
1.419857074241294e-06
2.6844172787920295e-06
1.419857074241294e-06
1.419857074241294e-06
1.419857074241294e-06
1.4198584940983683
1.419857074241294e-06
1.7180270595006656e-06
1.419857074241294e-06
1.419857074241294e-06
2.1210231815801897
1.419857074241294e-06
1.419857074241294e-06
1.419857074241294e-06
1.7180287775277252
1.4198584940983683
1.4198584940983683
1.419857074241294e-06
1.4198584940983683
1.7180270595006656e-06
1.419857074241294e-06
1.419857074241294e-06
22.71771460771778
1.419857074241294e-06
1.419857074241294e-06
6.872109956029723
1.419857074241294e-06
1.419857074241294e-06
1.419857074241294e-06
51.114856092543654
5.67942971682225
1.419857074241294e-06
1.419857074241294e-06
5.67942971682225
1.419857074241294e-06
27.488434670037716
1.7180287775277252
1.7180287775277252
15.46224525353305
42.9506782055437
1.7180287775277252
2.6844199632093084
1.7180270595006656e-06
1.7180287775277252
27.488434670037716
42.95068697464009
1.7180270595006656e-06
1.7180270595006656e-06
1.7180270595006656e-06
15.46224525353305
1.7180270595006656e-06
1.7180270595006656e-06
61.84897586005103
6.872109956029723
6.872109956029723
1.7180270595006656e-06
1.7180270595006656e-06
15.46224525353305
1.7180270595006656e-06
1.7180270595006656e-06
6.872109956029723
42.9506782055437
1.7180270595006656e-06
1.7180270595006656e-06
1.7180270595006656e-06
1.7180270595006656e-06
27.488434670037716
1.7180287775277252
1.7180287775277252
109.95373352606968
1.7180287775277252
1.7180270595006656e-06
15.46224525353305
1.7180287775277252
1.7180270595006656e-06
42.9506782055437
42.9506782055437
1.7180270595006656e-06
1.7180270595006656e-06
6.872109956029723
2.6844172787920295e-06
1.7180270595006656e-06
1.7180270595006656e-06
1.7180270595006656e-06
1.7180270595006656e-06
1.7180270595006656e-06
2.1210231815801897
2.6844172787920295e-06
1.7180270595006656e-06
496.5098219137195
8.484086363257578
2.1210210605591293e-06
2.1210210605591293e-06
2.1210210605591293e-06
2.1210231815801897
2.1210210605591293e-06
2.1210210605591293e-06
8.484086363257578
2.1210210605591293e-06
2.1210231815801897
2.1210210605591293e-06
2.1210210605591293e-06
2.1210210605591293e-06
2.1210210605591293e-06
2.1210210605591293e-06
2.1210231815801897
2.1210210605591293e-06
2.1210210605591293e-06
2.1210210605591293e-06
2.1210210605591293e-06
2.1210210605591293e-06
2.1210210605591293e-06
2.1210231815801897
2.1210210605591293e-06
2.1210210605591293e-06
2.1210210605591293e-06
4.29506753421653e-05
8.484086363257578
2.1210210605591293e-06
2.1210210605591293e-06
2.1210231815801897
2.6844172787920295e-06
2.1210210605591293e-06
2.1210210605591293e-06
19.08919166605322
3.506181174573243
2.1210231815801897
10.737671799585398
33.936339089967134
2.6844172787920295e-06
2.1210210605591293e-06
2.1210210605591293e-06
2.1210231815801897
2.1210210605591293e-06
2.1210210605591293e-06
2.1210231815801897
24.159758193545542
2.1210210605591293e-06
2.1210210605591293e-06
2.1210210605591293e-06
2.6844172787920295e-06
2.6844172787920295e-06
2.6844172787920295e-06
4.29506753421653e-05
4.772302150372468
2.6844172787920295e-06
2.6844199632093084
2.6844172787920295e-06
2.6844172787920295e-06
2.6844172787920295e-06
2.6844172787920295e-06
2.6844172787920295e-06
2.6844172787920295e-06
2.6844199632093084
2.6844172787920295e-06
2.6844172787920295e-06
2.6844199632093084
2.6844172787920295e-06
2.6844172787920295e-06
2.6844172787920295e-06
14.024714179759968
131.53644934522674
3.506177668395575e-06
10.737671799585398
2.6844172787920295e-06
2.6844172787920295e-06
2.6844172787920295e-06
2.6844172787920295e-06
2.6844199632093084
4.772302150372468
2.6844172787920295e-06
2.6844199632093084
2.6844172787920295e-06
2.6844172787920295e-06
2.6844172787920295e-06
2.6844172787920295e-06
2.6844172787920295e-06
2.6844199632093084
3.506177668395575e-06
4.772297378075089e-06
2.6844172787920295e-06
2.6844172787920295e-06
2.6844172787920295e-06
2.6844172787920295e-06
3.506177668395575e-06
2.6844172787920295e-06
2.6844172787920295e-06
2.6844172787920295e-06
24.159758193545542
2.6844172787920295e-06
1.0737669059242757e-05
2.6844172787920295e-06
3.506177668395575e-06
2.6844199632093084
2.6844172787920295e-06
2.6844172787920295e-06
24.159758193545542
2.6844172787920295e-06
10.737671799585398
2.6844199632093084
2.6844172787920295e-06
3.506177668395575e-06
2.6844172787920295e-06
1.9089189335548606e-05
2.6844172787920295e-06
2.6844172787920295e-06
2.6844199632093084
2.6844199632093084
6.872115087203851
3.506177668395575e-06
4.772297378075089e-06
61.848980807968935
4.772297378075089e-06
3.506181174573243
3.506177668395575e-06
3.506177668395575e-06
3.506177668395575e-06
3.506177668395575e-06
0.00017180268705177103
10.737679796911818
6.872115087203851
14.024714179759968
3.506177668395575e-06
3.506177668395575e-06
14.024714179759968
4.772297378075089e-06
3.506177668395575e-06
3.506177668395575e-06
3.506181174573243
3.506177668395575e-06
3.506177668395575e-06
3.506177668395575e-06
3.506181174573243
14.024714179759968
3.506177668395575e-06
3.506177668395575e-06
6.872108215095636e-06
3.506177668395575e-06
3.506177668395575e-06
3.506177668395575e-06
3.506177668395575e-06
3.506181174573243
3.506177668395575e-06
3.506177668395575e-06
3.506177668395575e-06
3.506181174573243
3.506177668395575e-06
3.506177668395575e-06
3.506177668395575e-06
3.506177668395575e-06
3.506177668395575e-06
31.555602521737843
4.772297378075089e-06
3.506177668395575e-06
3.506177668395575e-06
3.506177668395575e-06
3.506177668395575e-06
3.506181174573243
3.506177668395575e-06
4.772297378075089e-06
3.506177668395575e-06
14.024714179759968
1.0737669059242757e-05
4.772297378075089e-06
3.506177668395575e-06
3.506177668395575e-06
3.506177668395575e-06
31.555602521737843
3.506181174573243
3.506177668395575e-06
4.772297378075089e-06
3.506177668395575e-06
3.506177668395575e-06
3.506177668395575e-06
3.506177668395575e-06
3.506177668395575e-06
4.772297378075089e-06
3.506177668395575e-06
3.506177668395575e-06
4.772302150372468
31.555602521737843
10.737679796911818
3.506177668395575e-06
4.772297378075089e-06
3.506177668395575e-06
3.506177668395575e-06
3.506181174573243
3.506177668395575e-06
3.506177668395575e-06
3.506177668395575e-06
3.506177668395575e-06
3.506181174573243
3.506177668395575e-06
1.9089189335548606e-05
4.772297378075089e-06
4.772297378075089e-06
4.772297378075089e-06
4.29506753421653e-05
119.30743922417463
19.08919428459774
4.772297378075089e-06
4.772297378075089e-06
4.772297378075089e-06
4.772297378075089e-06
4.772302150372468
989.5835898458799
4.772297378075089e-06
4.772302150372468
19.08919428459774
4.772302150372468
4.772297378075089e-06
4.772297378075089e-06
4.772297378075089e-06
4.772297378075089e-06
4.772297378075089e-06
1.0737669059242757e-05
4.772297378075089e-06
4.772297378075089e-06
233.8425762979768
4.772297378075089e-06
4.772297378075089e-06
4.772302150372468
4.772297378075089e-06
4.772297378075089e-06
477.2297425798063
6.872108215095636e-06
19.08919428459774
6.872108215095636e-06
4.772297378075089e-06
4.772297378075089e-06
4.772297378075089e-06
4.772297378075089e-06
4.772297378075089e-06
4.772297378075089e-06
4.772297378075089e-06
6.872115087203851
4.772302150372468
4.772297378075089e-06
4.772297378075089e-06
4.772297378075089e-06
4.772297378075089e-06
4.772302150372468
4.772297378075089e-06
4.772302150372468
4.772302150372468
6.872108215095636e-06
4.772302150372468
4.772297378075089e-06
4.772297378075089e-06
4.772297378075089e-06
4.772297378075089e-06
6.872108215095636e-06
4.772297378075089e-06
4.772297378075089e-06
4.772297378075089e-06
4.772302150372468
19.089208424737944
1.9089189335548606e-05
4.772297378075089e-06
4.772297378075089e-06
4.772297378075089e-06
2748.843164631024
6.872108215095636e-06
4.772297378075089e-06
4.772297378075089e-06
4.772297378075089e-06
4.772297378075089e-06
4.772297378075089e-06
4.772297378075089e-06
4.772297378075089e-06
4.772297378075089e-06
4.772297378075089e-06
42.950681174973184
1546.2243552686261
4.772297378075089e-06
4.772297378075089e-06
4.772297378075089e-06
4.772297378075089e-06
4.772297378075089e-06
4.772297378075089e-06
4.772297378075089e-06
4.772302150372468
4.772297378075089e-06
1.0737669059242757e-05
6.872108215095636e-06
27.48843973249076
4.772297378075089e-06
4.772302150372468
109.95373831363841
6.872108215095636e-06
439.814932638229
6.872108215095636e-06
6.872108215095636e-06
6.872108215095636e-06
6.872115087203851
6.872108215095636e-06
6.872108215095636e-06
6.872108215095636e-06
6.872108215095636e-06
1.0737669059242757e-05
6.872115087203851
27.48843973249076
27.48843973249076
6.872108215095636e-06
6.872108215095636e-06
1.0737669059242757e-05
6.872108215095636e-06
1546.2243552686261
1.0737669059242757e-05
526.1457946405643
6.872108215095636e-06
6.872115087203851
6.872108215095636e-06
27.48843973249076
6.872108215095636e-06
6.872108215095636e-06
6.872108215095636e-06
6.872108215095636e-06
6.872108215095636e-06
6.872108215095636e-06
10.737679796911818
6.872108215095636e-06
6.872108215095636e-06
6.872115087203851
6.872108215095636e-06
6.872108215095636e-06
6.872108215095636e-06
6.872108215095636e-06
6.872108215095636e-06
6.872108215095636e-06
10.737679796911818
6.872108215095636e-06
6.872108215095636e-06
6.872108215095636e-06
6.872108215095636e-06
61.848980807968935
6.872108215095636e-06
27.48843973249076
1.9089189335548606e-05
6.872108215095636e-06
6.872108215095636e-06
6.872108215095636e-06
6.872108215095636e-06
6.872108215095636e-06
6.872115087203851
6.872108215095636e-06
6.872108215095636e-06
1.9089189335548606e-05
6.872108215095636e-06
27.48843973249076
6.872108215095636e-06
4.29506753421653e-05
6.872108215095636e-06
27.48843973249076
1.0737669059242757e-05
6.872115087203851
1161.3862952232707
6.872108215095636e-06
6.872108215095636e-06
6.872108215095636e-06
6.872108215095636e-06
6.872108215095636e-06
6.872108215095636e-06
1.0737669059242757e-05
6.872115087203851
6.872115087203851
6.872115087203851
6.872108215095636e-06
6.872108215095636e-06
42.95068697464009
13916020743.64199
6.872108215095636e-06
6.872115087203851
6.872108215095636e-06
6.872108215095636e-06
6.872108215095636e-06
6.872108215095636e-06
6.872108215095636e-06
19.089208424737944
6.872108215095636e-06
1.0737669059242757e-05
6.872108215095636e-06
6.872108215095636e-06
6.872108215095636e-06
1546.2243552686261
6.872108215095636e-06
6.872108215095636e-06
1.0737669059242757e-05
6.872108215095636e-06
6.872108215095636e-06
6.872108215095636e-06
6.872108215095636e-06
6.872108215095636e-06
6.872108215095636e-06
6.872108215095636e-06
1.0737669059242757e-05
6.872108215095636e-06
6.872115087203851
6.872115087203851
6.872108215095636e-06
6.872108215095636e-06
6.872108215095636e-06
6.872108215095636e-06
6.872108215095636e-06
6.872108215095636e-06
6.872108215095636e-06
1.9089189335548606e-05
6.872108215095636e-06
6.872108215095636e-06
1.0737669059242757e-05
6.872108215095636e-06
1.0737669059242757e-05
1.9089189335548606e-05
19.089208424737944
1.9089189335548606e-05
1.0737669059242757e-05
1.0737669059242757e-05
1.0737669059242757e-05
10.737679796911818
1.0737669059242757e-05
1.0737669059242757e-05
1.0737669059242757e-05
1.0737669059242757e-05
1.0737669059242757e-05
1.0737669059242757e-05
10.737679796911818
1.0737669059242757e-05
1.0737669059242757e-05
1.0737669059242757e-05
1.0737669059242757e-05
1.0737669059242757e-05
1.0737669059242757e-05
1.0737669059242757e-05
1.0737669059242757e-05
1.0737669059242757e-05
1.9089189335548606e-05
1.0737669059242757e-05
1.0737669059242757e-05
1.0737669059242757e-05
1.0737669059242757e-05
1.0737669059242757e-05
1.0737669059242757e-05
1.0737669059242757e-05
1.0737669059242757e-05
1.0737669059242757e-05
1.0737669059242757e-05
1.0737669059242757e-05
1.0737669059242757e-05
171.80271568555324
1.0737669059242757e-05
1.0737669059242757e-05
1.0737669059242757e-05
1.0737669059242757e-05
1.0737669059242757e-05
4.29506753421653e-05
1.9089189335548606e-05
1.0737669059242757e-05
1.9089189335548606e-05
10.737679796911818
1.0737669059242757e-05
1.9089189335548606e-05
10.737679796911818
1.0737669059242757e-05
1.0737669059242757e-05
42.95071829284065
4.29506753421653e-05
19.089208424737944
42.95068697464009
1.0737669059242757e-05
1.0737669059242757e-05
1.0737669059242757e-05
386.55609687040834
1.0737669059242757e-05
1.0737669059242757e-05
1.0737669059242757e-05
1.9089189335548606e-05
0.00017180268705177103
1.9089189335548606e-05
1.0737669059242757e-05
1.0737669059242757e-05
42.95068697464009
10.737679796911818
1.0737669059242757e-05
19.089208424737944
1.9089189335548606e-05
1.0737669059242757e-05
1.0737669059242757e-05
1.9089189335548606e-05
1.0737669059242757e-05
4.29506753421653e-05
1.0737669059242757e-05
1.0737669059242757e-05
1.0737669059242757e-05
1.0737669059242757e-05
10.737679796911818
1.0737669059242757e-05
1.0737669059242757e-05
1546.2243552686261
1.0737669059242757e-05
1.9089189335548606e-05
1.0737669059242757e-05
1.0737669059242757e-05
1.0737669059242757e-05
1.0737669059242757e-05
1.0737669059242757e-05
1.0737669059242757e-05
1.0737669059242757e-05
1.0737669059242757e-05
1.0737669059242757e-05
1.0737669059242757e-05
1.9089189335548606e-05
1.0737669059242757e-05
1.0737669059242757e-05
1.0737669059242757e-05
1.0737669059242757e-05
1.0737669059242757e-05
1.0737669059242757e-05
1.0737669059242757e-05
1.0737669059242757e-05
1.0737669059242757e-05
10.737679796911818
1.0737669059242757e-05
1.0737669059242757e-05
1.0737669059242757e-05
1.9089189335548606e-05
1.0737669059242757e-05
1.0737669059242757e-05
1.0737669059242757e-05
1.9089189335548606e-05
10.737679796911818
10.737679796911818
1.0737669059242757e-05
1.0737669059242757e-05
1.0737669059242757e-05
1.0737669059242757e-05
1.0737669059242757e-05
1.0737669059242757e-05
1.0737669059242757e-05
10.737679796911818
1.0737669059242757e-05
1.0737669059242757e-05
1.0737669059242757e-05
1.0737669059242757e-05
1.0737669059242757e-05
1.0737669059242757e-05
1.0737669059242757e-05
1.0737669059242757e-05
1.0737669059242757e-05
1.0737669059242757e-05
96.63903227085387
268.441737218738
1.0737669059242757e-05
1.0737669059242757e-05
1.0737669059242757e-05
1.0737669059242757e-05
1.9089189335548606e-05
1.0737669059242757e-05
1.0737669059242757e-05
1.0737669059242757e-05
10.737679796911818
1.0737669059242757e-05
96.63903227085387
1.0737669059242757e-05
1.0737669059242757e-05
1.0737669059242757e-05
6184.897388861498
10.737679796911818
1.0737669059242757e-05
1.0737669059242757e-05
10.737679796911818
1.0737669059242757e-05
4.29506753421653e-05
1.0737669059242757e-05
1.0737669059242757e-05
1.9089189335548606e-05
1.9089189335548606e-05
1.9089189335548606e-05
1.9089189335548606e-05
1546.2243552686261
1.9089189335548606e-05
1.9089189335548606e-05
1.9089189335548606e-05
1.9089189335548606e-05
1.9089189335548606e-05
19.089208424737944
1.9089189335548606e-05
1.9089189335548606e-05
1.9089189335548606e-05
19.089208424737944
4.29506753421653e-05
1.9089189335548606e-05
1546.2243552686261
4.29506753421653e-05
1.9089189335548606e-05
19.089208424737944
19.089208424737944
19.089208424737944
1.9089189335548606e-05
19.089208424737944
1.9089189335548606e-05
1.9089189335548606e-05
1.9089189335548606e-05
1.9089189335548606e-05
1.9089189335548606e-05
1.9089189335548606e-05
1.9089189335548606e-05
1.9089189335548606e-05
1.9089189335548606e-05
1.9089189335548606e-05
1.9089189335548606e-05
1073.766926504808
1.9089189335548606e-05
4.29506753421653e-05
1.9089189335548606e-05
1.9089189335548606e-05
1.9089189335548606e-05
1.9089189335548606e-05
1.9089189335548606e-05
1.9089189335548606e-05
4.29506753421653e-05
1.9089189335548606e-05
1.9089189335548606e-05
1.9089189335548606e-05
1.9089189335548606e-05
1.9089189335548606e-05
1.9089189335548606e-05
1.9089189335548606e-05
1.9089189335548606e-05
1.9089189335548606e-05
1.9089189335548606e-05
1.9089189335548606e-05
1.9089189335548606e-05
42.95071829284065
1.9089189335548606e-05
171.8027231091268
1.9089189335548606e-05
1.9089189335548606e-05
1.9089189335548606e-05
1.9089189335548606e-05
76.35677643138376
4.29506753421653e-05
7635.675753308632
1.9089189335548606e-05
1.9089189335548606e-05
1.9089189335548606e-05
1.9089189335548606e-05
1.9089189335548606e-05
1.9089189335548606e-05
19.089208424737944
1.9089189335548606e-05
1.9089189335548606e-05
1.9089189335548606e-05
19.089208424737944
42.95071829284065
4.29506753421653e-05
1.9089189335548606e-05
1.9089189335548606e-05
1.9089189335548606e-05
1.9089189335548606e-05
1.9089189335548606e-05
1.9089189335548606e-05
1.9089189335548606e-05
1.9089189335548606e-05
42.95071829284065
1.9089189335548606e-05
1.9089189335548606e-05
1.9089189335548606e-05
1.9089189335548606e-05
4.29506753421653e-05
1.9089189335548606e-05
1.9089189335548606e-05
1.9089189335548606e-05
1.9089189335548606e-05
1.9089189335548606e-05
1.9089189335548606e-05
1.9089189335548606e-05
1.9089189335548606e-05
1.9089189335548606e-05
1546.2243552686261
1.9089189335548606e-05
1.9089189335548606e-05
1.9089189335548606e-05
1.9089189335548606e-05
1.9089189335548606e-05
1221.7081365643003
1.9089189335548606e-05
1.9089189335548606e-05
0.00017180268705177103
1.9089189335548606e-05
1.9089189335548606e-05
1.9089189335548606e-05
1.9089189335548606e-05
4.29506753421653e-05
19.089208424737944
1.9089189335548606e-05
1.9089189335548606e-05
171.80274431933657
386.55612103016307
1.9089189335548606e-05
1.9089189335548606e-05
1.9089189335548606e-05
1.9089189335548606e-05
1.9089189335548606e-05
1.9089189335548606e-05
1.9089189335548606e-05
1.9089189335548606e-05
1.9089189335548606e-05
1.9089189335548606e-05
1.9089189335548606e-05
1.9089189335548606e-05
1.9089189335548606e-05
1.9089189335548606e-05
1.9089189335548606e-05
1.9089189335548606e-05
1.9089189335548606e-05
1.9089189335548606e-05
1.9089189335548606e-05
1.9089189335548606e-05
1.9089189335548606e-05
1.9089189335548606e-05
1.9089189335548606e-05
1.9089189335548606e-05
1.9089189335548606e-05
1.9089189335548606e-05
1.9089189335548606e-05
1.9089189335548606e-05
1.9089189335548606e-05
1.9089189335548606e-05
1.9089189335548606e-05
1.9089189335548606e-05
1.9089189335548606e-05
0.00017180268705177103
1.9089189335548606e-05
1.9089189335548606e-05
1.9089189335548606e-05
1.9089189335548606e-05
1.9089189335548606e-05
1.9089189335548606e-05
1.9089189335548606e-05
1.9089189335548606e-05
1.9089189335548606e-05
1.9089189335548606e-05
1.9089189335548606e-05
1.9089189335548606e-05
1.9089189335548606e-05
19.089208424737944
1.9089189335548606e-05
1.9089189335548606e-05
1.9089189335548606e-05
1.9089189335548606e-05
1.9089189335548606e-05
1.9089189335548606e-05
1.9089189335548606e-05
1.9089189335548606e-05
19.089208424737944
1.9089189335548606e-05
19.089208424737944
10098.181177594404
1.9089189335548606e-05
1.9089189335548606e-05
1.9089189335548606e-05
1.9089189335548606e-05
1.9089189335548606e-05
0.00017180268705177103
1.9089189335548606e-05
4.29506753421653e-05
1.9089189335548606e-05
1.9089189335548606e-05
1.9089189335548606e-05
1.9089189335548606e-05
1.9089189335548606e-05
1.9089189335548606e-05
1.9089189335548606e-05
19.089208424737944
1.9089189335548606e-05
1.9089189335548606e-05
1.9089189335548606e-05
19.089208424737944
1.9089189335548606e-05
1.9089189335548606e-05
1.9089189335548606e-05
1.9089189335548606e-05
1.9089189335548606e-05
1.9089189335548606e-05
1.9089189335548606e-05
1.9089189335548606e-05
1.9089189335548606e-05
1.9089189335548606e-05
19.089208424737944
1.9089189335548606e-05
4.29506753421653e-05
4.29506753421653e-05
1546.2243552686261
0.00017180268705177103
4.29506753421653e-05
0.00017180268705177103
4.29506753421653e-05
4.29506753421653e-05
1546.2243552686261
4.29506753421653e-05
4.29506753421653e-05
4.29506753421653e-05
386.55612103016307
4.29506753421653e-05
2104.5831347167755
4.29506753421653e-05
4.29506753421653e-05
171.8028588544581
4.29506753421653e-05
4.29506753421653e-05
4.29506753421653e-05
4.29506753421653e-05
4.29506753421653e-05
4.29506753421653e-05
4.29506753421653e-05
4.29506753421653e-05
4.29506753421653e-05
4.29506753421653e-05
4.29506753421653e-05
4.29506753421653e-05
4.29506753421653e-05
1546.2243552686261
4.29506753421653e-05
1546.2243552686261
4.29506753421653e-05
4.29506753421653e-05
4.29506753421653e-05
4.29506753421653e-05
4.29506753421653e-05
4.29506753421653e-05
4.29506753421653e-05
4.29506753421653e-05
4.29506753421653e-05
4.29506753421653e-05
4.29506753421653e-05
4.29506753421653e-05
4.29506753421653e-05
4.29506753421653e-05
4.29506753421653e-05
4.29506753421653e-05
4.29506753421653e-05
4.29506753421653e-05
4.29506753421653e-05
4.29506753421653e-05
4.29506753421653e-05
42.95071829284065
4.29506753421653e-05
4.29506753421653e-05
4.29506753421653e-05
4.29506753421653e-05
0.00017180268705177103
4.29506753421653e-05
4.29506753421653e-05
4.29506753421653e-05
4.29506753421653e-05
4.29506753421653e-05
42.95071829284065
4.29506753421653e-05
4.29506753421653e-05
4.29506753421653e-05
4.29506753421653e-05
4.29506753421653e-05
4.29506753421653e-05
4.29506753421653e-05
4.29506753421653e-05
4.29506753421653e-05
42.95071829284065
4.29506753421653e-05
4.29506753421653e-05
4.29506753421653e-05
4.29506753421653e-05
4.29506753421653e-05
171.8028588544581
4.29506753421653e-05
4.29506753421653e-05
4.29506753421653e-05
4.29506753421653e-05
171.80274431933657
4.29506753421653e-05
4.29506753421653e-05
1546.2243552686261
4.29506753421653e-05
4.29506753421653e-05
4.29506753421653e-05
4.29506753421653e-05
4.29506753421653e-05
4.29506753421653e-05
4.29506753421653e-05
4.29506753421653e-05
4.29506753421653e-05
4.29506753421653e-05
4.29506753421653e-05
4.29506753421653e-05
4.29506753421653e-05
4.29506753421653e-05
4.29506753421653e-05
1546.2243552686261
4.29506753421653e-05
4.29506753421653e-05
42.95071829284065
4.29506753421653e-05
4.29506753421653e-05
0.00017180268705177103
4.29506753421653e-05
4.29506753421653e-05
4.29506753421653e-05
4.29506753421653e-05
4.29506753421653e-05
4.29506753421653e-05
4.29506753421653e-05
4.29506753421653e-05
4.29506753421653e-05
4.29506753421653e-05
4.29506753421653e-05
4.29506753421653e-05
4.29506753421653e-05
4.29506753421653e-05
4.29506753421653e-05
1546.2243552686261
4.29506753421653e-05
4.29506753421653e-05
4.29506753421653e-05
4.29506753421653e-05
4.29506753421653e-05
4.29506753421653e-05
4.29506753421653e-05
4.29506753421653e-05
4.29506753421653e-05
4.29506753421653e-05
4.29506753421653e-05
4.29506753421653e-05
4.29506753421653e-05
4.29506753421653e-05
4.29506753421653e-05
4.29506753421653e-05
4.29506753421653e-05
4.29506753421653e-05
4.29506753421653e-05
4.29506753421653e-05
4.29506753421653e-05
171.80274431933657
4.29506753421653e-05
4.29506753421653e-05
0.00017180268705177103
4.29506753421653e-05
0.00017180268705177103
4.29506753421653e-05
42.95071829284065
4.29506753421653e-05
4.29506753421653e-05
4.29506753421653e-05
1546.2243552686261
4.29506753421653e-05
4.29506753421653e-05
4.29506753421653e-05
4.29506753421653e-05
4.29506753421653e-05
4.29506753421653e-05
4.29506753421653e-05
4.29506753421653e-05
4.29506753421653e-05
4.29506753421653e-05
4.29506753421653e-05
4.29506753421653e-05
4.29506753421653e-05
4.29506753421653e-05
4.29506753421653e-05
4.29506753421653e-05
4.29506753421653e-05
4.29506753421653e-05
4.29506753421653e-05
4.29506753421653e-05
4.29506753421653e-05
0.00017180268705177103
4.29506753421653e-05
4.29506753421653e-05
4.29506753421653e-05
4.29506753421653e-05
386.55612103016307
4.29506753421653e-05
4.29506753421653e-05
4.29506753421653e-05
0.00017180268705177103
4.29506753421653e-05
4.29506753421653e-05
4.29506753421653e-05
4.29506753421653e-05
42.95071829284065
4.29506753421653e-05
4.29506753421653e-05
4.29506753421653e-05
4.29506753421653e-05
4.29506753421653e-05
4.29506753421653e-05
4.29506753421653e-05
4.29506753421653e-05
4.29506753421653e-05
4.29506753421653e-05
171.80274431933657
4.29506753421653e-05
4.29506753421653e-05
4.29506753421653e-05
4.29506753421653e-05
42.95071829284065
4.29506753421653e-05
4.29506753421653e-05
4.29506753421653e-05
4.29506753421653e-05
4.29506753421653e-05
4.29506753421653e-05
4.29506753421653e-05
4.29506753421653e-05
4.29506753421653e-05
4.29506753421653e-05
4.29506753421653e-05
42.95071829284065
4.29506753421653e-05
4.29506753421653e-05
4.29506753421653e-05
4.29506753421653e-05
4.29506753421653e-05
4.29506753421653e-05
4.29506753421653e-05
4.29506753421653e-05
4.29506753421653e-05
4.29506753421653e-05
4.29506753421653e-05
171.8028588544581
4.29506753421653e-05
1546.2243552686261
4.29506753421653e-05
4.29506753421653e-05
4.29506753421653e-05
4.29506753421653e-05
42.95071829284065
4.29506753421653e-05
42.95071829284065
4.29506753421653e-05
4.29506753421653e-05
4.29506753421653e-05
4.29506753421653e-05
4.29506753421653e-05
4.29506753421653e-05
4.29506753421653e-05
4.29506753421653e-05
4.29506753421653e-05
4.29506753421653e-05
4.29506753421653e-05
4.29506753421653e-05
4.29506753421653e-05
1546.2243552686261
4.29506753421653e-05
4.29506753421653e-05
4.29506753421653e-05
4.29506753421653e-05
4.29506753421653e-05
4.29506753421653e-05
4.29506753421653e-05
0.00017180268705177103
4.29506753421653e-05
1546.2243552686261
4.29506753421653e-05
4.29506753421653e-05
4.29506753421653e-05
4.29506753421653e-05
1546.2243552686261
4.29506753421653e-05
4.29506753421653e-05
4.29506753421653e-05
4.29506753421653e-05
1546.2243552686261
687.2108484253204
0.00017180268705177103
4.29506753421653e-05
4.29506753421653e-05
4.29506753421653e-05
4.29506753421653e-05
4.29506753421653e-05
4.29506753421653e-05
4.29506753421653e-05
4.29506753421653e-05
4.29506753421653e-05
4.29506753421653e-05
4.29506753421653e-05
4.29506753421653e-05
4.29506753421653e-05
4.29506753421653e-05
4.29506753421653e-05
4.29506753421653e-05
4.29506753421653e-05
171.80274431933657
4.29506753421653e-05
171.80274431933657
4.29506753421653e-05
4.29506753421653e-05
4.29506753421653e-05
42.95071829284065
4.29506753421653e-05
4.29506753421653e-05
0.00017180268705177103
4.29506753421653e-05
4.29506753421653e-05
42.95071829284065
4.29506753421653e-05
4.29506753421653e-05
4.29506753421653e-05
4.29506753421653e-05
4.29506753421653e-05
42.95071829284065
42.95071829284065
4.29506753421653e-05
4.29506753421653e-05
4.29506753421653e-05
1546.2243552686261
4.29506753421653e-05
4.29506753421653e-05
4.29506753421653e-05
4.29506753421653e-05
4.29506753421653e-05
0.00017180268705177103
4.29506753421653e-05
0.00017180268705177103
4.29506753421653e-05
4.29506753421653e-05
24739591230.52238
4.29506753421653e-05
4.29506753421653e-05
171.80274431933657
4.29506753421653e-05
4.29506753421653e-05
4.29506753421653e-05
4.29506753421653e-05
4.29506753421653e-05
4.29506753421653e-05
4.29506753421653e-05
4.29506753421653e-05
4.29506753421653e-05
4.29506753421653e-05
13916.018853812235
4.29506753421653e-05
4.29506753421653e-05
4.29506753421653e-05
4.29506753421653e-05
4.29506753421653e-05
4.29506753421653e-05
4.29506753421653e-05
4.29506753421653e-05
4.29506753421653e-05
4.29506753421653e-05
4.29506753421653e-05
4.29506753421653e-05
4.29506753421653e-05
171.80274431933657
4.29506753421653e-05
4.29506753421653e-05
0.00017180268705177103
4.29506753421653e-05
4.29506753421653e-05
4.29506753421653e-05
4.29506753421653e-05
4.29506753421653e-05
4.29506753421653e-05
0.00017180268705177103
4.29506753421653e-05
4.29506753421653e-05
0.00017180268705177103
4.29506753421653e-05
4.29506753421653e-05
4.29506753421653e-05
4.29506753421653e-05
4.29506753421653e-05
4.29506753421653e-05
42.95071829284065
4.29506753421653e-05
4.29506753421653e-05
42.95071829284065
4.29506753421653e-05
4.29506753421653e-05
0.00017180268705177103
4.29506753421653e-05
4.29506753421653e-05
4.29506753421653e-05
4.29506753421653e-05
4.29506753421653e-05
4.29506753421653e-05
38655610427.94002
4.29506753421653e-05
4.29506753421653e-05
42.95071829284065
4.29506753421653e-05
4.29506753421653e-05
4.29506753421653e-05
4.29506753421653e-05
4.29506753421653e-05
4.29506753421653e-05
4.29506753421653e-05
4.29506753421653e-05
4.29506753421653e-05
4.29506753421653e-05
4.29506753421653e-05
0.00017180268705177103
4.29506753421653e-05
4.29506753421653e-05
4.29506753421653e-05
4.29506753421653e-05
4.29506753421653e-05
4.29506753421653e-05
4.29506753421653e-05
4.29506753421653e-05
4.29506753421653e-05
4.29506753421653e-05
42.95071829284065
4.29506753421653e-05
4.29506753421653e-05
171.80274431933657
4.29506753421653e-05
4.29506753421653e-05
0.00017180268705177103
4.29506753421653e-05
4.29506753421653e-05
4.29506753421653e-05
4.29506753421653e-05
4.29506753421653e-05
4.29506753421653e-05
4.29506753421653e-05
4.29506753421653e-05
4.29506753421653e-05
4.29506753421653e-05
42.95071829284065
2748.843164631024
42.95071829284065
1546.2243552686261
4.29506753421653e-05
4.29506753421653e-05
4.29506753421653e-05
4.29506753421653e-05
4.29506753421653e-05
4.29506753421653e-05
6184898967.298861
4.29506753421653e-05
4.29506753421653e-05
4.29506753421653e-05
4.29506753421653e-05
4.29506753421653e-05
4.29506753421653e-05
4.29506753421653e-05
4.29506753421653e-05
4.29506753421653e-05
0.00017180268705177103
0.00017180268705177103
1546.2243552686261
0.00017180268705177103
0.00017180268705177103
0.00017180268705177103
0.00017180268705177103
0.00017180268705177103
0.00017180268705177103
0.00017180268705177103
0.00017180268705177103
0.00017180268705177103
0.00017180268705177103
0.00017180268705177103
0.00017180268705177103
0.00017180268705177103
0.00017180268705177103
0.00017180268705177103
0.00017180268705177103
0.00017180268705177103
0.00017180268705177103
0.00017180268705177103
0.00017180268705177103
1546.2243552686261
0.00017180268705177103
0.00017180268705177103
1546.2243552686261
0.00017180268705177103
0.00017180268705177103
0.00017180268705177103
0.00017180268705177103
0.00017180268705177103
0.00017180268705177103
0.00017180268705177103
0.00017180268705177103
0.00017180268705177103
17180.268876979793
1546.2243552686261
0.00017180268705177103
1546.2243552686261
1546.2243552686264
0.00017180268705177103
0.00017180268705177103
0.00017180268705177103
0.00017180268705177103
0.00017180268705177103
0.00017180268705177103
0.00017180268705177103
0.00017180268705177103
0.00017180268705177103
171.8028588544581
0.00017180268705177103
0.00017180268705177103
0.00017180268705177103
0.00017180268705177103
0.00017180268705177103
0.00017180268705177103
0.00017180268705177103
0.00017180268705177103
0.00017180268705177103
0.00017180268705177103
0.00017180268705177103
0.00017180268705177103
0.00017180268705177103
0.00017180268705177103
0.00017180268705177103
0.00017180268705177103
0.00017180268705177103
0.00017180268705177103
0.00017180268705177103
0.00017180268705177103
0.00017180268705177103
0.00017180268705177103
0.00017180268705177103
0.00017180268705177103
0.00017180268705177103
0.00017180268705177103
0.00017180268705177103
0.00017180268705177103
0.00017180268705177103
1546.2243552686261
0.00017180268705177103
0.00017180268705177103
0.00017180268705177103
0.00017180268705177103
0.00017180268705177103
0.00017180268705177103
0.00017180268705177103
0.00017180268705177103
0.00017180268705177103
0.00017180268705177103
0.00017180268705177103
1546.2243552686261
0.00017180268705177103
0.00017180268705177103
0.00017180268705177103
0.00017180268705177103
0.00017180268705177103
0.00017180268705177103
0.00017180268705177103
0.00017180268705177103
0.00017180268705177103
0.00017180268705177103
0.00017180268705177103
0.00017180268705177103
0.00017180268705177103
0.00017180268705177103
0.00017180268705177103
0.00017180268705177103
0.00017180268705177103
0.00017180268705177103
0.00017180268705177103
0.00017180268705177103
0.00017180268705177103
0.00017180268705177103
0.00017180268705177103
0.00017180268705177103
0.00017180268705177103
0.00017180268705177103
171.8028588544581
0.00017180268705177103
0.00017180268705177103
171.8028588544581
0.00017180268705177103
1546.2243552686261
0.00017180268705177103
171.8028588544581
1546.2243552686261
0.00017180268705177103
0.00017180268705177103
0.00017180268705177103
0.00017180268705177103
0.00017180268705177103
0.00017180268705177103
0.00017180268705177103
0.00017180268705177103
0.00017180268705177103
0.00017180268705177103
0.00017180268705177103
1546.2243552686261
0.00017180268705177103
0.00017180268705177103
0.00017180268705177103
0.00017180268705177103
687.2109200097713
0.00017180268705177103
0.00017180268705177103
0.00017180268705177103
0.00017180268705177103
0.00017180268705177103
0.00017180268705177103
0.00017180268705177103
0.00017180268705177103
0.00017180268705177103
0.00017180268705177103
0.00017180268705177103
0.00017180268705177103
0.00017180268705177103
0.00017180268705177103
0.00017180268705177103
0.00017180268705177103
0.00017180268705177103
0.00017180268705177103
0.00017180268705177103
0.00017180268705177103
0.00017180268705177103
0.00017180268705177103
0.00017180268705177103
0.00017180268705177103
0.00017180268705177103
0.00017180268705177103
0.00017180268705177103
0.00017180268705177103
2748.843164631024
0.00017180268705177103
0.00017180268705177103
0.00017180268705177103
0.00017180268705177103
0.00017180268705177103
0.00017180268705177103
0.00017180268705177103
0.00017180268705177103
0.00017180268705177103
0.00017180268705177103
0.00017180268705177103
0.00017180268705177103
0.00017180268705177103
0.00017180268705177103
0.00017180268705177103
0.00017180268705177103
0.00017180268705177103
0.00017180268705177103
0.00017180268705177103
0.00017180268705177103
0.00017180268705177103
0.00017180268705177103
0.00017180268705177103
0.00017180268705177103
0.00017180268705177103
171.8028588544581
0.00017180268705177103
0.00017180268705177103
0.00017180268705177103
0.00017180268705177103
0.00017180268705177103
0.00017180268705177103
0.00017180268705177103
0.00017180268705177103
0.00017180268705177103
0.00017180268705177103
0.00017180268705177103
0.00017180268705177103
0.00017180268705177103
0.00017180268705177103
0.00017180268705177103
0.00017180268705177103
0.00017180268705177103
0.00017180268705177103
0.00017180268705177103
0.00017180268705177103
0.00017180268705177103
0.00017180268705177103
0.00017180268705177103
0.00017180268705177103
0.00017180268705177103
0.00017180268705177103
0.00017180268705177103
0.00017180268705177103
0.00017180268705177103
0.00017180268705177103
0.00017180268705177103
1546.2243552686261
0.00017180268705177103
0.00017180268705177103
0.00017180268705177103
0.00017180268705177103
0.00017180268705177103
0.00017180268705177103
0.00017180268705177103
0.00017180268705177103
0.00017180268705177103
0.00017180268705177103
1546.2243552686261
0.00017180268705177103
0.00017180268705177103
0.00017180268705177103
0.00017180268705177103
0.00017180268705177103
0.00017180268705177103
0.00017180268705177103
0.00017180268705177103
0.00017180268705177103
171.8028588544581
0.00017180268705177103
1546.2243552686261
0.00017180268705177103
0.00017180268705177103
0.00017180268705177103
0.00017180268705177103
0.00017180268705177103
171.8028588544581
1546.2243552686261
0.00017180268705177103
0.00017180268705177103
0.00017180268705177103
0.00017180268705177103
0.00017180268705177103
0.00017180268705177103
1546.2243552686261
0.00017180268705177103
0.00017180268705177103
0.00017180268705177103
171.8028588544581
0.00017180268705177103
0.00017180268705177103
0.00017180268705177103
0.00017180268705177103
0.00017180268705177103
0.00017180268705177103
0.00017180268705177103
0.00017180268705177103
0.00017180268705177103
0.00017180268705177103
1546.2243552686264
0.00017180268705177103
0.00017180268705177103
0.00017180268705177103
1546.2243552686261
0.00017180268705177103
0.00017180268705177103
0.00017180268705177103
0.00017180268705177103
0.00017180268705177103
0.00017180268705177103
0.00017180268705177103
0.00017180268705177103
0.00017180268705177103
1546.2243552686261
0.00017180268705177103
0.00017180268705177103
0.00017180268705177103
0.00017180268705177103
0.00017180268705177103
0.00017180268705177103
0.00017180268705177103
0.00017180268705177103
0.00017180268705177103
0.00017180268705177103
0.00017180268705177103
0.00017180268705177103
0.00017180268705177103
0.00017180268705177103
0.00017180268705177103
171.8028588544581
1546.2243552686261
0.00017180268705177103
0.00017180268705177103
0.00017180268705177103
0.00017180268705177103
0.00017180268705177103
0.00017180268705177103
0.00017180268705177103
0.00017180268705177103
0.00017180268705177103
171.8028588544581
1546.2243552686261
0.00017180268705177103
0.00017180268705177103
0.00017180268705177103
0.00017180268705177103
0.00017180268705177103
171.8028588544581
0.00017180268705177103
0.00017180268705177103
0.00017180268705177103
0.00017180268705177103
0.00017180268705177103
171.8028588544581
0.00017180268705177103
0.00017180268705177103
0.00017180268705177103
0.00017180268705177103
0.00017180268705177103
0.00017180268705177103
0.00017180268705177103
0.00017180268705177103
0.00017180268705177103
0.00017180268705177103
171.8028588544581
0.00017180268705177103
0.00017180268705177103
0.00017180268705177103
0.00017180268705177103
0.00017180268705177103
0.00017180268705177103
0.00017180268705177103
0.00017180268705177103
0.00017180268705177103
0.00017180268705177103
0.00017180268705177103
1546.2243552686261
0.00017180268705177103
0.00017180268705177103
0.00017180268705177103
0.00017180268705177103
0.00017180268705177103
0.00017180268705177103
0.00017180268705177103
1546.2243552686264
0.00017180268705177103
171.8028588544581
0.00017180268705177103
0.00017180268705177103
0.00017180268705177103
0.00017180268705177103
0.00017180268705177103
1546.2243552686261
0.00017180268705177103
0.00017180268705177103
0.00017180268705177103
1546.2243552686261
0.00017180268705177103
0.00017180268705177103
0.00017180268705177103
0.00017180268705177103
0.00017180268705177103
0.00017180268705177103
0.00017180268705177103
0.00017180268705177103
0.00017180268705177103
171.8028588544581
0.00017180268705177103
171.8028588544581
0.00017180268705177103
0.00017180268705177103
0.00017180268705177103
0.00017180268705177103
0.00017180268705177103
0.00017180268705177103
0.00017180268705177103
0.00017180268705177103
0.00017180268705177103
0.00017180268705177103
0.00017180268705177103
0.00017180268705177103
0.00017180268705177103
0.00017180268705177103
1546.2243552686261
0.00017180268705177103
0.00017180268705177103
0.00017180268705177103
0.00017180268705177103
0.00017180268705177103
0.00017180268705177103
0.00017180268705177103
0.00017180268705177103
0.00017180268705177103
171.8028588544581
0.00017180268705177103
0.00017180268705177103
0.00017180268705177103
0.00017180268705177103
0.00017180268705177103
0.00017180268705177103
0.00017180268705177103
0.00017180268705177103
0.00017180268705177103
0.00017180268705177103
0.00017180268705177103
0.00017180268705177103
0.00017180268705177103
0.00017180268705177103
0.00017180268705177103
1546.2243552686261
0.00017180268705177103
0.00017180268705177103
0.00017180268705177103
0.00017180268705177103
0.00017180268705177103
0.00017180268705177103
0.00017180268705177103
0.00017180268705177103
0.00017180268705177103
0.00017180268705177103
0.00017180268705177103
0.00017180268705177103
0.00017180268705177103
0.00017180268705177103
1546.2243552686261
0.00017180268705177103
0.00017180268705177103
0.00017180268705177103
0.00017180268705177103
0.00017180268705177103
0.00017180268705177103
0.00017180268705177103
0.00017180268705177103
0.00017180268705177103
0.00017180268705177103
0.00017180268705177103
1546.2243552686261
0.00017180268705177103
0.00017180268705177103
0.00017180268705177103
0.00017180268705177103
1546.2243552686261
0.00017180268705177103
0.00017180268705177103
1546.2243552686261
1546.2243552686261
0.00017180268705177103
0.00017180268705177103
0.00017180268705177103
1546.2243552686261
0.00017180268705177103
0.00017180268705177103
0.00017180268705177103
0.00017180268705177103
0.00017180268705177103
0.00017180268705177103
0.00017180268705177103
0.00017180268705177103
0.00017180268705177103
0.00017180268705177103
0.00017180268705177103
0.00017180268705177103
0.00017180268705177103
0.00017180268705177103
0.00017180268705177103
0.00017180268705177103
0.00017180268705177103
0.00017180268705177103
1546.2243552686261
0.00017180268705177103
0.00017180268705177103
0.00017180268705177103
1546.2243552686261
0.00017180268705177103
0.00017180268705177103
0.00017180268705177103
0.00017180268705177103
0.00017180268705177103
0.00017180268705177103
0.00017180268705177103
0.00017180268705177103
1546.2243552686261
0.00017180268705177103
0.00017180268705177103
0.00017180268705177103
1546.2243552686261
0.00017180268705177103
0.00017180268705177103
0.00017180268705177103
0.00017180268705177103
0.00017180268705177103
171.8028588544581
0.00017180268705177103
0.00017180268705177103
0.00017180268705177103
0.00017180268705177103
0.00017180268705177103
0.00017180268705177103
0.00017180268705177103
0.00017180268705177103
0.00017180268705177103
0.00017180268705177103
0.00017180268705177103
0.00017180268705177103
0.00017180268705177103
0.00017180268705177103
0.00017180268705177103
1546.2243552686261
0.00017180268705177103
0.00017180268705177103
0.00017180268705177103
0.00017180268705177103
0.00017180268705177103
0.00017180268705177103
0.00017180268705177103
0.00017180268705177103
0.00017180268705177103
0.00017180268705177103
0.00017180268705177103
0.00017180268705177103
0.00017180268705177103
0.00017180268705177103
687.2109200097713
0.00017180268705177103
0.00017180268705177103
0.00017180268705177103
0.00017180268705177103
0.00017180268705177103
0.00017180268705177103
0.00017180268705177103
0.00017180268705177103
0.00017180268705177103
1546.2243552686261
0.00017180268705177103
0.00017180268705177103
0.00017180268705177103
0.00017180268705177103
0.00017180268705177103
0.00017180268705177103
0.00017180268705177103
0.00017180268705177103
0.00017180268705177103
0.00017180268705177103
0.00017180268705177103
0.00017180268705177103
0.00017180268705177103
1546.2243552686261
0.00017180268705177103
0.00017180268705177103
0.00017180268705177103
0.00017180268705177103
0.00017180268705177103
0.00017180268705177103
0.00017180268705177103
0.00017180268705177103
0.00017180268705177103
0.00017180268705177103
0.00017180268705177103
0.00017180268705177103
0.00017180268705177103
0.00017180268705177103
0.00017180268705177103
0.00017180268705177103
0.00017180268705177103
0.00017180268705177103
0.00017180268705177103
0.00017180268705177103
0.00017180268705177103
0.00017180268705177103
0.00017180268705177103
1546.2243552686261
0.00017180268705177103
1546.2243552686261
0.00017180268705177103
0.00017180268705177103
0.00017180268705177103
0.00017180268705177103
0.00017180268705177103
0.00017180268705177103
0.00017180268705177103
0.00017180268705177103
0.00017180268705177103
0.00017180268705177103
0.00017180268705177103
0.00017180268705177103
0.00017180268705177103
0.00017180268705177103
1546.2243552686261
0.00017180268705177103
0.00017180268705177103
0.00017180268705177103
0.00017180268705177103
0.00017180268705177103
171.8028588544581
0.00017180268705177103
0.00017180268705177103
0.00017180268705177103
0.00017180268705177103
0.00017180268705177103
0.00017180268705177103
0.00017180268705177103
0.00017180268705177103
0.00017180268705177103
1546.2243552686264
171.8028588544581
0.00017180268705177103
1546.2243552686261
0.00017180268705177103
0.00017180268705177103
0.00017180268705177103
0.00017180268705177103
0.00017180268705177103
0.00017180268705177103
0.00017180268705177103
0.00017180268705177103
0.00017180268705177103
0.00017180268705177103
0.00017180268705177103
0.00017180268705177103
0.00017180268705177103
0.00017180268705177103
0.00017180268705177103
0.00017180268705177103
171.8028588544581
0.00017180268705177103
0.00017180268705177103
0.00017180268705177103
0.00017180268705177103
0.00017180268705177103
0.00017180268705177103
0.00017180268705177103
0.00017180268705177103
0.00017180268705177103
0.00017180268705177103
0.00017180268705177103
0.00017180268705177103
0.00017180268705177103
0.00017180268705177103
0.00017180268705177103
0.00017180268705177103
0.00017180268705177103
0.00017180268705177103
0.00017180268705177103
0.00017180268705177103
0.00017180268705177103
0.00017180268705177103
0.00017180268705177103
1546.2243552686261
0.00017180268705177103
0.00017180268705177103
0.00017180268705177103
0.00017180268705177103
0.00017180268705177103
0.00017180268705177103
0.00017180268705177103
0.00017180268705177103
0.00017180268705177103
0.00017180268705177103
0.00017180268705177103
0.00017180268705177103
0.00017180268705177103
0.00017180268705177103
0.00017180268705177103
0.00017180268705177103
0.00017180268705177103
0.00017180268705177103
0.00017180268705177103
0.00017180268705177103
0.00017180268705177103
0.00017180268705177103
0.00017180268705177103
0.00017180268705177103
0.00017180268705177103
0.00017180268705177103
1546225901.4929817
0.00017180268705177103
0.00017180268705177103
0.00017180268705177103
0.00017180268705177103
0.00017180268705177103
0.00017180268705177103
0.00017180268705177103
0.00017180268705177103
1546.2243552686261
0.00017180268705177103
0.00017180268705177103
0.00017180268705177103
0.00017180268705177103
0.00017180268705177103
0.00017180268705177103
0.00017180268705177103
0.00017180268705177103
0.00017180268705177103
0.00017180268705177103
0.00017180268705177103
0.00017180268705177103
0.00017180268705177103
0.00017180268705177103
0.00017180268705177103
0.00017180268705177103
0.00017180268705177103
0.00017180268705177103
0.00017180268705177103
0.00017180268705177103
0.00017180268705177103
0.00017180268705177103
0.00017180268705177103
1546225901.4929817
0.00017180268705177103
0.00017180268705177103
0.00017180268705177103
0.00017180268705177103
0.00017180268705177103
0.00017180268705177103
0.00017180268705177103
171.8028588544581
171.8028588544581
0.00017180268705177103
0.00017180268705177103
171.8028588544581
0.00017180268705177103
0.00017180268705177103
0.00017180268705177103
0.00017180268705177103
0.00017180268705177103
0.00017180268705177103
0.00017180268705177103
0.00017180268705177103
0.00017180268705177103
0.00017180268705177103
171.8028588544581
0.00017180268705177103
0.00017180268705177103
0.00017180268705177103
0.00017180268705177103
0.00017180268705177103
0.00017180268705177103
0.00017180268705177103
0.00017180268705177103
0.00017180268705177103
0.00017180268705177103
1546.2243552686261
171.8028588544581
0.00017180268705177103
171.8028588544581
0.00017180268705177103
171.8028588544581
171.8028588544581
0.00017180268705177103
0.00017180268705177103
0.00017180268705177103
0.00017180268705177103
0.00017180268705177103
1546.2243552686261
0.00017180268705177103
0.00017180268705177103
0.00017180268705177103
0.00017180268705177103
0.00017180268705177103
0.00017180268705177103
0.00017180268705177103
0.00017180268705177103
0.00017180268705177103
0.00017180268705177103
0.00017180268705177103
0.00017180268705177103
0.00017180268705177103
0.00017180268705177103
0.00017180268705177103
0.00017180268705177103
0.00017180268705177103
0.00017180268705177103
0.00017180268705177103
0.00017180268705177103
0.00017180268705177103
0.00017180268705177103
0.00017180268705177103
0.00017180268705177103
0.00017180268705177103
171.8028588544581
0.00017180268705177103
0.00017180268705177103
0.00017180268705177103
0.00017180268705177103
0.00017180268705177103
0.00017180268705177103
0.00017180268705177103
0.00017180268705177103
0.00017180268705177103
0.00017180268705177103
0.00017180268705177103
0.00017180268705177103
0.00017180268705177103
171.8028588544581
0.00017180268705177103
0.00017180268705177103
0.00017180268705177103
0.00017180268705177103
0.00017180268705177103
0.00017180268705177103
171.8028588544581
0.00017180268705177103
0.00017180268705177103
0.00017180268705177103
0.00017180268705177103
0.00017180268705177103
0.00017180268705177103
171.8028588544581
0.00017180268705177103
0.00017180268705177103
0.00017180268705177103
171.8028588544581
0.00017180268705177103
171.8028588544581
171.8028588544581
0.00017180268705177103
0.00017180268705177103
0.00017180268705177103
0.00017180268705177103
0.00017180268705177103
0.00017180268705177103
0.00017180268705177103
0.00017180268705177103
0.00017180268705177103
0.00017180268705177103
0.00017180268705177103
6184.896905666445
0.00017180268705177103
0.00017180268705177103
0.00017180268705177103
0.00017180268705177103
0.00017180268705177103
0.00017180268705177103
0.00017180268705177103
1546.2243552686261
1546.2243552686261
0.00017180268705177103
0.00017180268705177103
0.00017180268705177103
0.00017180268705177103
0.00017180268705177103
0.00017180268705177103
0.00017180268705177103
0.00017180268705177103
0.00017180268705177103
0.00017180268705177103
0.00017180268705177103
1546.2243552686261
0.00017180268705177103
0.00017180268705177103
0.00017180268705177103
0.00017180268705177103
0.00017180268705177103
0.00017180268705177103
687.2109200097713
0.00017180268705177103
0.00017180268705177103
0.00017180268705177103
0.00017180268705177103
0.00017180268705177103
0.00017180268705177103
0.00017180268705177103
0.00017180268705177103
0.00017180268705177103
0.00017180268705177103
0.00017180268705177103
0.00017180268705177103
0.00017180268705177103
0.00017180268705177103
0.00017180268705177103
0.00017180268705177103
0.00017180268705177103
0.00017180268705177103
0.00017180268705177103
0.00017180268705177103
0.00017180268705177103
0.00017180268705177103
0.00017180268705177103
0.00017180268705177103
1546.2243552686261
0.00017180268705177103
0.00017180268705177103
0.00017180268705177103
0.00017180268705177103
0.00017180268705177103
0.00017180268705177103
0.00017180268705177103
0.00017180268705177103
0.00017180268705177103
0.00017180268705177103
0.00017180268705177103
171.8028588544581
0.00017180268705177103
0.00017180268705177103
0.00017180268705177103
0.00017180268705177103
0.00017180268705177103
0.00017180268705177103
0.00017180268705177103
0.00017180268705177103
0.00017180268705177103
0.00017180268705177103
0.00017180268705177103
0.00017180268705177103
0.00017180268705177103
0.00017180268705177103
0.00017180268705177103
0.00017180268705177103
0.00017180268705177103
0.00017180268705177103
0.00017180268705177103
0.00017180268705177103
0.00017180268705177103
0.00017180268705177103
0.00017180268705177103
0.00017180268705177103
0.00017180268705177103
0.00017180268705177103
0.00017180268705177103
0.00017180268705177103
0.00017180268705177103
0.00017180268705177103
0.00017180268705177103
0.00017180268705177103
0.00017180268705177103
0.00017180268705177103
0.00017180268705177103
0.00017180268705177103
0.00017180268705177103
0.00017180268705177103
0.00017180268705177103
0.00017180268705177103
0.00017180268705177103
0.00017180268705177103
0.00017180268705177103
0.00017180268705177103
0.00017180268705177103
0.00017180268705177103
0.00017180268705177103
0.00017180268705177103
171.8028588544581
0.00017180268705177103
0.00017180268705177103
0.00017180268705177103
0.00017180268705177103
0.00017180268705177103
0.00017180268705177103
0.00017180268705177103
0.00017180268705177103
0.00017180268705177103
0.00017180268705177103
1546.2243552686264
0.00017180268705177103
0.00017180268705177103
0.00017180268705177103
0.00017180268705177103
0.00017180268705177103
0.00017180268705177103
0.00017180268705177103
0.00017180268705177103
0.00017180268705177103
0.00017180268705177103
0.00017180268705177103
0.00017180268705177103
0.00017180268705177103
1546.2243552686261
0.00017180268705177103
1546.2243552686261
0.00017180268705177103
0.00017180268705177103
171.8028588544581
0.00017180268705177103
1546.2243552686261
0.00017180268705177103
0.00017180268705177103
0.00017180268705177103
0.00017180268705177103
0.00017180268705177103
0.00017180268705177103
0.00017180268705177103
0.00017180268705177103
0.00017180268705177103
0.00017180268705177103
0.00017180268705177103
0.00017180268705177103
0.00017180268705177103
0.00017180268705177103
0.00017180268705177103
0.00017180268705177103
0.00017180268705177103
0.00017180268705177103
0.00017180268705177103
0.00017180268705177103
0.00017180268705177103
0.00017180268705177103
0.00017180268705177103
0.00017180268705177103
0.00017180268705177103
0.00017180268705177103
171.8028588544581
0.00017180268705177103
0.00017180268705177103
0.00017180268705177103
0.00017180268705177103
1546.2243552686261
0.00017180268705177103
0.00017180268705177103
0.00017180268705177103
0.00017180268705177103
8418.331837339469
0.00017180268705177103
0.00017180268705177103
0.00017180268705177103
0.00017180268705177103
1546.2243552686261
0.00017180268705177103
0.00017180268705177103
0.00017180268705177103
0.00017180268705177103
0.00017180268705177103
0.00017180268705177103
0.00017180268705177103
0.00017180268705177103
0.00017180268705177103
0.00017180268705177103
0.00017180268705177103
0.00017180268705177103
1546.2243552686261
1546.2243552686261
0.00017180268705177103
0.00017180268705177103
0.00017180268705177103
0.00017180268705177103
0.00017180268705177103
0.00017180268705177103
0.00017180268705177103
0.00017180268705177103
0.00017180268705177103
0.00017180268705177103
0.00017180268705177103
0.00017180268705177103
0.00017180268705177103
0.00017180268705177103
0.00017180268705177103
0.00017180268705177103
0.00017180268705177103
0.00017180268705177103
0.00017180268705177103
0.00017180268705177103
0.00017180268705177103
0.00017180268705177103
0.00017180268705177103
0.00017180268705177103
0.00017180268705177103
0.00017180268705177103
0.00017180268705177103
0.00017180268705177103
0.00017180268705177103
0.00017180268705177103
0.00017180268705177103
0.00017180268705177103
0.00017180268705177103
0.00017180268705177103
1.0780679335238477
1.0437626739404229
1.0784940293616045
1.1354060917511457
0.4686605528738721
0.9391354643632496
0.761575235437475
0.905346057868079
1.5388832963060717
1.058817272440688
1.6352428907024659
0.8765444198016639
5.491325916313701
1.6368720243173212
1.0971637917733112
0.710350863743393
0.19433132102745268
2.462357770967853
1.0592830964517015
0.7598107995127098
1.898979584209946
1.027848064666829
0.9610436763718407
0.05784116182579828
2.106809909002662
1.6777608021559768e-09
1.0456278600662747
0.3269521362730098
1.4588891303148475
0.43570895108149366
2.001219654751204e-09
1.3502425872661301
0.7818559814571182
0.18931102020975907
1.1264089335681775
10.65159598355613
3.5061776797623296
1.6740708379263523
1.4729312977542532
0.7307298497814211
0.11897694661557387
0.3485973294752825
1.1712834980503137
1.6699727474658872
0.5249394614984559
0.2616388665031524
1.8205736634891172
0.8765444229800674
0.15157576690668487
1.8941248394938732
0.9960475418951196
0.5249394614984559
0.15157576690668487
3.2937323589269023
0.15462243982150076
1.0596093597598926
0.4759077780012652
0.7958843647250969
0.040249493103572995
0.3854853010852496
3.659435294321544
0.5881656749319073
10.13958963980045
0.40224359374423774
0.18671952641155853
5.438145057613931
0.00507451789765775
0.33194582069759593
1.9356692078422535
1.3424954349299139
0.7193123742137979
7.340529474047604
1.5218509669106917
0.45440063246268914
0.2627362683025024
1.4028018962607962
0.8171353499805105
0.2217683528578497
0.39425484473377476
0.3990192105087717
1.5682424866462785
0.30921332498348264
0.4138421982301956
0.7244168825188928
2.1743780062981113
3.914337206145321
0.17424917137844567
0.06193817205033049
0.11590670728812462
0.9567983284580219
2.181188898216907
0.5609884369776386
0.01944351266879858
2.4623577785293644
2.4132506416252366
8.484084264636651
1.616989168492149
0.8892019453340796
1.1239255847066285
1.7180270733270722
2.555067027115769
6.975059754276367
0.2391995892904929
3.770704122236879
2.3593511385044077
1.3094058714231036
0.2428100981004969
0.16265345976567866
1.5583012002977819
0.17042863599969654
0.178774939518612
0.095866112409987
1.0165840758793545
0.3549642830815891
0.04260716698876594
4.517821358734784
0.41554001564304216
0.18774970767278062
0.04469374325972776
2.0162956603750457
0.3247688336703654
0.7387377966099145
0.2078520582257049
0.7764545840504045
7.354218111487638
0.3033025792876893
0.5111485613901171
0.20906226704273975
0.48436820368262146
0.05679429721985369
0.6711043394968148
7.8029179007679925
0.013696020244112152
3.194678434145736
0.7085542271383676
0.37514785791641064
1.9219792543126046
1.5884126096266704
0.3822595074122638
0.42950678252789454
0.7150997580589455
2.6844173020618993
4.579497391022413
0.06353651963382771
2.4739589855825845
1.4790115175954948
0.016513156280452693
3.8933206815814523
1.0393003422955795
0.8947106783516059
2.3033936415072302
1.7888661613803712e-08
2.322913912962989
3.1504619693223352
1.6441421749808203
0.46604468590222287
4.066336260714739
0.4759077922741042
424.24749893964366
0.018641805332204137
2.9875123603150326
0.7808228244906519
2.624432219993319
0.19089191691976817
1.7568513279920641
1.0393003422955795
0.5807284782669204
1.8385545473663707
1.0870780956338955
2.1210210634395282e-08
1.2622239985177477
0.11897697305286019
2.1689522300031376e-08
2.269820423523101
0.20428385877244473
0.20906226704273975
0.023229161430649486
2.7464827076963294
0.5807284782669204
1.675868520749557
1.5583012138110695
0.6234675316094345
1.1930743725307693
0.4088107480685037
8.160910954246045
0.2477526881980138
0.7244169042412173
0.42950679218911236
0.440449202052412
2.409283131743879
0.24159758235070128
1.1930743813164828
0.14024714211244022
0.03223923399138346
2.974423612459845
1.623906784824313
2.243953747872392
0.11295381268145786
2.287314163209434
0.028976703987256703
1.1294553675587502
0.030542733856048176
0.12549506872764724
0.5773668283961122
0.763567613376325
1.0165841006422993
27.11316870582402
0.13256384960490175
0.036085460604842495
0.035061811824442624
1.623906784824313
0.7150997580589455
4.9202668909614165
11.398297117831321
0.5773668283961122
0.03827197102682384
3.608542451941797e-08
6.279121433591481
0.8171353953529279
0.1486182950583968
1.1173433468268779
2.2623845128885502
0.34444743306595244
4.194402047224734
4.066336239915747e-08
0.7150997580589455
0.36597030225577964
4.7722973926571086e-08
0.6925783497054898
2.189992916874698
2.12102110669539
4.328614415120909e-08
0.04772302164954502
2.9549511863734805
0.41554005026206964
1.1930743958872512
0.8765444738394924
3.2365754603421966
3.2685414281988345
2.5024770429344887
0.04772302164954502
0.04935446076937109
1.0165841235004025
4.9354411414959676e-08
0.4441897520890485
0.21913615954789273
0.5111486039717481
5.107095901762305e-08
4.437506176252324
0.49305629050272587
0.21151461875747565
5.287864146970854e-08
0.0635365672842474
0.47590782610601834
4.954083078914165
1.3219660896213552
97.85843004146071
0.28621865736557184
0.2356690659603411
0.594473097656778
5.891725176077233e-08
9.895835942000478
130.14820919846335
0.06872115117441158
5.350257432770535
1.0165841235004025
0.2642103023211009
5.1464568671037405
0.5718285972661966
0.0635365672842474
0.594473097656778
0.594473097656778
6.353650374774366e-08
0.06605262511969452
0.27488439853439894
2.4739590370409306
2.4348457058141326
0.6184898108010445
2.79986310211232
2.684417357890166
0.27488439853439894
1.78886623287293
2.218526769152978
7.188026533275658
2.79986310211232
1.0220268062439179e-07
0.09291664571841025
1.2990753638533556
5.4298140070225855
7.777397289828742e-08
1.6352429921929497
0.33936345497720144
0.10220278282707243
8.484084253408972e-08
1.0220268062439179e-07
3.865560995279815
8.484084253408972e-08
8.874106721647643e-08
0.9663903293524722
2.4348457058141326
1.1897694330175817e-07
14.0247108018948
0.42950687269926063
1.1295378443682318e-07
9.291655280185744e-08
9.291655280185744e-08
4.772297524959071
0.11295389739060763
0.09739392173063666
40.8810723519594
9.739382433681232e-08
2.6844173906427495
1.0220268062439179e-07
7.730333123829886
1.0220268062439179e-07
2.8238447238743642
0.10220278282707243
0.4088108247002478
5.007931452797879
1.0737669133064232e-07
1.0737669133064232e-07
1.0737669133064232e-07
1.1295378443682318e-07
1.1295378443682318e-07
2.1913610474057397e-07
1.0737669133064232e-07
0.9663903293524722
1.1295378443682318e-07
0.4518152507010772
1.1295378443682318e-07
1.1294554616112762
2.8238447238743642
13.589862663779646
0.4518152507010772
11.897694449152763
6.149256955461228
1.1294554616112762
4.2831700778402375
3.31409554394941
0.14024724728822985
1.2549503734624878e-07
100.05960943575558
1.2549503734624878e-07
0.11897706227870149
0.1486184065113767
0.5944731801907331
2.243953852905072
1.2549503734624878e-07
6.872108435681826
1.2549503734624878e-07
5.048895993727529
2.007920723035018
1.1930744806626299
5.048895993727529
12.549503860119916
4.517821469959993
6.872108385262125
0.13256394901924018
0.5302553983855114
12.778713836364084
2.1210211958505965
0.14024724728822985
0.13256394901924018
0.1486184065113767
0.1486184065113767
1.193074646239542
5.048895993727529
1.402471070411228e-07
0.15776205502859092
1.486182578931188e-07
1.5776189726669362e-07
6.039939054888776
0.19089208658050486
1.486182578931188e-07
23.319481357669304
2.684417450937279
1.5776189726669362e-07
0.17877510710072916
1.41985723316214
0.1677762479736551
0.19089208658050486
1.6777608019757486e-07
2.860399031987742
70.37038869771062
1.6777608019757486e-07
8.874107075084
0.17877510710072916
2.1913610474057397e-07
2.1913610474057397e-07
1.193074646239542
0.17877510710072916
1.787749283258008e-07
1.718027252089378
0.17877510710072916
2.28731438878282
0.8765446380984007
1.9089189568860915e-07
1.9089189568860915e-07
1.718027252089378
1.9089189568860915e-07
1.718027252089378
0.8171355484848362
0.20428404033408606
0.7635677736463324
53.877328911110716
3.247688206141267e-07
2.0428383605025e-07
0.8171355484848362
0.8171355484848362
13.07416571149984
5.891725411072746
0.8765446380984007
0.20428404033408606
2.54146014959645e-07
1.9722251618012705
2.1913610474057397e-07
2.1913610474057397e-07
2.3566900701614955e-07
2.54146014959645e-07
7.8888999897967675
1.193074646239542
0.9426762637336052
2.28731438878282
1.2990756072253276
0.9426762637336052
4.772297921423077
2.3566900701614955e-07
8.48408448825039
2.1210212988143526
2.3566900701614955e-07
2.922919710295961
19.08918980397712
2.7488432977666517e-07
0.25414626910565996
2.54146014959645e-07
6.3536506281371405
2.28731438878282
1.0165843139845951
1.4198574301834257
2.54146014959645e-07
0.25414626910565996
0.274884604660995
1.0165843139845951
1.193074646239542
0.47590824900494716
0.274884604660995
2.7488432977666517e-07
2.7488432977666517e-07
13.469332433940925
2.54146014959645e-07
1.193074646239542
2.54146014959645e-07
1.0165843139845951
3.247688206141267e-07
2.7488432977666517e-07
0.274884604660995
2.7488432977666517e-07
2.7488432977666517e-07
0.274884604660995
2.4739592428743165
13.469332433940925
8.11922084012199
1.5583015786698309
2.7488432977666517e-07
0.2982688852613257
1.193074646239542
2.6844175812032356
3.247688206141267e-07
7.456714973087056
11.691677866877383
2.9826858699273875e-07
0.2982688852613257
2.9826858699273875e-07
131.53644716206637
4.2950676523308875e-07
1.193074646239542
0.2982688852613257
2.9826858699273875e-07
0.3247691453829473
3.247688206141267e-07
1.193074646239542
2.9826858699273875e-07
2.9826858699273875e-07
0.2982688852613257
6.711043205718411e-07
2.9826858699273875e-07
1.193074646239542
2.9826858699273875e-07
10.737669430007182
4.2950676523308875e-07
0.8765452951340341
0.354964623769058
0.3247691453829473
6.03993955625089
0.354964623769058
0.354964623769058
24.932819415087838
5.679428655840897
2.922919710295961
11.691677866877383
3.549642688047892e-07
3.8957529727363337e-07
3.549642688047892e-07
3.247688206141267e-07
5.196301454594849
6.233205145953432
3.1946787742073717
3.549642688047892e-07
1.2990756072253276
0.3895756868489307
0.3895756868489307
6.711043205718411e-07
3.549642688047892e-07
3.549642688047892e-07
1.9036315682964693
0.429507194739854
3.5061780650379974
12.77871403193668
0.354964623769058
0.354964623769058
7.614524845462559
3.1946787742073717
3.549642688047892e-07
6.233205145953432
0.3895756868489307
6.233205145953432
29.129179133124904
5.302552656853124e-07
0.47590824900494716
6.233205145953432
0.429507194739854
0.429507194739854
19.089189955983336
3.8957529727363337e-07
0.3895756868489307
1.7180274904391204
3.8957529727363337e-07
0.429507194739854
2.3778927200772655
268.4417287001873
4.7590777309717405e-07
4.7590777309717405e-07
0.429507194739854
5.944730314010585e-07
7.614524845462559
1.7180274904391204
0.429507194739854
4.2950676523308875e-07
4.2950676523308875e-07
1.7180274904391204
4.29506753421653e-05
5.944730314010585e-07
11.897694803337124
4.2950676523308875e-07
5.944730314010585e-07
7.635675824716338e-07
4.7590777309717405e-07
4.7590777309717405e-07
5.302552656853124e-07
4.066337253933283
5.302552656853124e-07
4.7590777309717405e-07
4.7590777309717405e-07
2.1210215929965157
0.5302557959405781
76.35675878894027
0.47590824900494716
1.9036315682964693
0.5302557959405781
4.7590777309717405e-07
1.9036315682964693
2.3778927200772655
5.302552656853124e-07
4.7590777309717405e-07
2.1210215929965157
5.944730314010585e-07
4.7590777309717405e-07
5.302552656853124e-07
2.1210215929965157
0.5944736258740899
0.5302557959405781
5.944730314010585e-07
1.0165840593373057e-06
5.944730314010585e-07
5.302552656853124e-07
5.302552656853124e-07
5.302552656853124e-07
6.711043205718411e-07
5.302552656853124e-07
5.302552656853124e-07
5.302552656853124e-07
5.944730314010585e-07
2.3778927200772655
8.765444185896155e-07
14.861826379499496
0.5944736258740899
5.944730314010585e-07
3.0542710934541177
0.5944736258740899
5.944730314010585e-07
3.0542710934541177
5.944730314010585e-07
5.944730314010585e-07
3.506178550902881
6.03993955625089
0.7635683460392163
0.6711049916761618
12.217082083113725
5.944730314010585e-07
5.944730314010585e-07
5.944730314010585e-07
5.944730314010585e-07
6.711043205718411e-07
6.03993955625089
16.77760868540035
2.6844179533916854
6.711043205718411e-07
6.711043205718411e-07
6.711043205718411e-07
2.6844179533916854
3.506177668395575e-06
2.6844179533916854
6.711043205718411e-07
24.159756211690603
0.8765452951340341
2.6844179533916854
0.6711049916761618
7.635675824716338e-07
14.02471157397827
6.711043205718411e-07
6.711043205718411e-07
6.03993955625089
0.6711049916761618
6.711043205718411e-07
0.6711049916761618
6.711043205718411e-07
6.711043205718411e-07
10.73766980025378
0.7635683460392163
7.635675824716338e-07
0.7635683460392163
7.635675824716338e-07
8.765444185896155e-07
1.0165840593373057e-06
27.4884337325464
7.635675824716338e-07
1.0165850759213653
7.635675824716338e-07
7.635675824716338e-07
7.635675824716338e-07
7.635675824716338e-07
9.149257550619811
0.7635683460392163
7.635675824716338e-07
1546.2243552686261
3.0542710934541177
0.7635683460392163
3.0542710934541177
7.635675824716338e-07
7.888900643850958
16.265345965980956
7.635675824716338e-07
0.8765452951340341
0.8765452951340341
7.635675824716338e-07
7.635675824716338e-07
2.6844172787920295e-06
7.635675824716338e-07
7.635675824716338e-07
7.635675824716338e-07
4.772298582196421
8.765444185896155e-07
0.8765452951340341
7.888900643850958
8.765444185896155e-07
82.34330982290584
8.765444185896155e-07
8.765444185896155e-07
1.0165840593373057e-06
8.765444185896155e-07
8.765444185896155e-07
8.765444185896155e-07
201.62956588348197
1.0165840593373057e-06
8.765444185896155e-07
8.765444185896155e-07
1.0165840593373057e-06
3.506178550902881
3.506178550902881
0.8765452951340341
1.0165850759213653
8.765444185896155e-07
1.1930743472805183e-06
3.506178550902881
49.81261992411205
0.8765452951340341
8.765444185896155e-07
3.506178550902881
3.506178550902881
1.0165840593373057e-06
1.0165850759213653
1.0165850759213653
1.0165850759213653
1.0165850759213653
9.149257550619811
1.1930743472805183e-06
1.0165840593373057e-06
4.066337253933283
1.0165840593373057e-06
1.0165840593373057e-06
4.29506753421653e-05
2.1210210605591293e-06
1.0165840593373057e-06
1.0165840593373057e-06
1.0165840593373057e-06
1.1930755403548656
1.0165840593373057e-06
16.265345965980956
3.506181174573243
4.066337253933283
1.0165840593373057e-06
10.737670318599012
1.0165840593373057e-06
9.149257550619811
1.0165840593373057e-06
1.0165850759213653
1.0165840593373057e-06
5.67942971682225
1.1930755403548656
12.778715088028719
1.1930743472805183e-06
1.1930743472805183e-06
1.1930743472805183e-06
1.1930743472805183e-06
1.1930743472805183e-06
1.1930743472805183e-06
1.1930743472805183e-06
1.1930743472805183e-06
1.1930743472805183e-06
1.1930743472805183e-06
1.1930755403548656
1.1930743472805183e-06
10.737670318599012
1.1930743472805183e-06
1.419857074241294e-06
1.1930743472805183e-06
4.772298582196421
1.419857074241294e-06
1.419857074241294e-06
12.778715088028719
1.7180270595006656e-06
1.419857074241294e-06
1.419857074241294e-06
1.419857074241294e-06
4.772297378075089e-06
1.419857074241294e-06
1.4198584940983683
1.7180270595006656e-06
1.4198584940983683
1.4198584940983683
1.419857074241294e-06
5.67942971682225
1.419857074241294e-06
1.419857074241294e-06
1.419857074241294e-06
1.7180270595006656e-06
2.6844172787920295e-06
2.6844172787920295e-06
1.419857074241294e-06
22.71771460771778
2.1210210605591293e-06
1.7180270595006656e-06
5.67942971682225
1.419857074241294e-06
1.7180270595006656e-06
2.1210210605591293e-06
1.419857074241294e-06
1.419857074241294e-06
5.67942971682225
1.419857074241294e-06
2.1210231815801897
1.419857074241294e-06
1.7180270595006656e-06
1.419857074241294e-06
1.419857074241294e-06
1.419857074241294e-06
1.419857074241294e-06
1.4198584940983683
1.4198584940983683
1.419857074241294e-06
1.4198584940983683
1.4198584940983683
1.7180287775277252
1.7180270595006656e-06
1.7180270595006656e-06
1.7180270595006656e-06
2.1210210605591293e-06
1.7180270595006656e-06
1.7180270595006656e-06
6.872109956029723
1.7180270595006656e-06
1.7180287775277252
2.6844172787920295e-06
1.7180287775277252
1.7180270595006656e-06
1.7180287775277252
1.7180270595006656e-06
6.872109956029723
1.7180270595006656e-06
2.1210210605591293e-06
1.7180270595006656e-06
1.7180270595006656e-06
1.7180270595006656e-06
2.1210231815801897
1.7180287775277252
1.7180270595006656e-06
1.7180270595006656e-06
2.1210210605591293e-06
1.7180270595006656e-06
1.7180287775277252
2.1210231815801897
1.7180270595006656e-06
1.7180270595006656e-06
1.7180287775277252
2.1210210605591293e-06
1.7180270595006656e-06
1.7180270595006656e-06
1.7180287775277252
1.7180270595006656e-06
1.7180270595006656e-06
1.7180270595006656e-06
1.7180270595006656e-06
2.1210210605591293e-06
1.7180270595006656e-06
2.1210231815801897
1.7180270595006656e-06
1.7180270595006656e-06
1.7180270595006656e-06
1.7180270595006656e-06
1.7180270595006656e-06
1.7180270595006656e-06
1.7180270595006656e-06
27.488434670037716
1.7180270595006656e-06
2.1210210605591293e-06
2.1210210605591293e-06
4.772302150372468
256.6435504486757
2.1210210605591293e-06
2.1210210605591293e-06
2.1210210605591293e-06
2.1210210605591293e-06
2.1210231815801897
8.484086363257578
2.6844172787920295e-06
2.1210210605591293e-06
2.6844199632093084
2.1210210605591293e-06
2.1210210605591293e-06
2.1210210605591293e-06
2.1210210605591293e-06
31.555602521737843
2.6844172787920295e-06
1546.2243552686261
2.1210210605591293e-06
2.1210210605591293e-06
2.1210210605591293e-06
2.1210231815801897
2.1210210605591293e-06
31.555602521737843
2.1210210605591293e-06
8.484086363257578
2.6844172787920295e-06
2.1210210605591293e-06
2.1210210605591293e-06
2.1210210605591293e-06
2.1210210605591293e-06
2.1210231815801897
6.872108215095636e-06
2.1210210605591293e-06
2.1210210605591293e-06
2.1210210605591293e-06
10.737671799585398
2.1210210605591293e-06
2.1210231815801897
2.6844172787920295e-06
19.08919166605322
2.1210210605591293e-06
2.1210210605591293e-06
2.1210231815801897
2.1210231815801897
3.506177668395575e-06
2.1210210605591293e-06
2.1210210605591293e-06
2.1210210605591293e-06
2.1210210605591293e-06
2.1210210605591293e-06
2.1210210605591293e-06
2.1210210605591293e-06
3.506177668395575e-06
2.1210210605591293e-06
2.1210210605591293e-06
2.1210210605591293e-06
1.0737669059242757e-05
2.1210210605591293e-06
2.1210231815801897
2.1210231815801897
2.1210210605591293e-06
2.1210231815801897
8.484086363257578
2.6844172787920295e-06
42.95067914508976
2.6844172787920295e-06
10.737671799585398
2.6844172787920295e-06
3.506177668395575e-06
2.6844172787920295e-06
2.6844172787920295e-06
4.772297378075089e-06
10.737671799585398
2.6844172787920295e-06
2.6844199632093084
2.6844172787920295e-06
2.6844172787920295e-06
2.6844172787920295e-06
2.6844172787920295e-06
1.9089189335548606e-05
2.6844199632093084
2.6844172787920295e-06
3.506177668395575e-06
2.6844172787920295e-06
2.6844172787920295e-06
2.6844172787920295e-06
2.6844172787920295e-06
10.737671799585398
2.6844172787920295e-06
24.159758193545542
2.6844172787920295e-06
2.6844199632093084
2.6844172787920295e-06
2.6844172787920295e-06
3.506181174573243
3.506177668395575e-06
2.6844172787920295e-06
2.6844172787920295e-06
3.506177668395575e-06
2.6844172787920295e-06
2.6844199632093084
2.6844172787920295e-06
2.6844172787920295e-06
2.6844199632093084
2.6844172787920295e-06
2.6844199632093084
2.6844172787920295e-06
3.506177668395575e-06
2.6844199632093084
4.772297378075089e-06
2.6844172787920295e-06
2.6844172787920295e-06
2.6844199632093084
2.6844172787920295e-06
2.6844172787920295e-06
4.772297378075089e-06
42.95068697464009
2.6844172787920295e-06
2.6844172787920295e-06
2.6844172787920295e-06
2.6844172787920295e-06
2.6844172787920295e-06
2.6844172787920295e-06
2.6844172787920295e-06
2.6844172787920295e-06
2.6844172787920295e-06
10.737671799585398
3.506177668395575e-06
3.506177668395575e-06
14.024714179759968
3.506177668395575e-06
4.772302150372468
3.506177668395575e-06
3.506181174573243
3.506177668395575e-06
3.506177668395575e-06
3.506177668395575e-06
1.9089189335548606e-05
4.772297378075089e-06
31.555602521737843
3.506177668395575e-06
3.506177668395575e-06
3.506177668395575e-06
3.506177668395575e-06
3.506181174573243
3.506177668395575e-06
3.506177668395575e-06
14.024714179759968
3.506177668395575e-06
3.506177668395575e-06
6.872115087203851
3.506177668395575e-06
3.506177668395575e-06
3.506177668395575e-06
3.506181174573243
3.506177668395575e-06
14.024714179759968
14.024714179759968
6.872108215095636e-06
3.506177668395575e-06
3.506181174573243
4.772297378075089e-06
3.506177668395575e-06
3.506177668395575e-06
3.506177668395575e-06
1.0737669059242757e-05
3.506177668395575e-06
14.024714179759968
4.772297378075089e-06
3.506177668395575e-06
3.506177668395575e-06
3.506177668395575e-06
3.506177668395575e-06
3.506177668395575e-06
56.09884620050688
3.506177668395575e-06
3.506177668395575e-06
3.506177668395575e-06
6891.197369222236
3.506177668395575e-06
3.506181174573243
3.506177668395575e-06
3.506177668395575e-06
4.772297378075089e-06
3.506177668395575e-06
3.506177668395575e-06
3.506177668395575e-06
3.506177668395575e-06
3.506181174573243
4.772297378075089e-06
3.506177668395575e-06
224.39537428349448
3.506177668395575e-06
3.506177668395575e-06
350.61777034573515
3.506177668395575e-06
3.506177668395575e-06
3.506177668395575e-06
3.506177668395575e-06
3.506181174573243
3.506177668395575e-06
1.0737669059242757e-05
3.506177668395575e-06
3.506177668395575e-06
4.772297378075089e-06
4.772297378075089e-06
4.772297378075089e-06
4.772302150372468
4.772297378075089e-06
19.08919428459774
6.872108215095636e-06
4.772297378075089e-06
4.772297378075089e-06
4.772297378075089e-06
4.772297378075089e-06
19.08919428459774
1.0737669059242757e-05
6.872115087203851
4.772297378075089e-06
4.772297378075089e-06
4.772297378075089e-06
4.772302150372468
4.772297378075089e-06
4.772297378075089e-06
6.872108215095636e-06
4.772297378075089e-06
6.872115087203851
4.772297378075089e-06
4.772297378075089e-06
4.772297378075089e-06
4.772297378075089e-06
4.772297378075089e-06
4.772297378075089e-06
4.772297378075089e-06
4.772297378075089e-06
6.872108215095636e-06
4.772297378075089e-06
10.737679796911818
4.772297378075089e-06
4.772297378075089e-06
4.772297378075089e-06
6.872108215095636e-06
4.772297378075089e-06
4.772297378075089e-06
1.9089189335548606e-05
4.772297378075089e-06
4.772302150372468
4.772302150372468
4.772297378075089e-06
4.772297378075089e-06
4.772297378075089e-06
4.772297378075089e-06
4.772297378075089e-06
4.772297378075089e-06
4.772297378075089e-06
4.772297378075089e-06
4.772302150372468
4.772297378075089e-06
4.772297378075089e-06
4.772297378075089e-06
4.772297378075089e-06
4.772297378075089e-06
4.772297378075089e-06
4.772297378075089e-06
4.772297378075089e-06
4.772302150372468
4.772297378075089e-06
4.772297378075089e-06
4.772297378075089e-06
4.772297378075089e-06
19.08919428459774
6.872115087203851
4.772297378075089e-06
305.42703696910314
6.872108215095636e-06
4.772297378075089e-06
4.772297378075089e-06
1.9089189335548606e-05
76.35677643138376
4.772297378075089e-06
4.772297378075089e-06
4.772297378075089e-06
4.772297378075089e-06
4.772302150372468
1.0737669059242757e-05
4.772297378075089e-06
1.0737669059242757e-05
4.772297378075089e-06
4.772297378075089e-06
4.772297378075089e-06
4.772297378075089e-06
6.872108215095636e-06
6.872108215095636e-06
1.0737669059242757e-05
10.737679796911818
6.872108215095636e-06
27.48843973249076
1.0737669059242757e-05
6.872108215095636e-06
6.872108215095636e-06
6.872108215095636e-06
6.872108215095636e-06
6.872108215095636e-06
6.872108215095636e-06
6.872108215095636e-06
6.872108215095636e-06
6.872108215095636e-06
6.872108215095636e-06
6.872108215095636e-06
6.872108215095636e-06
6.872108215095636e-06
6.872108215095636e-06
6.872108215095636e-06
6.872108215095636e-06
27.48843973249076
6.872115087203851
6.872108215095636e-06
6.872108215095636e-06
6.872115087203851
6.872108215095636e-06
6.872115087203851
6.872108215095636e-06
6.872115087203851
6.872108215095636e-06
6.872108215095636e-06
6.872115087203851
6.872108215095636e-06
6.872108215095636e-06
6.872108215095636e-06
6.872108215095636e-06
6.872108215095636e-06
6.872115087203851
6.872115087203851
1546.2243552686261
61.848980807968935
6.872108215095636e-06
6.872108215095636e-06
6.872108215095636e-06
10.737679796911818
6.872108215095636e-06
6.872108215095636e-06
6.872108215095636e-06
6.872108215095636e-06
6.872108215095636e-06
6.872108215095636e-06
6.872108215095636e-06
6.872108215095636e-06
6.872108215095636e-06
6.872115087203851
6.872108215095636e-06
6.872108215095636e-06
1.9089189335548606e-05
1.9089189335548606e-05
6.872108215095636e-06
6.872108215095636e-06
6.872108215095636e-06
6.872108215095636e-06
6.872108215095636e-06
6.872108215095636e-06
6.872108215095636e-06
109.95373831363841
6.872115087203851
6.872108215095636e-06
6.872108215095636e-06
6.872108215095636e-06
1546.2243552686261
6.872108215095636e-06
6.872115087203851
6.872108215095636e-06
6.872108215095636e-06
6.872115087203851
6.872115087203851
1546.2243552686261
6.872108215095636e-06
6.872108215095636e-06
989.5835898458799
6.872115087203851
6.872108215095636e-06
1546.2243552686261
6.872108215095636e-06
96.63903227085387
6.872115087203851
6.872108215095636e-06
6.872108215095636e-06
6.872115087203851
6.872108215095636e-06
6.872108215095636e-06
6.872115087203851
6.872115087203851
6.872108215095636e-06
6.872115087203851
6.872108215095636e-06
6.872108215095636e-06
6.872108215095636e-06
6.872108215095636e-06
6.872108215095636e-06
1.0737669059242757e-05
27.48843973249076
6.872108215095636e-06
6.872108215095636e-06
6.872108215095636e-06
6.872108215095636e-06
109.95373831363841
6.872108215095636e-06
6.872108215095636e-06
6.872108215095636e-06
6.872108215095636e-06
6.872108215095636e-06
6.872108215095636e-06
6.872108215095636e-06
6.872108215095636e-06
6.872108215095636e-06
1.0737669059242757e-05
6.872108215095636e-06
6.872108215095636e-06
6.872108215095636e-06
6.872108215095636e-06
1.0737669059242757e-05
1.0737669059242757e-05
1.0737669059242757e-05
1.0737669059242757e-05
1.0737669059242757e-05
10.737679796911818
1.0737669059242757e-05
1.0737669059242757e-05
1.0737669059242757e-05
1.0737669059242757e-05
1.0737669059242757e-05
1.0737669059242757e-05
1.0737669059242757e-05
1.9089189335548606e-05
1.0737669059242757e-05
1.0737669059242757e-05
1.0737669059242757e-05
1.0737669059242757e-05
1.0737669059242757e-05
1.0737669059242757e-05
10.737679796911818
1.0737669059242757e-05
10.737679796911818
1.0737669059242757e-05
1546.2243552686261
1.0737669059242757e-05
1.0737669059242757e-05
1.0737669059242757e-05
96.63903227085387
171.80274431933657
0.00017180268705177103
1.0737669059242757e-05
1.0737669059242757e-05
1.0737669059242757e-05
1.0737669059242757e-05
1.0737669059242757e-05
1.0737669059242757e-05
1.0737669059242757e-05
1.0737669059242757e-05
42.95068697464009
1.0737669059242757e-05
1.9089189335548606e-05
10.737679796911818
1.0737669059242757e-05
1.0737669059242757e-05
1.0737669059242757e-05
1.0737669059242757e-05
10.737679796911818
10.737679796911818
1.0737669059242757e-05
1.0737669059242757e-05
0.00017180268705177103
10.737679796911818
10.737679796911818
1.0737669059242757e-05
1.0737669059242757e-05
1.0737669059242757e-05
1.0737669059242757e-05
1.0737669059242757e-05
10.737679796911818
1.0737669059242757e-05
1.0737669059242757e-05
1.0737669059242757e-05
1.0737669059242757e-05
96.63903227085387
0.00017180268705177103
1.0737669059242757e-05
1.9089189335548606e-05
1.0737669059242757e-05
1.0737669059242757e-05
1.0737669059242757e-05
1.0737669059242757e-05
1.0737669059242757e-05
1.0737669059242757e-05
1.0737669059242757e-05
1.0737669059242757e-05
1.0737669059242757e-05
1.0737669059242757e-05
1.0737669059242757e-05
1.0737669059242757e-05
1.0737669059242757e-05
1.0737669059242757e-05
1.0737669059242757e-05
1.0737669059242757e-05
1.0737669059242757e-05
1.0737669059242757e-05
1.0737669059242757e-05
1.9089189335548606e-05
1.0737669059242757e-05
1.0737669059242757e-05
1.0737669059242757e-05
1.0737669059242757e-05
1.0737669059242757e-05
1.0737669059242757e-05
1.0737669059242757e-05
1.0737669059242757e-05
0.00017180268705177103
1.0737669059242757e-05
1.0737669059242757e-05
1.0737669059242757e-05
1.0737669059242757e-05
1.0737669059242757e-05
1.0737669059242757e-05
1.0737669059242757e-05
1.0737669059242757e-05
0.00017180268705177103
1.9089189335548606e-05
1.9089189335548606e-05
1.0737669059242757e-05
1.0737669059242757e-05
1.0737669059242757e-05
1.0737669059242757e-05
1.9089189335548606e-05
1.0737669059242757e-05
10.737679796911818
1.0737669059242757e-05
10.737679796911818
1.0737669059242757e-05
1.0737669059242757e-05
10.737679796911818
1.0737669059242757e-05
1.0737669059242757e-05
1.0737669059242757e-05
1.0737669059242757e-05
1.0737669059242757e-05
1.0737669059242757e-05
42.95068697464009
1.9089189335548606e-05
1.0737669059242757e-05
1.0737669059242757e-05
1.0737669059242757e-05
96.63903227085387
1.0737669059242757e-05
1.0737669059242757e-05
1.0737669059242757e-05
1.0737669059242757e-05
1.0737669059242757e-05
1.0737669059242757e-05
1.0737669059242757e-05
1.0737669059242757e-05
10.737679796911818
1.0737669059242757e-05
1.0737669059242757e-05
1.0737669059242757e-05
1.0737669059242757e-05
1.9089189335548606e-05
10.737679796911818
1.9089189335548606e-05
1.0737669059242757e-05
1.0737669059242757e-05
1.0737669059242757e-05
1.0737669059242757e-05
1.0737669059242757e-05
1.0737669059242757e-05
11693.321616253035
1.0737669059242757e-05
1.0737669059242757e-05
42.95068697464009
1.0737669059242757e-05
1.0737669059242757e-05
1.0737669059242757e-05
1.0737669059242757e-05
1.0737669059242757e-05
1.0737669059242757e-05
1.0737669059242757e-05
1.9089189335548606e-05
1.0737669059242757e-05
4.29506753421653e-05
1.9089189335548606e-05
10.737679796911818
1.0737669059242757e-05
1.0737669059242757e-05
1.0737669059242757e-05
1.0737669059242757e-05
1.0737669059242757e-05
1.0737669059242757e-05
1.0737669059242757e-05
1.0737669059242757e-05
1546.2243552686261
1.0737669059242757e-05
1.0737669059242757e-05
10.737679796911818
171.80271568555324
1.0737669059242757e-05
1.9089189335548606e-05
4.29506753421653e-05
1.0737669059242757e-05
1.0737669059242757e-05
1.0737669059242757e-05
10.737679796911818
1.9089189335548606e-05
1.0737669059242757e-05
1.0737669059242757e-05
1.0737669059242757e-05
1.0737669059242757e-05
19.089208424737944
1.9089189335548606e-05
1.9089189335548606e-05
1.9089189335548606e-05
1.9089189335548606e-05
1.9089189335548606e-05
1.9089189335548606e-05
1.9089189335548606e-05
1.9089189335548606e-05
1.9089189335548606e-05
1.9089189335548606e-05
1.9089189335548606e-05
1.9089189335548606e-05
1.9089189335548606e-05
1.9089189335548606e-05
4.29506753421653e-05
4.29506753421653e-05
1.9089189335548606e-05
1.9089189335548606e-05
1.9089189335548606e-05
1.9089189335548606e-05
76.35677643138376
1.9089189335548606e-05
1.9089189335548606e-05
687.2108351689392
1.9089189335548606e-05
1.9089189335548606e-05
4.29506753421653e-05
1.9089189335548606e-05
1.9089189335548606e-05
1.9089189335548606e-05
4.29506753421653e-05
1.9089189335548606e-05
0.00017180268705177103
1.9089189335548606e-05
1.9089189335548606e-05
19.089208424737944
1.9089189335548606e-05
1.9089189335548606e-05
1.9089189335548606e-05
1.9089189335548606e-05
1.9089189335548606e-05
1.9089189335548606e-05
1.9089189335548606e-05
0.00017180268705177103
1.9089189335548606e-05
19.089208424737944
19.089208424737944
1.9089189335548606e-05
1.9089189335548606e-05
1.9089189335548606e-05
42.95071829284065
1.9089189335548606e-05
1.9089189335548606e-05
1.9089189335548606e-05
1.9089189335548606e-05
1.9089189335548606e-05
1.9089189335548606e-05
1.9089189335548606e-05
1.9089189335548606e-05
1.9089189335548606e-05
1.9089189335548606e-05
1.9089189335548606e-05
1.9089189335548606e-05
4.29506753421653e-05
1.9089189335548606e-05
1.9089189335548606e-05
1.9089189335548606e-05
1.9089189335548606e-05
1.9089189335548606e-05
19.089208424737944
1.9089189335548606e-05
19.089208424737944
4.29506753421653e-05
1.9089189335548606e-05
1.9089189335548606e-05
1.9089189335548606e-05
1.9089189335548606e-05
1.9089189335548606e-05
4.29506753421653e-05
1.9089189335548606e-05
1.9089189335548606e-05
1.9089189335548606e-05
1.9089189335548606e-05
1.9089189335548606e-05
1.9089189335548606e-05
1.9089189335548606e-05
1.9089189335548606e-05
1.9089189335548606e-05
1.9089189335548606e-05
1.9089189335548606e-05
1.9089189335548606e-05
1.9089189335548606e-05
1546.2243552686261
4.29506753421653e-05
1.9089189335548606e-05
19.089208424737944
1.9089189335548606e-05
1.9089189335548606e-05
76.35677643138376
1.9089189335548606e-05
1.9089189335548606e-05
1.9089189335548606e-05
1.9089189335548606e-05
1.9089189335548606e-05
1546.2243552686261
1.9089189335548606e-05
1.9089189335548606e-05
4.29506753421653e-05
1.9089189335548606e-05
1.9089189335548606e-05
1.9089189335548606e-05
1546.2243552686261
1.9089189335548606e-05
171.8028588544581
1.9089189335548606e-05
1.9089189335548606e-05
1.9089189335548606e-05
4.29506753421653e-05
1546.2243552686261
1.9089189335548606e-05
1.9089189335548606e-05
1.9089189335548606e-05
1.9089189335548606e-05
687.2109200097713
1.9089189335548606e-05
1.9089189335548606e-05
1.9089189335548606e-05
1.9089189335548606e-05
1.9089189335548606e-05
1.9089189335548606e-05
1.9089189335548606e-05
1.9089189335548606e-05
1.9089189335548606e-05
1.9089189335548606e-05
1.9089189335548606e-05
19.089208424737944
1.9089189335548606e-05
1.9089189335548606e-05
19.089208424737944
1.9089189335548606e-05
1.9089189335548606e-05
1.9089189335548606e-05
1.9089189335548606e-05
1.9089189335548606e-05
1.9089189335548606e-05
1.9089189335548606e-05
19.089208424737944
1.9089189335548606e-05
1.9089189335548606e-05
171.80274431933657
19.089208424737944
1.9089189335548606e-05
1.9089189335548606e-05
1.9089189335548606e-05
1.9089189335548606e-05
171.8028588544581
1.9089189335548606e-05
1.9089189335548606e-05
1.9089189335548606e-05
1.9089189335548606e-05
1.9089189335548606e-05
19.089208424737944
1.9089189335548606e-05
1.9089189335548606e-05
1.9089189335548606e-05
1.9089189335548606e-05
0.00017180268705177103
1.9089189335548606e-05
1.9089189335548606e-05
1.9089189335548606e-05
1.9089189335548606e-05
1.9089189335548606e-05
4.29506753421653e-05
1.9089189335548606e-05
19.089208424737944
1.9089189335548606e-05
1.9089189335548606e-05
1.9089189335548606e-05
1.9089189335548606e-05
1.9089189335548606e-05
1.9089189335548606e-05
1.9089189335548606e-05
4.29506753421653e-05
1.9089189335548606e-05
1.9089189335548606e-05
1.9089189335548606e-05
1.9089189335548606e-05
1.9089189335548606e-05
1.9089189335548606e-05
1.9089189335548606e-05
1.9089189335548606e-05
1.9089189335548606e-05
1.9089189335548606e-05
1.9089189335548606e-05
76.35677643138376
1.9089189335548606e-05
1.9089189335548606e-05
1.9089189335548606e-05
1.9089189335548606e-05
1.9089189335548606e-05
1.9089189335548606e-05
1.9089189335548606e-05
1.9089189335548606e-05
1.9089189335548606e-05
1.9089189335548606e-05
1.9089189335548606e-05
1.9089189335548606e-05
1.9089189335548606e-05
1.9089189335548606e-05
1.9089189335548606e-05
1.9089189335548606e-05
1.9089189335548606e-05
1.9089189335548606e-05
1.9089189335548606e-05
76.35677643138376
1.9089189335548606e-05
1.9089189335548606e-05
5516.775737062737
1.9089189335548606e-05
1.9089189335548606e-05
1.9089189335548606e-05
477.2297524779045
1.9089189335548606e-05
1.9089189335548606e-05
1.9089189335548606e-05
76.35677643138376
1.9089189335548606e-05
1.9089189335548606e-05
4.29506753421653e-05
1546.2243552686261
4.29506753421653e-05
4.29506753421653e-05
4.29506753421653e-05
4.29506753421653e-05
4.29506753421653e-05
4.29506753421653e-05
4.29506753421653e-05
4.29506753421653e-05
4.29506753421653e-05
0.00017180268705177103
4.29506753421653e-05
4.29506753421653e-05
4.29506753421653e-05
4.29506753421653e-05
4.29506753421653e-05
4.29506753421653e-05
4.29506753421653e-05
4.29506753421653e-05
4.29506753421653e-05
4.29506753421653e-05
171.80274431933657
4.29506753421653e-05
42.95071829284065
4.29506753421653e-05
1546.2243552686261
4.29506753421653e-05
4.29506753421653e-05
4.29506753421653e-05
4.29506753421653e-05
4.29506753421653e-05
4.29506753421653e-05
4.29506753421653e-05
4.29506753421653e-05
4.29506753421653e-05
4.29506753421653e-05
4.29506753421653e-05
4.29506753421653e-05
4.29506753421653e-05
4.29506753421653e-05
4.29506753421653e-05
4.29506753421653e-05
42.95071829284065
42.95071829284065
4.29506753421653e-05
4.29506753421653e-05
4.29506753421653e-05
4.29506753421653e-05
4.29506753421653e-05
4.29506753421653e-05
4.29506753421653e-05
0.00017180268705177103
4.29506753421653e-05
4.29506753421653e-05
4.29506753421653e-05
4.29506753421653e-05
4.29506753421653e-05
4.29506753421653e-05
4.29506753421653e-05
4.29506753421653e-05
4.29506753421653e-05
4.29506753421653e-05
4.29506753421653e-05
4.29506753421653e-05
4.29506753421653e-05
4.29506753421653e-05
4.29506753421653e-05
4.29506753421653e-05
4.29506753421653e-05
4.29506753421653e-05
42.95071829284065
4.29506753421653e-05
4.29506753421653e-05
4.29506753421653e-05
4.29506753421653e-05
4.29506753421653e-05
4.29506753421653e-05
4.29506753421653e-05
4.29506753421653e-05
4.29506753421653e-05
4.29506753421653e-05
4.29506753421653e-05
42.95071829284065
4.29506753421653e-05
4.29506753421653e-05
4.29506753421653e-05
4.29506753421653e-05
4.29506753421653e-05
4.29506753421653e-05
4.29506753421653e-05
4.29506753421653e-05
4.29506753421653e-05
0.00017180268705177103
4.29506753421653e-05
4.29506753421653e-05
4.29506753421653e-05
4.29506753421653e-05
4.29506753421653e-05
4.29506753421653e-05
4.29506753421653e-05
4.29506753421653e-05
4.29506753421653e-05
4.29506753421653e-05
4.29506753421653e-05
4.29506753421653e-05
4.29506753421653e-05
4.29506753421653e-05
4.29506753421653e-05
4.29506753421653e-05
0.00017180268705177103
4.29506753421653e-05
4.29506753421653e-05
42.95071829284065
4.29506753421653e-05
4.29506753421653e-05
4.29506753421653e-05
4.29506753421653e-05
4.29506753421653e-05
4.29506753421653e-05
4.29506753421653e-05
4.29506753421653e-05
4.29506753421653e-05
4.29506753421653e-05
4.29506753421653e-05
4.29506753421653e-05
1546.2243552686261
171.80274431933657
4.29506753421653e-05
4.29506753421653e-05
4.29506753421653e-05
4.29506753421653e-05
4.29506753421653e-05
4.29506753421653e-05
42.95071829284065
4.29506753421653e-05
4.29506753421653e-05
4.29506753421653e-05
4.29506753421653e-05
4.29506753421653e-05
42.95071829284065
4.29506753421653e-05
4.29506753421653e-05
4.29506753421653e-05
4.29506753421653e-05
4.29506753421653e-05
0.00017180268705177103
4.29506753421653e-05
4.29506753421653e-05
4.29506753421653e-05
4.29506753421653e-05
4.29506753421653e-05
4.29506753421653e-05
4.29506753421653e-05
42.95071829284065
4.29506753421653e-05
42.95071829284065
4.29506753421653e-05
4.29506753421653e-05
4.29506753421653e-05
687.2108484253204
4.29506753421653e-05
4.29506753421653e-05
0.00017180268705177103
4.29506753421653e-05
4.29506753421653e-05
4.29506753421653e-05
3479.0047456660654
4.29506753421653e-05
4.29506753421653e-05
4.29506753421653e-05
687.2108484253204
4.29506753421653e-05
42.95071829284065
4.29506753421653e-05
4.29506753421653e-05
4.29506753421653e-05
4.29506753421653e-05
1546.2243552686261
1546.2243552686261
4.29506753421653e-05
4.29506753421653e-05
171.80274431933657
4.29506753421653e-05
4.29506753421653e-05
4.29506753421653e-05
4.29506753421653e-05
3479.0047456660654
4.29506753421653e-05
1546.2243552686261
4.29506753421653e-05
4.29506753421653e-05
42.95071829284065
4.29506753421653e-05
42.95071829284065
4.29506753421653e-05
4.29506753421653e-05
4.29506753421653e-05
4.29506753421653e-05
4.29506753421653e-05
42.95071829284065
4.29506753421653e-05
4.29506753421653e-05
4.29506753421653e-05
4.29506753421653e-05
1546.2243552686261
4.29506753421653e-05
4.29506753421653e-05
4.29506753421653e-05
4.29506753421653e-05
4.29506753421653e-05
4.29506753421653e-05
4.29506753421653e-05
4.29506753421653e-05
4.29506753421653e-05
4.29506753421653e-05
4.29506753421653e-05
4.29506753421653e-05
4.29506753421653e-05
4.29506753421653e-05
4.29506753421653e-05
4.29506753421653e-05
4.29506753421653e-05
4.29506753421653e-05
4.29506753421653e-05
4.29506753421653e-05
4.29506753421653e-05
4.29506753421653e-05
4.29506753421653e-05
4.29506753421653e-05
0.00017180268705177103
4.29506753421653e-05
4.29506753421653e-05
4.29506753421653e-05
4.29506753421653e-05
4.29506753421653e-05
42.95071829284065
4.29506753421653e-05
4.29506753421653e-05
4.29506753421653e-05
4.29506753421653e-05
4.29506753421653e-05
4.29506753421653e-05
4.29506753421653e-05
4.29506753421653e-05
4.29506753421653e-05
4.29506753421653e-05
4.29506753421653e-05
4.29506753421653e-05
4.29506753421653e-05
4.29506753421653e-05
4.29506753421653e-05
42.95071829284065
0.00017180268705177103
4.29506753421653e-05
4.29506753421653e-05
4.29506753421653e-05
4.29506753421653e-05
4.29506753421653e-05
4.29506753421653e-05
4.29506753421653e-05
4.29506753421653e-05
4.29506753421653e-05
42.95071829284065
4.29506753421653e-05
4.29506753421653e-05
4.29506753421653e-05
4.29506753421653e-05
4.29506753421653e-05
4.29506753421653e-05
4.29506753421653e-05
4.29506753421653e-05
4.29506753421653e-05
4.29506753421653e-05
4.29506753421653e-05
4.29506753421653e-05
4.29506753421653e-05
4.29506753421653e-05
4.29506753421653e-05
4.29506753421653e-05
4.29506753421653e-05
4.29506753421653e-05
171.80274431933657
4.29506753421653e-05
4.29506753421653e-05
42.95071829284065
4.29506753421653e-05
4.29506753421653e-05
4.29506753421653e-05
4.29506753421653e-05
4.29506753421653e-05
4.29506753421653e-05
4.29506753421653e-05
42.95071829284065
4.29506753421653e-05
4.29506753421653e-05
4.29506753421653e-05
4.29506753421653e-05
4.29506753421653e-05
1546225901.4929817
4.29506753421653e-05
4.29506753421653e-05
4.29506753421653e-05
4.29506753421653e-05
4.29506753421653e-05
4.29506753421653e-05
4.29506753421653e-05
42.95071829284065
4.29506753421653e-05
4.29506753421653e-05
4.29506753421653e-05
4.29506753421653e-05
4.29506753421653e-05
4.29506753421653e-05
42.95071829284065
4.29506753421653e-05
4.29506753421653e-05
4.29506753421653e-05
4.29506753421653e-05
4.29506753421653e-05
4.29506753421653e-05
4.29506753421653e-05
2104.5831347167755
4.29506753421653e-05
4.29506753421653e-05
1546.2243552686261
4.29506753421653e-05
4.29506753421653e-05
4.29506753421653e-05
4.29506753421653e-05
4.29506753421653e-05
4.29506753421653e-05
4.29506753421653e-05
4.29506753421653e-05
4.29506753421653e-05
42.95071829284065
4.29506753421653e-05
4.29506753421653e-05
4.29506753421653e-05
4.29506753421653e-05
4.29506753421653e-05
4.29506753421653e-05
4.29506753421653e-05
4.29506753421653e-05
4.29506753421653e-05
4.29506753421653e-05
4.29506753421653e-05
4.29506753421653e-05
4.29506753421653e-05
4.29506753421653e-05
4.29506753421653e-05
4.29506753421653e-05
4.29506753421653e-05
4.29506753421653e-05
4.29506753421653e-05
4.29506753421653e-05
4.29506753421653e-05
4.29506753421653e-05
4.29506753421653e-05
4.29506753421653e-05
4.29506753421653e-05
4.29506753421653e-05
4.29506753421653e-05
4.29506753421653e-05
4.29506753421653e-05
4.29506753421653e-05
4.29506753421653e-05
1546.2243552686261
0.00017180268705177103
171.80274431933657
4.29506753421653e-05
4.29506753421653e-05
4.29506753421653e-05
4.29506753421653e-05
4.29506753421653e-05
42.95071829284065
0.00017180268705177103
4.29506753421653e-05
4.29506753421653e-05
4.29506753421653e-05
42.95071829284065
4.29506753421653e-05
4.29506753421653e-05
1546.2243552686261
1546.2243552686261
4.29506753421653e-05
4.29506753421653e-05
4.29506753421653e-05
4.29506753421653e-05
42.95071829284065
4.29506753421653e-05
4.29506753421653e-05
4.29506753421653e-05
4.29506753421653e-05
4.29506753421653e-05
4.29506753421653e-05
4.29506753421653e-05
4.29506753421653e-05
4.29506753421653e-05
42.95071829284065
4.29506753421653e-05
4.29506753421653e-05
4.29506753421653e-05
1546.2243552686264
42.95071829284065
4.29506753421653e-05
4.29506753421653e-05
4.29506753421653e-05
4.29506753421653e-05
4.29506753421653e-05
386.55612103016307
4.29506753421653e-05
4.29506753421653e-05
4.29506753421653e-05
4.29506753421653e-05
4.29506753421653e-05
4.29506753421653e-05
3479.0047456660654
4.29506753421653e-05
4.29506753421653e-05
4.29506753421653e-05
4.29506753421653e-05
4.29506753421653e-05
4.29506753421653e-05
4.29506753421653e-05
4.29506753421653e-05
4.29506753421653e-05
0.00017180268705177103
4.29506753421653e-05
4.29506753421653e-05
4.29506753421653e-05
1546.2243552686261
4.29506753421653e-05
4.29506753421653e-05
4.29506753421653e-05
687.2108484253204
4.29506753421653e-05
4.29506753421653e-05
4.29506753421653e-05
4.29506753421653e-05
4.29506753421653e-05
4.29506753421653e-05
42.95071829284065
4.29506753421653e-05
4.29506753421653e-05
4.29506753421653e-05
4.29506753421653e-05
4.29506753421653e-05
4.29506753421653e-05
4.29506753421653e-05
4.29506753421653e-05
0.00017180268705177103
4.29506753421653e-05
4.29506753421653e-05
4.29506753421653e-05
4.29506753421653e-05
4.29506753421653e-05
6184.89729222248
4.29506753421653e-05
4.29506753421653e-05
4.29506753421653e-05
4.29506753421653e-05
4.29506753421653e-05
4.29506753421653e-05
4.29506753421653e-05
4.29506753421653e-05
4.29506753421653e-05
0.00017180268705177103
0.00017180268705177103
0.00017180268705177103
1546.2243552686261
0.00017180268705177103
0.00017180268705177103
0.00017180268705177103
0.00017180268705177103
0.00017180268705177103
0.00017180268705177103
0.00017180268705177103
171.8028588544581
0.00017180268705177103
0.00017180268705177103
0.00017180268705177103
0.00017180268705177103
0.00017180268705177103
0.00017180268705177103
0.00017180268705177103
0.00017180268705177103
0.00017180268705177103
0.00017180268705177103
0.00017180268705177103
0.00017180268705177103
171.8028588544581
0.00017180268705177103
0.00017180268705177103
0.00017180268705177103
0.00017180268705177103
0.00017180268705177103
0.00017180268705177103
0.00017180268705177103
0.00017180268705177103
0.00017180268705177103
0.00017180268705177103
0.00017180268705177103
1546.2243552686261
0.00017180268705177103
0.00017180268705177103
0.00017180268705177103
0.00017180268705177103
0.00017180268705177103
0.00017180268705177103
0.00017180268705177103
0.00017180268705177103
0.00017180268705177103
0.00017180268705177103
0.00017180268705177103
6184.896905666445
0.00017180268705177103
0.00017180268705177103
0.00017180268705177103
0.00017180268705177103
0.00017180268705177103
0.00017180268705177103
0.00017180268705177103
0.00017180268705177103
0.00017180268705177103
0.00017180268705177103
0.00017180268705177103
0.00017180268705177103
0.00017180268705177103
0.00017180268705177103
0.00017180268705177103
1546.2243552686261
0.00017180268705177103
0.00017180268705177103
0.00017180268705177103
0.00017180268705177103
0.00017180268705177103
0.00017180268705177103
171.8028588544581
0.00017180268705177103
0.00017180268705177103
0.00017180268705177103
0.00017180268705177103
0.00017180268705177103
0.00017180268705177103
0.00017180268705177103
0.00017180268705177103
0.00017180268705177103
0.00017180268705177103
0.00017180268705177103
0.00017180268705177103
0.00017180268705177103
0.00017180268705177103
0.00017180268705177103
0.00017180268705177103
0.00017180268705177103
0.00017180268705177103
0.00017180268705177103
0.00017180268705177103
0.00017180268705177103
0.00017180268705177103
0.00017180268705177103
0.00017180268705177103
0.00017180268705177103
0.00017180268705177103
0.00017180268705177103
0.00017180268705177103
0.00017180268705177103
0.00017180268705177103
0.00017180268705177103
0.00017180268705177103
0.00017180268705177103
1546.2243552686261
1546.2243552686261
0.00017180268705177103
0.00017180268705177103
0.00017180268705177103
0.00017180268705177103
171.8028588544581
0.00017180268705177103
0.00017180268705177103
0.00017180268705177103
0.00017180268705177103
0.00017180268705177103
0.00017180268705177103
0.00017180268705177103
0.00017180268705177103
0.00017180268705177103
0.00017180268705177103
0.00017180268705177103
0.00017180268705177103
0.00017180268705177103
0.00017180268705177103
0.00017180268705177103
1546.2243552686261
0.00017180268705177103
0.00017180268705177103
0.00017180268705177103
0.00017180268705177103
0.00017180268705177103
0.00017180268705177103
0.00017180268705177103
0.00017180268705177103
1546.2243552686261
0.00017180268705177103
0.00017180268705177103
0.00017180268705177103
0.00017180268705177103
0.00017180268705177103
0.00017180268705177103
0.00017180268705177103
0.00017180268705177103
0.00017180268705177103
0.00017180268705177103
0.00017180268705177103
0.00017180268705177103
0.00017180268705177103
0.00017180268705177103
171.8028588544581
171.8028588544581
0.00017180268705177103
0.00017180268705177103
0.00017180268705177103
0.00017180268705177103
0.00017180268705177103
0.00017180268705177103
0.00017180268705177103
0.00017180268705177103
0.00017180268705177103
0.00017180268705177103
0.00017180268705177103
0.00017180268705177103
0.00017180268705177103
0.00017180268705177103
171.8028588544581
1546.2243552686261
0.00017180268705177103
0.00017180268705177103
0.00017180268705177103
0.00017180268705177103
0.00017180268705177103
0.00017180268705177103
171.8028588544581
171.8028588544581
0.00017180268705177103
0.00017180268705177103
1546.2243552686261
0.00017180268705177103
0.00017180268705177103
0.00017180268705177103
0.00017180268705177103
0.00017180268705177103
0.00017180268705177103
0.00017180268705177103
0.00017180268705177103
0.00017180268705177103
0.00017180268705177103
0.00017180268705177103
0.00017180268705177103
0.00017180268705177103
0.00017180268705177103
0.00017180268705177103
0.00017180268705177103
0.00017180268705177103
2748.843164631024
0.00017180268705177103
0.00017180268705177103
0.00017180268705177103
0.00017180268705177103
0.00017180268705177103
0.00017180268705177103
0.00017180268705177103
0.00017180268705177103
0.00017180268705177103
0.00017180268705177103
0.00017180268705177103
0.00017180268705177103
0.00017180268705177103
0.00017180268705177103
0.00017180268705177103
0.00017180268705177103
0.00017180268705177103
0.00017180268705177103
0.00017180268705177103
0.00017180268705177103
0.00017180268705177103
0.00017180268705177103
0.00017180268705177103
0.00017180268705177103
171.8028588544581
0.00017180268705177103
0.00017180268705177103
0.00017180268705177103
0.00017180268705177103
0.00017180268705177103
0.00017180268705177103
0.00017180268705177103
0.00017180268705177103
0.00017180268705177103
0.00017180268705177103
0.00017180268705177103
0.00017180268705177103
0.00017180268705177103
0.00017180268705177103
0.00017180268705177103
0.00017180268705177103
0.00017180268705177103
0.00017180268705177103
0.00017180268705177103
0.00017180268705177103
0.00017180268705177103
0.00017180268705177103
0.00017180268705177103
0.00017180268705177103
0.00017180268705177103
0.00017180268705177103
0.00017180268705177103
0.00017180268705177103
0.00017180268705177103
0.00017180268705177103
0.00017180268705177103
0.00017180268705177103
0.00017180268705177103
1546.2243552686261
0.00017180268705177103
0.00017180268705177103
0.00017180268705177103
0.00017180268705177103
0.00017180268705177103
0.00017180268705177103
0.00017180268705177103
0.00017180268705177103
0.00017180268705177103
0.00017180268705177103
0.00017180268705177103
0.00017180268705177103
0.00017180268705177103
0.00017180268705177103
0.00017180268705177103
0.00017180268705177103
0.00017180268705177103
0.00017180268705177103
0.00017180268705177103
0.00017180268705177103
1546.2243552686261
0.00017180268705177103
0.00017180268705177103
0.00017180268705177103
0.00017180268705177103
0.00017180268705177103
0.00017180268705177103
0.00017180268705177103
0.00017180268705177103
171.8028588544581
0.00017180268705177103
0.00017180268705177103
0.00017180268705177103
0.00017180268705177103
1546.2243552686261
1546.2243552686261
0.00017180268705177103
0.00017180268705177103
0.00017180268705177103
0.00017180268705177103
0.00017180268705177103
171.8028588544581
0.00017180268705177103
0.00017180268705177103
1546.2243552686261
0.00017180268705177103
0.00017180268705177103
0.00017180268705177103
171.8028588544581
0.00017180268705177103
0.00017180268705177103
0.00017180268705177103
0.00017180268705177103
0.00017180268705177103
0.00017180268705177103
0.00017180268705177103
0.00017180268705177103
0.00017180268705177103
0.00017180268705177103
0.00017180268705177103
0.00017180268705177103
0.00017180268705177103
0.00017180268705177103
0.00017180268705177103
0.00017180268705177103
0.00017180268705177103
0.00017180268705177103
0.00017180268705177103
0.00017180268705177103
171.8028588544581
0.00017180268705177103
0.00017180268705177103
171.8028588544581
0.00017180268705177103
0.00017180268705177103
0.00017180268705177103
0.00017180268705177103
0.00017180268705177103
0.00017180268705177103
0.00017180268705177103
0.00017180268705177103
0.00017180268705177103
0.00017180268705177103
0.00017180268705177103
0.00017180268705177103
0.00017180268705177103
0.00017180268705177103
0.00017180268705177103
0.00017180268705177103
0.00017180268705177103
0.00017180268705177103
0.00017180268705177103
0.00017180268705177103
0.00017180268705177103
0.00017180268705177103
0.00017180268705177103
0.00017180268705177103
0.00017180268705177103
0.00017180268705177103
0.00017180268705177103
0.00017180268705177103
0.00017180268705177103
0.00017180268705177103
0.00017180268705177103
171.8028588544581
0.00017180268705177103
0.00017180268705177103
0.00017180268705177103
0.00017180268705177103
0.00017180268705177103
0.00017180268705177103
0.00017180268705177103
0.00017180268705177103
0.00017180268705177103
0.00017180268705177103
0.00017180268705177103
0.00017180268705177103
0.00017180268705177103
0.00017180268705177103
0.00017180268705177103
0.00017180268705177103
0.00017180268705177103
0.00017180268705177103
171.8028588544581
0.00017180268705177103
0.00017180268705177103
0.00017180268705177103
0.00017180268705177103
0.00017180268705177103
0.00017180268705177103
0.00017180268705177103
0.00017180268705177103
0.00017180268705177103
0.00017180268705177103
0.00017180268705177103
0.00017180268705177103
0.00017180268705177103
0.00017180268705177103
0.00017180268705177103
171.8028588544581
0.00017180268705177103
0.00017180268705177103
0.00017180268705177103
0.00017180268705177103
0.00017180268705177103
0.00017180268705177103
0.00017180268705177103
0.00017180268705177103
1546.2243552686261
0.00017180268705177103
0.00017180268705177103
0.00017180268705177103
0.00017180268705177103
0.00017180268705177103
0.00017180268705177103
0.00017180268705177103
0.00017180268705177103
0.00017180268705177103
0.00017180268705177103
0.00017180268705177103
0.00017180268705177103
0.00017180268705177103
0.00017180268705177103
0.00017180268705177103
0.00017180268705177103
0.00017180268705177103
0.00017180268705177103
0.00017180268705177103
0.00017180268705177103
0.00017180268705177103
0.00017180268705177103
0.00017180268705177103
0.00017180268705177103
0.00017180268705177103
0.00017180268705177103
0.00017180268705177103
0.00017180268705177103
0.00017180268705177103
0.00017180268705177103
0.00017180268705177103
1546.2243552686261
0.00017180268705177103
0.00017180268705177103
0.00017180268705177103
1546.2243552686261
0.00017180268705177103
1546.2243552686261
0.00017180268705177103
0.00017180268705177103
0.00017180268705177103
0.00017180268705177103
0.00017180268705177103
0.00017180268705177103
0.00017180268705177103
0.00017180268705177103
171.8028588544581
0.00017180268705177103
687.2109200097713
0.00017180268705177103
0.00017180268705177103
0.00017180268705177103
0.00017180268705177103
0.00017180268705177103
0.00017180268705177103
0.00017180268705177103
0.00017180268705177103
0.00017180268705177103
0.00017180268705177103
0.00017180268705177103
0.00017180268705177103
0.00017180268705177103
0.00017180268705177103
0.00017180268705177103
0.00017180268705177103
0.00017180268705177103
0.00017180268705177103
0.00017180268705177103
0.00017180268705177103
0.00017180268705177103
0.00017180268705177103
0.00017180268705177103
0.00017180268705177103
0.00017180268705177103
0.00017180268705177103
0.00017180268705177103
0.00017180268705177103
0.00017180268705177103
0.00017180268705177103
0.00017180268705177103
0.00017180268705177103
1546.2243552686261
1546.2243552686261
0.00017180268705177103
0.00017180268705177103
0.00017180268705177103
0.00017180268705177103
0.00017180268705177103
0.00017180268705177103
0.00017180268705177103
0.00017180268705177103
0.00017180268705177103
0.00017180268705177103
0.00017180268705177103
0.00017180268705177103
0.00017180268705177103
0.00017180268705177103
0.00017180268705177103
0.00017180268705177103
0.00017180268705177103
0.00017180268705177103
0.00017180268705177103
0.00017180268705177103
0.00017180268705177103
0.00017180268705177103
0.00017180268705177103
0.00017180268705177103
0.00017180268705177103
0.00017180268705177103
0.00017180268705177103
0.00017180268705177103
1546.2243552686261
0.00017180268705177103
0.00017180268705177103
0.00017180268705177103
0.00017180268705177103
0.00017180268705177103
0.00017180268705177103
0.00017180268705177103
171.8028588544581
0.00017180268705177103
0.00017180268705177103
0.00017180268705177103
0.00017180268705177103
0.00017180268705177103
0.00017180268705177103
0.00017180268705177103
0.00017180268705177103
0.00017180268705177103
0.00017180268705177103
0.00017180268705177103
1546.2243552686261
0.00017180268705177103
0.00017180268705177103
0.00017180268705177103
0.00017180268705177103
0.00017180268705177103
1546.2243552686261
0.00017180268705177103
1546.2243552686261
0.00017180268705177103
0.00017180268705177103
1546.2243552686261
0.00017180268705177103
0.00017180268705177103
1546.2243552686261
0.00017180268705177103
0.00017180268705177103
171.8028588544581
0.00017180268705177103
0.00017180268705177103
0.00017180268705177103
0.00017180268705177103
0.00017180268705177103
0.00017180268705177103
0.00017180268705177103
0.00017180268705177103
0.00017180268705177103
0.00017180268705177103
0.00017180268705177103
0.00017180268705177103
0.00017180268705177103
0.00017180268705177103
0.00017180268705177103
0.00017180268705177103
0.00017180268705177103
1546.2243552686261
0.00017180268705177103
0.00017180268705177103
0.00017180268705177103
0.00017180268705177103
0.00017180268705177103
0.00017180268705177103
171.8028588544581
1546.2243552686261
0.00017180268705177103
0.00017180268705177103
0.00017180268705177103
0.00017180268705177103
0.00017180268705177103
0.00017180268705177103
171.8028588544581
0.00017180268705177103
0.00017180268705177103
0.00017180268705177103
0.00017180268705177103
0.00017180268705177103
0.00017180268705177103
0.00017180268705177103
171.8028588544581
0.00017180268705177103
0.00017180268705177103
0.00017180268705177103
0.00017180268705177103
0.00017180268705177103
0.00017180268705177103
0.00017180268705177103
0.00017180268705177103
0.00017180268705177103
0.00017180268705177103
0.00017180268705177103
0.00017180268705177103
0.00017180268705177103
0.00017180268705177103
0.00017180268705177103
0.00017180268705177103
0.00017180268705177103
0.00017180268705177103
0.00017180268705177103
0.00017180268705177103
0.00017180268705177103
0.00017180268705177103
0.00017180268705177103
0.00017180268705177103
0.00017180268705177103
0.00017180268705177103
0.00017180268705177103
0.00017180268705177103
0.00017180268705177103
0.00017180268705177103
0.00017180268705177103
0.00017180268705177103
0.00017180268705177103
0.00017180268705177103
0.00017180268705177103
0.00017180268705177103
0.00017180268705177103
0.00017180268705177103
0.00017180268705177103
0.00017180268705177103
0.00017180268705177103
0.00017180268705177103
0.00017180268705177103
0.00017180268705177103
0.00017180268705177103
0.00017180268705177103
0.00017180268705177103
0.00017180268705177103
0.00017180268705177103
0.00017180268705177103
0.00017180268705177103
0.00017180268705177103
0.00017180268705177103
0.00017180268705177103
0.00017180268705177103
0.00017180268705177103
0.00017180268705177103
0.00017180268705177103
0.00017180268705177103
0.00017180268705177103
0.00017180268705177103
0.00017180268705177103
0.00017180268705177103
0.00017180268705177103
1546.2243552686261
0.00017180268705177103
0.00017180268705177103
0.00017180268705177103
0.00017180268705177103
0.00017180268705177103
0.00017180268705177103
0.00017180268705177103
0.00017180268705177103
0.00017180268705177103
0.00017180268705177103
0.00017180268705177103
0.00017180268705177103
0.00017180268705177103
0.00017180268705177103
0.00017180268705177103
0.00017180268705177103
0.00017180268705177103
0.00017180268705177103
0.00017180268705177103
0.00017180268705177103
0.00017180268705177103
0.00017180268705177103
0.00017180268705177103
0.00017180268705177103
1546.2243552686261
0.00017180268705177103
0.00017180268705177103
0.00017180268705177103
0.00017180268705177103
0.00017180268705177103
0.00017180268705177103
0.00017180268705177103
0.00017180268705177103
0.00017180268705177103
0.00017180268705177103
1546.2243552686261
0.00017180268705177103
0.00017180268705177103
0.00017180268705177103
1546.2243552686261
0.00017180268705177103
0.00017180268705177103
0.00017180268705177103
0.00017180268705177103
0.00017180268705177103
0.00017180268705177103
0.00017180268705177103
0.00017180268705177103
0.00017180268705177103
0.00017180268705177103
0.00017180268705177103
0.00017180268705177103
0.00017180268705177103
0.00017180268705177103
0.00017180268705177103
0.00017180268705177103
0.00017180268705177103
0.00017180268705177103
0.00017180268705177103
0.00017180268705177103
171.8028588544581
0.00017180268705177103
1546.2243552686261
1546.2243552686261
0.00017180268705177103
0.00017180268705177103
0.00017180268705177103
0.00017180268705177103
0.00017180268705177103
0.00017180268705177103
0.00017180268705177103
0.00017180268705177103
0.00017180268705177103
0.00017180268705177103
0.00017180268705177103
171.8028588544581
0.00017180268705177103
0.00017180268705177103
1546.2243552686261
0.00017180268705177103
0.00017180268705177103
0.00017180268705177103
0.00017180268705177103
0.00017180268705177103
0.00017180268705177103
0.00017180268705177103
0.00017180268705177103
0.00017180268705177103
0.00017180268705177103
0.00017180268705177103
0.00017180268705177103
0.00017180268705177103
0.00017180268705177103
0.00017180268705177103
0.00017180268705177103
0.00017180268705177103
0.00017180268705177103
0.00017180268705177103
0.00017180268705177103
1546.2243552686261
0.00017180268705177103
0.00017180268705177103
0.00017180268705177103
171.8028588544581
0.00017180268705177103
0.00017180268705177103
0.00017180268705177103
0.00017180268705177103
0.00017180268705177103
0.00017180268705177103
0.00017180268705177103
0.00017180268705177103
0.00017180268705177103
0.00017180268705177103
0.00017180268705177103
0.00017180268705177103
0.00017180268705177103
0.00017180268705177103
0.00017180268705177103
0.00017180268705177103
687.2109200097713
2748.843164631024
0.00017180268705177103
0.00017180268705177103
0.00017180268705177103
0.00017180268705177103
0.00017180268705177103
1546.2243552686261
0.00017180268705177103
1546.2243552686261
0.00017180268705177103
0.00017180268705177103
0.00017180268705177103
0.00017180268705177103
0.00017180268705177103
0.00017180268705177103
0.00017180268705177103
0.00017180268705177103
0.00017180268705177103
0.00017180268705177103
0.00017180268705177103
0.00017180268705177103
0.00017180268705177103
0.00017180268705177103
0.00017180268705177103
0.00017180268705177103
0.00017180268705177103
0.00017180268705177103
0.00017180268705177103
0.00017180268705177103
0.00017180268705177103
0.00017180268705177103
0.00017180268705177103
0.00017180268705177103
0.00017180268705177103
0.00017180268705177103
0.00017180268705177103
0.00017180268705177103
0.00017180268705177103
0.00017180268705177103
0.00017180268705177103
0.00017180268705177103
0.00017180268705177103
0.00017180268705177103
0.00017180268705177103
0.00017180268705177103
0.00017180268705177103
1546.2243552686264
0.00017180268705177103
0.00017180268705177103
0.00017180268705177103
2748.843164631024
0.00017180268705177103
0.00017180268705177103
0.00017180268705177103
0.00017180268705177103
0.00017180268705177103
0.00017180268705177103
0.00017180268705177103
0.00017180268705177103
0.00017180268705177103
0.00017180268705177103
0.00017180268705177103
0.00017180268705177103
0.00017180268705177103
0.00017180268705177103
0.00017180268705177103
0.00017180268705177103
0.00017180268705177103
0.00017180268705177103
0.00017180268705177103
0.00017180268705177103
0.00017180268705177103
0.00017180268705177103
0.00017180268705177103
1546.2243552686261
0.00017180268705177103
0.00017180268705177103
0.00017180268705177103
0.00017180268705177103
0.00017180268705177103
0.00017180268705177103
0.00017180268705177103
171.8028588544581
0.00017180268705177103
0.00017180268705177103
0.00017180268705177103
0.00017180268705177103
0.00017180268705177103
0.00017180268705177103
1546.2243552686264
0.00017180268705177103
0.00017180268705177103
0.00017180268705177103
0.00017180268705177103
0.00017180268705177103
1546.2243552686261
0.00017180268705177103
0.00017180268705177103
0.00017180268705177103
0.00017180268705177103
0.00017180268705177103
0.00017180268705177103
0.00017180268705177103
1546.2243552686261
0.00017180268705177103
0.00017180268705177103
0.00017180268705177103
6184898967.298861
0.00017180268705177103
0.00017180268705177103
0.00017180268705177103
0.00017180268705177103
0.00017180268705177103
0.00017180268705177103
0.00017180268705177103
0.00017180268705177103
0.00017180268705177103
0.00017180268705177103
0.00017180268705177103
0.00017180268705177103
0.00017180268705177103
0.00017180268705177103
0.00017180268705177103
0.00017180268705177103
0.00017180268705177103
0.00017180268705177103
0.00017180268705177103
0.00017180268705177103
0.00017180268705177103
0.00017180268705177103
0.00017180268705177103
0.00017180268705177103
0.00017180268705177103
0.00017180268705177103
0.00017180268705177103
0.00017180268705177103
0.00017180268705177103
0.00017180268705177103
0.00017180268705177103
0.00017180268705177103
0.00017180268705177103
0.00017180268705177103
0.00017180268705177103
1546.2243552686261
0.00017180268705177103
0.00017180268705177103
0.00017180268705177103
0.00017180268705177103
0.00017180268705177103
0.00017180268705177103
0.00017180268705177103
171.8028588544581
171.8028588544581
1546.2243552686261
0.00017180268705177103
0.00017180268705177103
0.00017180268705177103
0.00017180268705177103
0.00017180268705177103
0.00017180268705177103
0.00017180268705177103
0.00017180268705177103
687.2109200097713
0.00017180268705177103
0.00017180268705177103
0.00017180268705177103
1546.2243552686261
0.00017180268705177103
0.00017180268705177103
0.00017180268705177103
0.00017180268705177103
0.00017180268705177103
0.00017180268705177103
0.00017180268705177103
0.00017180268705177103
1546.2243552686261
0.00017180268705177103
0.00017180268705177103
0.00017180268705177103
0.00017180268705177103
0.00017180268705177103
0.00017180268705177103
0.00017180268705177103
0.00017180268705177103
0.00017180268705177103
0.00017180268705177103
0.00017180268705177103
0.00017180268705177103
0.00017180268705177103
0.00017180268705177103
0.00017180268705177103
171.8028588544581
0.00017180268705177103
0.00017180268705177103
0.00017180268705177103
0.00017180268705177103
0.00017180268705177103
0.00017180268705177103
1546.2243552686261
0.00017180268705177103
1546.2243552686261
0.00017180268705177103
0.00017180268705177103
0.00017180268705177103
0.00017180268705177103
0.00017180268705177103
0.00017180268705177103
0.00017180268705177103
0.00017180268705177103
1546.2243552686261
0.00017180268705177103
0.00017180268705177103
0.00017180268705177103
0.00017180268705177103
0.00017180268705177103
0.00017180268705177103
0.00017180268705177103
0.00017180268705177103
0.00017180268705177103
0.00017180268705177103
0.00017180268705177103
171.8028588544581
0.00017180268705177103
0.00017180268705177103
0.00017180268705177103
0.00017180268705177103
0.00017180268705177103
0.00017180268705177103
0.00017180268705177103
0.00017180268705177103
0.00017180268705177103
1546.2243552686261
0.00017180268705177103
0.00017180268705177103
1546.2243552686261
0.00017180268705177103
0.00017180268705177103
0.00017180268705177103
0.00017180268705177103
0.00017180268705177103
0.00017180268705177103
0.00017180268705177103
0.00017180268705177103
0.00017180268705177103
0.00017180268705177103
0.00017180268705177103
0.00017180268705177103
0.00017180268705177103
0.00017180268705177103
0.00017180268705177103
0.00017180268705177103
0.00017180268705177103
0.00017180268705177103
0.00017180268705177103
0.00017180268705177103
0.00017180268705177103
1546.2243552686261
0.00017180268705177103
0.00017180268705177103
0.00017180268705177103
0.00017180268705177103
0.00017180268705177103
0.00017180268705177103
0.00017180268705177103
0.00017180268705177103
0.00017180268705177103
0.00017180268705177103
0.00017180268705177103
0.00017180268705177103
0.00017180268705177103
0.00017180268705177103
0.00017180268705177103
0.00017180268705177103
0.00017180268705177103
0.00017180268705177103
0.00017180268705177103
0.00017180268705177103
0.00017180268705177103
0.00017180268705177103
0.00017180268705177103
0.00017180268705177103
0.00017180268705177103
0.00017180268705177103
171.8028588544581
0.00017180268705177103
0.00017180268705177103
1546.2243552686261
0.00017180268705177103
0.00017180268705177103
0.00017180268705177103
0.00017180268705177103
0.00017180268705177103
0.00017180268705177103
0.00017180268705177103
0.00017180268705177103
0.00017180268705177103
0.00017180268705177103
0.00017180268705177103
0.00017180268705177103
0.00017180268705177103
0.00017180268705177103
0.00017180268705177103
0.00017180268705177103
0.00017180268705177103
0.00017180268705177103
0.00017180268705177103
0.00017180268705177103
0.00017180268705177103
0.00017180268705177103
0.00017180268705177103
171.8028588544581
0.00017180268705177103
0.00017180268705177103
0.00017180268705177103
0.00017180268705177103
0.00017180268705177103
0.00017180268705177103
0.00017180268705177103
0.00017180268705177103
0.00017180268705177103
0.00017180268705177103
0.00017180268705177103
0.00017180268705177103
0.00017180268705177103
0.00017180268705177103
0.00017180268705177103
0.00017180268705177103
1546.2243552686261
0.00017180268705177103
0.00017180268705177103
0.00017180268705177103
0.00017180268705177103
0.00017180268705177103
0.00017180268705177103
0.00017180268705177103
0.00017180268705177103
0.00017180268705177103
0.00017180268705177103
0.00017180268705177103
0.00017180268705177103
0.00017180268705177103
0.00017180268705177103
1155201.2679079112
0.00017180268705177103
0.00017180268705177103
0.00017180268705177103
0.00017180268705177103
1546.2243552686261
8418.331837339469
0.00017180268705177103
0.00017180268705177103
0.00017180268705177103
0.00017180268705177103
0.00017180268705177103
0.00017180268705177103
0.00017180268705177103
0.00017180268705177103
0.00017180268705177103
0.00017180268705177103
1546225901.4929817
0.00017180268705177103
0.00017180268705177103
0.00017180268705177103
1.186305145708903
0.7855868113190301
0.7805352334416973
0.729588348900591
0.9087085284009935
0.4955457862109623
0.9865018629253492
0.95733743646429
1.8745785302226199
5.38186878072982
1.3311383672265038
0.9306483874968767
0.40812393485291565
0.6213268478005923
0.6781499877574311
0.2137587370894878
0.4072810304641859
3.5488921381598626
1.5871135451800706
1.4024178508175291
1.443619962068307
0.6350226829822934
0.5191040478571529
1.7559933648876984
0.6324664711450129
0.24088853968887883
0.7217363350171144
1.1531655013535933
0.7827760809279654
4.304720466937631
0.9910106437978223
0.9871620627713024
2.2439537142619344
3.207072894443142
0.9929433802108368
1.299075284171569
0.6160231868130593
0.3942548401147789
0.43767470015463833
1.307808539288155
0.5829859025503343
4.026697132454801
0.8542129966298047
0.6805232158222607
2.666370833797896
3.481871493952149
0.9819500235462205
1.6918977554178463
0.8892019386689003
2.403529594417331
0.6565419140028663
2.281648965230031
4.6974389888389165
1.3094058633138248
1.1173433049567825
5.115110177010842
0.1294630184189971
0.7344819858943505
0.7150997161779498
0.789670585747636
0.3334097456939104
0.6771366923798051
0.5065332375677084
0.8362489789816214
0.17552454645837595
0.39331221322439625
6.807124139253321
0.18908678539764745
0.566369585312557
2.2273216282747343
1.144874347765537
1.180742917763078
2.099757832978796
2.1436451329710056
4.024948867612925
1.319241743181877
2.4295839282324807
0.29826859170982284
0.42011892794269
0.32832790960576813
0.5130123558733182
0.9480704492904277
1.0748294096623303
0.5674551058870229
0.053502578791189886
0.005361969911771444
0.6160231914313926
0.9480704492904277
0.41896713019271065
5.819655828146287
1.9036310988427805
2.4061161243625486
0.41896713019271065
4.303737381271591
0.6882018420854866
0.01082154685956552
0.027182904013429834
0.17424917137844567
0.7244168825188928
0.28621859377321524
66.74320743655771
1.176674903970035
0.9490562278466596
3.0329491460879123
0.20149501901408706
0.643991826051589
0.20149501901408706
0.138264849355801
6.778292176562003
0.3067296961338588
0.12720826831616028
1.0759343519869122
1.2269187589746282
2.1210210728824523
3.164325361649853
0.9050480859209016
0.9021356220225959
1.1406380035518213
0.703703895343735
4.772297402634089
0.08741164153211713
0.7150997245541489
1.5718811050800778
0.4022435999500857
0.3774961909689494
0.9663902339661783
4.772297403592538
0.178774939518612
0.7387377966099145
1.1500842453795501
3.5061776884506837
0.4224368275958113
0.5944730437570525
0.6045915521863326
0.5944730437570525
0.11490967056023817
0.6592789390427144
0.11490967056023817
3.5061776900110417
2.7330030496815927
1.3454672085323094
0.5302552805914176
1.3219660367766205e-08
1.1093765440925605
0.618489759280849
1.885544454843463
3.5061776918937686
4.437506135282223
0.3615072658266561
0.6832507728783179
0.13014262495218182
7.01163989668473
13.505322359783804
0.3822595074122638
0.6832507728783179
0.13256383119483908
1.4729313087907148
1.1218623981940006
0.26421025279014665
0.13256384960490175
16.099795470312007
1.558301189471447e-08
0.39710316431976206
0.4210438021056647
0.26421025279014665
0.46604468590222287
0.06605257558239147
0.15462245270541522
0.6063030676217865
0.07614526275435785
0.017888679502465327
0.07777399234471463
0.7986696271679327
1.6441421749808203
0.33194583625421564
0.3895753217141094
2.6185445489418693
4.772297417077709
0.21401031516229113
13.192572466091438
0.5158272602741092
2.434845608535333e-08
2.7528073683051892
0.4088107480685037
0.45181516601049315
1.7180270882239308
2.6844172834058716e-08
2.7528073683051892
0.2676981521886406
0.8765444541284233
0.8059800760437446
0.5452972564962216
0.46362682914598213
3.314095411598691e-08
0.501980180789311
2.1210210965641165
5.302165359575523
0.03314098725694103
3.314095411598691e-08
4.77229742584307
0.902135649070874
1.226918784515153
0.33439111743818717
11.081252945995674
0.14434173416309642
0.03715460163052256
1.8205736964765107
5.855524226142039
0.33439111743818717
0.03827197102682384
0.1626534902599923
4.437506176252324
0.34444743306595244
0.03827197102682384
0.389575340647026
0.03944051376016583
0.7150997580589455
0.45963868222956644
0.04066340306251987
14.263424948277759
0.7150997580589455
0.45963868222956644
2.189992916874698
0.1908919434292583
0.05287869434835002
4.9354411414959676e-08
4.7722973926571086e-08
1.4198571322872418
0.5111486039717481
1.2338603347284034
0.5504537298007016
5.107095901762305e-08
1.3696007095581921
0.8460583163939783
0.5302553247642027
5.4784026190966626e-08
0.05679433981400137
2.0445942455041437
0.5302553247642027
5.6794283019718344e-08
2.0445942455041437
2.0445942455041437
5.6794283019718344e-08
1.5290380296036934
0.9087085851097768
2.886945395195096
0.594473097656778
74.63123761779775
0.0715547180073778
6.116151873768698e-08
1.8641787435414656
0.5504537298007016
1.144874414798348
0.07456722132611951
0.730729927689102
6.605255906713545e-08
4.398149345734146
6.872108245332911e-08
0.38957539474107367
0.730729927689102
0.0715547180073778
7.155464645273134e-08
7.155464645273134e-08
69.57299678645859
1.8641787435414656
0.28621865736557184
0.08119228635852706
9.637132526419357
1.144874414798348
2.5759673438529744
0.08874115595754364
0.07777405067226033
0.07777405067226033
0.07777405067226033
8.119220516632189e-08
1.2990753638533556
0.33936345497720144
8.119220516632189e-08
8.119220516632189e-08
0.3549643576069729
0.09291664571841025
42.9506766797296
0.33936345497720144
1.3574535653862785
0.38957539474107367
2.555067117812476
20.031725504583473
8.484084253408972e-08
0.19089208658050486
0.8765445164251352
0.08484092737493226
8.484084253408972e-08
0.3549643576069729
1.3574535653862785
0.08874115595754364
1.0220268062439179e-07
9.291655280185744e-08
8.874106721647643e-08
1.6352429921929497
1.4198571642046902
1.1897694330175817e-07
10.737669240440924
0.10220278282707243
0.10737679870733366
0.09291664571841025
0.09739392173063666
0.09291664571841025
2.555067117812476
0.9198242278222067
0.38957539474107367
9.739382433681232e-08
0.09739392173063666
0.09739392173063666
4.772297489897628
0.4088108247002478
2.1210211958505965
129.56589137459162
0.42950687269926063
0.42950687269926063
0.42950687269926063
5.534735550358121
0.13256394901924018
1.2549503734624878e-07
0.9663903293524722
0.11897706227870149
1.1295378443682318e-07
1.0737669133064232e-07
0.5609885684115983
0.42950687269926063
1.3375644696563271
0.13256394901924018
1.2549503734624878e-07
0.11295389739060763
1.016584172885193
0.11897706227870149
9.511568653777863
3.137376059151257
0.5019802748800325
1.1897694330175817e-07
2.007920723035018
112.94553373711895
0.5019802748800325
1.0707926086927668
1.2549503734624878e-07
32.12672968613473
0.14024724728822985
1.2549503734624878e-07
1.2549503734624878e-07
0.5019802748800325
1.486182578931188e-07
0.12549516284128612
1.1930744806626299
0.5302553983855114
8.484084385710936
2.243953852905072
96.63903227085387
1.402471070411228e-07
1.3375644696563271
0.14024724728822985
2.377892274908159
0.5609885684115983
0.1486184065113767
17.982809353685635
0.14024724728822985
0.14024724728822985
6.872108385262125
0.7150998920781316
1.718027252089378
3.7154565959462285
0.19089208658050486
4.772297583107125
0.9426762637336052
3.9440475894292386
1.41985723316214
1.5776189726669362e-07
0.17877510710072916
0.6310477468286718
0.8765446380984007
0.25414626910565996
16.77760818753357
0.6711044885663797
0.20428404033408606
1.6777608019757486e-07
2.28731438878282
1.509984889554254
1.787749283258008e-07
1.9089189568860915e-07
0.20428404033408606
1.9089189568860915e-07
0.17877510710072916
0.20428404033408606
0.20428404033408606
1.787749283258008e-07
2.7488432977666517e-07
1.787749283258008e-07
0.19089208658050486
1.9089189568860915e-07
4.2950676523308875e-07
1.9089189568860915e-07
0.20428404033408606
0.19089208658050486
1.9089189568860915e-07
2.0428383605025e-07
0.20428404033408606
0.21913632387667872
0.8765446380984007
2.0428383605025e-07
0.8171355484848362
0.20428404033408606
2.9826858699273875e-07
0.23566924268515657
2.1210212988143526
0.21913632387667872
2.3566900701614955e-07
0.25414626910565996
0.8765446380984007
0.9426762637336052
4.2950676523308875e-07
3.247688206141267e-07
0.21913632387667872
2.1210212988143526
0.23566924268515657
2.54146014959645e-07
0.23566924268515657
0.9426762637336052
2.54146014959645e-07
3.7707043479274005
2.3566900701614955e-07
11.547781579460336
0.25414626910565996
2.1210212988143526
2.3566900701614955e-07
1.2990756072253276
0.9426762637336052
8.48408448825039
0.25414626910565996
0.3247691453829473
4.398149551310974
1.7180274904391204
2.54146014959645e-07
2.54146014959645e-07
2.54146014959645e-07
1.193074646239542
2.28731438878282
2.9826858699273875e-07
2.54146014959645e-07
2.7488432977666517e-07
2.7488432977666517e-07
1.193074646239542
2.7488432977666517e-07
2.7488432977666517e-07
1.4198574301834257
0.274884604660995
1.0995375939909906
2.7488432977666517e-07
0.2982688852613257
2.9826858699273875e-07
2.9826858699273875e-07
3.549642688047892e-07
2.9826858699273875e-07
2.9826858699273875e-07
1.193074646239542
2.9826858699273875e-07
2.9826858699273875e-07
1.4198574301834257
2.9826858699273875e-07
5.196301454594849
1.193074646239542
0.3247691453829473
0.2982688852613257
0.3895756868489307
3.549642688047892e-07
0.3247691453829473
0.3247691453829473
5.196301454594849
3.1946787742073717
15.46224397789796
1.4198574301834257
3.247688206141267e-07
0.6711049916761618
3.247688206141267e-07
3.549642688047892e-07
0.3247691453829473
3.549642688047892e-07
3.549642688047892e-07
19.089189955983336
0.429507194739854
3.549642688047892e-07
1.7180274904391204
3.549642688047892e-07
0.3895756868489307
6.233205145953432
0.429507194739854
3.549642688047892e-07
3.8957529727363337e-07
38.957530116938635
0.354964623769058
3.8957529727363337e-07
526.145789327655
0.429507194739854
3.549642688047892e-07
3.8957529727363337e-07
1.4198574301834257
0.3895756868489307
4.2950676523308875e-07
3.8957529727363337e-07
0.3895756868489307
1.9036315682964693
3.865561316604564
3.8957529727363337e-07
0.3895756868489307
1.7180274904391204
14.024711091426099
0.3895756868489307
0.3895756868489307
3.8957529727363337e-07
4.283170433782339
0.47590824900494716
5.944730314010585e-07
3.865561316604564
0.429507194739854
0.429507194739854
4.2950676523308875e-07
0.429507194739854
1.7180274904391204
1.7180274904391204
4.2950676523308875e-07
4.772297921423077
4.2950676523308875e-07
0.47590824900494716
4.2950676523308875e-07
4.7590777309717405e-07
4.7590777309717405e-07
4.2950676523308875e-07
4.7590777309717405e-07
4.7590777309717405e-07
1.9036315682964693
5.944730314010585e-07
0.47590824900494716
1546.2243552686261
4.7590777309717405e-07
4.772297921423077
4.7590777309717405e-07
4.772297921423077
0.5302557959405781
1.9036315682964693
4.7590777309717405e-07
8.765444185896155e-07
4.7590777309717405e-07
4.7590777309717405e-07
0.5944736258740899
21.91361134128481
64.16088767817807
0.5302557959405781
5.302552656853124e-07
0.5944736258740899
0.5302557959405781
5.350257877082558
0.5302557959405781
0.5302557959405781
0.6711049916761618
0.5944736258740899
5.302552656853124e-07
2.1210215929965157
0.7635683460392163
6.711043205718411e-07
5.302552656853124e-07
0.7635683460392163
6.711043205718411e-07
2.6844179533916854
5.944730314010585e-07
5.944730314010585e-07
2.3778927200772655
489.23505036797656
61.848974943769925
5.944730314010585e-07
6.872109005812287
6.711043205718411e-07
6.711043205718411e-07
92.39167824263528
5.944730314010585e-07
0.5944736258740899
9.51156909688997
6.711043205718411e-07
5.350257877082558
5.944730314010585e-07
7.635675824716338e-07
1.7180287775277252
0.5944736258740899
2.6844179533916854
5.944730314010585e-07
6.03993955625089
6.711043205718411e-07
7.635675824716338e-07
2.6844179533916854
0.7635683460392163
6.711043205718411e-07
2.6844179533916854
1.0165850759213653
6.711043205718411e-07
54.35945063742346
6.711043205718411e-07
6.03993955625089
6.711043205718411e-07
6.711043205718411e-07
16.77760868540035
9.149257550619811
6.711043205718411e-07
2.6844179533916854
29.826859875087308
6.03993955625089
6.03993955625089
6.03993955625089
6.872109005812287
8.765444185896155e-07
6.711043205718411e-07
6.711043205718411e-07
2.6844179533916854
7.635675824716338e-07
7.635675824716338e-07
3.0542710934541177
1.0165850759213653
0.7635683460392163
7.635675824716338e-07
3.506178550902881
7.635675824716338e-07
0.7635683460392163
7.635675824716338e-07
7.635675824716338e-07
7.635675824716338e-07
7.635675824716338e-07
7.635675824716338e-07
0.7635683460392163
7.635675824716338e-07
7.635675824716338e-07
0.7635683460392163
7.635675824716338e-07
7.635675824716338e-07
1546.2243552686261
7.635675824716338e-07
3.0542710934541177
12.217082083113725
3.0542710934541177
7.635675824716338e-07
7.635675824716338e-07
7.635675824716338e-07
7.635675824716338e-07
19.08919032535843
7.635675824716338e-07
7.635675824716338e-07
7.635675824716338e-07
7.635675824716338e-07
7.635675824716338e-07
8.765444185896155e-07
0.8765452951340341
0.8765452951340341
8.765444185896155e-07
1546.2243552686261
8.765444185896155e-07
1.1930743472805183e-06
1.1930743472805183e-06
3.506178550902881
0.8765452951340341
8.765444185896155e-07
0.8765452951340341
8.765444185896155e-07
8.765444185896155e-07
8.765444185896155e-07
1.0165840593373057e-06
0.8765452951340341
3.506177668395575e-06
1.0165850759213653
1.0165850759213653
1.0165850759213653
0.8765452951340341
8.765444185896155e-07
8.765444185896155e-07
0.8765452951340341
1.7180270595006656e-06
1.0165840593373057e-06
8.765444185896155e-07
1.0165850759213653
8.765444185896155e-07
8.765444185896155e-07
8.765444185896155e-07
0.8765452951340341
8.765444185896155e-07
1.0165840593373057e-06
8.765444185896155e-07
1.1930743472805183e-06
1.0165840593373057e-06
1.0165840593373057e-06
1.0165840593373057e-06
1.0165840593373057e-06
4.772298582196421
5.67942971682225
1.0165850759213653
1.4198584940983683
25.414602500016706
1.0165840593373057e-06
1.419857074241294e-06
1.0165840593373057e-06
1.0165840593373057e-06
2.1210210605591293e-06
1.0165840593373057e-06
1.0165840593373057e-06
1.0165850759213653
1.0165840593373057e-06
4.066337253933283
1.0165840593373057e-06
1.0165840593373057e-06
1.1930743472805183e-06
1.0165840593373057e-06
1.419857074241294e-06
1.1930743472805183e-06
1.1930743472805183e-06
204.45942011060342
1.1930743472805183e-06
6.872108215095636e-06
1.1930743472805183e-06
1.1930743472805183e-06
1.1930755403548656
1.1930743472805183e-06
1.1930743472805183e-06
1.7180287775277252
1.4198584940983683
1.1930743472805183e-06
6.872108215095636e-06
1.1930743472805183e-06
1.419857074241294e-06
19.089190749562643
1.1930743472805183e-06
1.1930743472805183e-06
2.1210210605591293e-06
29.826859875087308
1.1930755403548656
1.419857074241294e-06
1.419857074241294e-06
1.7180270595006656e-06
1.4198584940983683
1.419857074241294e-06
1.419857074241294e-06
1.7180270595006656e-06
5.67942971682225
5.67942971682225
6.872109956029723
1.419857074241294e-06
1.7180270595006656e-06
5.67942971682225
6.872109956029723
22.71771460771778
1.7180270595006656e-06
1.7180287775277252
1.7180270595006656e-06
42.95068697464009
1.419857074241294e-06
1.419857074241294e-06
1.419857074241294e-06
1.4198584940983683
1.419857074241294e-06
1.4198584940983683
1.4198584940983683
1.7180270595006656e-06
22.71771460771778
6.872109956029723
1.419857074241294e-06
35.49642827588942
1.419857074241294e-06
319.46784312414826
1546.2243552686261
1.419857074241294e-06
1.4198584940983683
1.7180287775277252
1.419857074241294e-06
1.4198584940983683
1.419857074241294e-06
2.1210210605591293e-06
1.7180270595006656e-06
1.7180287775277252
1.7180270595006656e-06
1.7180287775277252
1.7180270595006656e-06
1.7180287775277252
1.7180287775277252
1.7180287775277252
6.872109956029723
1.7180270595006656e-06
15.46224525353305
2.6844172787920295e-06
6.872109956029723
1.7180287775277252
2.1210231815801897
1.7180287775277252
2.6844172787920295e-06
1.7180270595006656e-06
1.7180270595006656e-06
19.08919166605322
1.7180270595006656e-06
1.7180270595006656e-06
0.00017180268705177103
2.1210231815801897
6.872109956029723
1.7180270595006656e-06
109.95373352606968
1.7180287775277252
1.7180270595006656e-06
1.7180270595006656e-06
2.1210210605591293e-06
6.872109956029723
1.7180270595006656e-06
1.0737669059242757e-05
1.7180270595006656e-06
1.7180270595006656e-06
1.7180270595006656e-06
1.7180270595006656e-06
1.7180270595006656e-06
1.7180270595006656e-06
2.1210210605591293e-06
1.7180287775277252
1.7180270595006656e-06
3.506177668395575e-06
2.1210210605591293e-06
2.1210210605591293e-06
24.159758193545542
8.484086363257578
2.1210210605591293e-06
2.1210210605591293e-06
2.1210231815801897
8.484086363257578
2.1210210605591293e-06
2.1210210605591293e-06
1.0737669059242757e-05
2.1210210605591293e-06
2.1210210605591293e-06
19.08919166605322
2.1210210605591293e-06
2.1210210605591293e-06
3.506177668395575e-06
2.6844172787920295e-06
2.1210210605591293e-06
2.1210210605591293e-06
2.1210210605591293e-06
24.159758193545542
2.1210210605591293e-06
2.1210210605591293e-06
2.6844172787920295e-06
2.1210210605591293e-06
10.737671799585398
2.1210210605591293e-06
2.1210210605591293e-06
2.1210210605591293e-06
2.1210231815801897
2.1210210605591293e-06
2.1210210605591293e-06
2.1210210605591293e-06
256.6435504486757
2.1210210605591293e-06
2.1210210605591293e-06
2.1210210605591293e-06
2.1210210605591293e-06
2.1210210605591293e-06
2.1210210605591293e-06
8.484086363257578
2.1210210605591293e-06
2.1210210605591293e-06
8.484086363257578
2.1210210605591293e-06
2.6844172787920295e-06
8.484086363257578
103.9300340884184
2.1210210605591293e-06
256.6435504486757
19.08919166605322
8.484086363257578
2.1210210605591293e-06
2.6844172787920295e-06
3.506177668395575e-06
10.737671799585398
2.6844172787920295e-06
2.6844172787920295e-06
3.506177668395575e-06
2.6844172787920295e-06
2.6844172787920295e-06
2.6844172787920295e-06
96.63902472093034
2.6844172787920295e-06
2.6844199632093084
2.6844172787920295e-06
2.6844172787920295e-06
2.6844172787920295e-06
2.6844172787920295e-06
2.6844172787920295e-06
3.506177668395575e-06
2.6844199632093084
2.6844199632093084
2.6844199632093084
3.506177668395575e-06
3.506177668395575e-06
2.6844172787920295e-06
24.159758193545542
2.6844172787920295e-06
3.506177668395575e-06
2.6844172787920295e-06
4.772297378075089e-06
2.6844172787920295e-06
2.6844172787920295e-06
24.159758193545542
3.506181174573243
2.6844172787920295e-06
3.506177668395575e-06
2.6844172787920295e-06
3.506177668395575e-06
2.6844172787920295e-06
10.737671799585398
6.872108215095636e-06
2.6844172787920295e-06
2.6844172787920295e-06
2.6844172787920295e-06
2.6844172787920295e-06
2.6844172787920295e-06
2.6844199632093084
2.6844172787920295e-06
3.506177668395575e-06
2.6844199632093084
2.6844172787920295e-06
2.6844199632093084
2.6844172787920295e-06
2.6844172787920295e-06
2.6844199632093084
2.6844172787920295e-06
3.506177668395575e-06
2.6844172787920295e-06
3.506181174573243
3.506177668395575e-06
3.506177668395575e-06
56.09884620050688
3.506177668395575e-06
3.506177668395575e-06
4.29506753421653e-05
4.772302150372468
3.506177668395575e-06
3.506177668395575e-06
171.80270925756085
3.506177668395575e-06
3.506177668395575e-06
1546.2243552686261
3.506177668395575e-06
4.772297378075089e-06
3.506177668395575e-06
3.506177668395575e-06
14.024714179759968
31.555602521737843
4.772297378075089e-06
3.506177668395575e-06
3.506177668395575e-06
14.024714179759968
14.024714179759968
14.024714179759968
3.506177668395575e-06
3.506177668395575e-06
3.506181174573243
3.506177668395575e-06
3.506177668395575e-06
4.772297378075089e-06
3.506177668395575e-06
3.506177668395575e-06
4.772297378075089e-06
3.506181174573243
3.506177668395575e-06
14.024714179759968
3.506177668395575e-06
87.65444521606705
4.772297378075089e-06
3.506177668395575e-06
4.772297378075089e-06
3.506177668395575e-06
3.506177668395575e-06
56.09884620050688
3.506181174573243
3.506181174573243
14.024714179759968
3.506177668395575e-06
3.506177668395575e-06
3.506177668395575e-06
3.506177668395575e-06
3.506181174573243
3.506177668395575e-06
3.506177668395575e-06
4.772297378075089e-06
3.506177668395575e-06
3.506177668395575e-06
4.772297378075089e-06
3.506177668395575e-06
3.506177668395575e-06
3.506181174573243
3.506177668395575e-06
3.506177668395575e-06
3.506177668395575e-06
3.506177668395575e-06
3.506177668395575e-06
3.506177668395575e-06
3.506177668395575e-06
3.506177668395575e-06
3.506177668395575e-06
3.506181174573243
4.772302150372468
3.506177668395575e-06
4.772302150372468
4.772297378075089e-06
4.772297378075089e-06
4.772297378075089e-06
4.772297378075089e-06
6.872115087203851
4.772297378075089e-06
19.08919428459774
4.772297378075089e-06
19.08919428459774
6.872115087203851
233.8425762979768
4.772297378075089e-06
4.772297378075089e-06
4.772297378075089e-06
4.772297378075089e-06
4.772297378075089e-06
4.772297378075089e-06
4.772297378075089e-06
4.772297378075089e-06
6.872108215095636e-06
4.772302150372468
4.772297378075089e-06
4.772297378075089e-06
4.772297378075089e-06
6.872108215095636e-06
4.772302150372468
4.772297378075089e-06
4.772297378075089e-06
4.772297378075089e-06
4.772297378075089e-06
4.772297378075089e-06
4.772297378075089e-06
4.772297378075089e-06
4.772297378075089e-06
4.772297378075089e-06
4.772297378075089e-06
4.772297378075089e-06
4.772297378075089e-06
4.772297378075089e-06
4.772302150372468
19.08919428459774
4.772297378075089e-06
4.772297378075089e-06
4.772297378075089e-06
171.8027103830006
4.772297378075089e-06
869.7512045363326
1.0737669059242757e-05
4.772302150372468
6.872108215095636e-06
4.772297378075089e-06
4.772297378075089e-06
4.772302150372468
4.772297378075089e-06
6.872115087203851
4.772297378075089e-06
4.772297378075089e-06
4.772297378075089e-06
4.772297378075089e-06
4.772297378075089e-06
6.872108215095636e-06
6.872108215095636e-06
6.872108215095636e-06
6.872108215095636e-06
6.872108215095636e-06
6.872115087203851
6.872115087203851
6.872108215095636e-06
6.872115087203851
6.872108215095636e-06
6.872108215095636e-06
6.872108215095636e-06
6.872108215095636e-06
6.872108215095636e-06
6.872108215095636e-06
6.872108215095636e-06
6.872108215095636e-06
1.0737669059242757e-05
6.872108215095636e-06
6.872108215095636e-06
6.872115087203851
6.872108215095636e-06
6.872108215095636e-06
6.872108215095636e-06
6.872108215095636e-06
6.872108215095636e-06
27.48843973249076
6.872108215095636e-06
6.872108215095636e-06
6.872115087203851
6.872108215095636e-06
6.872108215095636e-06
6.872108215095636e-06
6.872108215095636e-06
6.872115087203851
6.872108215095636e-06
6.872108215095636e-06
6.872115087203851
10.737679796911818
6.872108215095636e-06
6.872115087203851
1.0737669059242757e-05
1.0737669059242757e-05
6.872108215095636e-06
6.872108215095636e-06
6.872108215095636e-06
6.872108215095636e-06
6.872108215095636e-06
1.9089189335548606e-05
935.3702965310711
6.872108215095636e-06
6.872108215095636e-06
6.872108215095636e-06
6.872115087203851
6.872108215095636e-06
61.848980807968935
6.872108215095636e-06
1546.2243552686261
6.872108215095636e-06
6.872108215095636e-06
6.872108215095636e-06
6.872108215095636e-06
6.872108215095636e-06
6.872108215095636e-06
6.872108215095636e-06
1.9089189335548606e-05
6.872108215095636e-06
6.872108215095636e-06
96.63903227085387
6.872108215095636e-06
6.872108215095636e-06
6.872108215095636e-06
6.872108215095636e-06
6.872108215095636e-06
6.872108215095636e-06
1.0737669059242757e-05
6.872108215095636e-06
6.872108215095636e-06
6.872108215095636e-06
6.872108215095636e-06
6.872108215095636e-06
6.872108215095636e-06
1546225901.4929817
6.872108215095636e-06
6.872108215095636e-06
4.29506753421653e-05
6.872108215095636e-06
6.872108215095636e-06
6.872108215095636e-06
6.872108215095636e-06
1.0737669059242757e-05
6.872108215095636e-06
6.872108215095636e-06
171.80271224949914
61.848980807968935
6.872115087203851
1.0737669059242757e-05
6.872108215095636e-06
1.9089189335548606e-05
6.872108215095636e-06
1.0737669059242757e-05
6.872108215095636e-06
6.872108215095636e-06
6.872108215095636e-06
6.872108215095636e-06
1.0737669059242757e-05
6.872115087203851
6.872108215095636e-06
6.872115087203851
6.872108215095636e-06
27.48843973249076
6.872108215095636e-06
6.872108215095636e-06
336.73330941179444
6.872108215095636e-06
6.872108215095636e-06
6.872108215095636e-06
6.872108215095636e-06
1546.2243552686261
6.872108215095636e-06
1.0737669059242757e-05
42.95068697464009
1.9089189335548606e-05
1.0737669059242757e-05
1.0737669059242757e-05
10.737679796911818
10.737679796911818
1.0737669059242757e-05
1.0737669059242757e-05
10.737679796911818
4.29506753421653e-05
42.95068697464009
1.0737669059242757e-05
1.0737669059242757e-05
1.0737669059242757e-05
1.0737669059242757e-05
1.0737669059242757e-05
1.0737669059242757e-05
1.9089189335548606e-05
1.0737669059242757e-05
1.0737669059242757e-05
1.0737669059242757e-05
1.0737669059242757e-05
1.0737669059242757e-05
1.0737669059242757e-05
1.0737669059242757e-05
1.0737669059242757e-05
1.0737669059242757e-05
1.0737669059242757e-05
10.737679796911818
1.0737669059242757e-05
1.0737669059242757e-05
1.0737669059242757e-05
19.089208424737944
1.0737669059242757e-05
1.0737669059242757e-05
10.737679796911818
1.0737669059242757e-05
1.0737669059242757e-05
1.0737669059242757e-05
10.737679796911818
1.0737669059242757e-05
1.0737669059242757e-05
1.0737669059242757e-05
1.0737669059242757e-05
1.0737669059242757e-05
4.29506753421653e-05
1.0737669059242757e-05
1.0737669059242757e-05
1.0737669059242757e-05
1.0737669059242757e-05
1.0737669059242757e-05
1.0737669059242757e-05
1.9089189335548606e-05
10.737679796911818
1.0737669059242757e-05
1.0737669059242757e-05
1.0737669059242757e-05
1.0737669059242757e-05
1.0737669059242757e-05
1.0737669059242757e-05
10.737679796911818
10.737679796911818
1.0737669059242757e-05
1.0737669059242757e-05
96.63903227085387
1.0737669059242757e-05
1.0737669059242757e-05
1.0737669059242757e-05
1.0737669059242757e-05
1.0737669059242757e-05
1.0737669059242757e-05
1546.2243552686261
10.737679796911818
1.0737669059242757e-05
1.0737669059242757e-05
1.0737669059242757e-05
1.0737669059242757e-05
1.9089189335548606e-05
1.9089189335548606e-05
96.63903227085387
1.0737669059242757e-05
1.0737669059242757e-05
1.0737669059242757e-05
19.089208424737944
1.0737669059242757e-05
1.0737669059242757e-05
1.0737669059242757e-05
1.0737669059242757e-05
1.0737669059242757e-05
526.1457946405643
1.0737669059242757e-05
1.0737669059242757e-05
386.55609687040834
1.0737669059242757e-05
1.0737669059242757e-05
1.0737669059242757e-05
10.737679796911818
1.0737669059242757e-05
1.0737669059242757e-05
1.0737669059242757e-05
1.9089189335548606e-05
1546.2243552686261
1.0737669059242757e-05
1.0737669059242757e-05
1.0737669059242757e-05
1.0737669059242757e-05
1.0737669059242757e-05
1.0737669059242757e-05
1.0737669059242757e-05
1.0737669059242757e-05
1.0737669059242757e-05
1.0737669059242757e-05
1.0737669059242757e-05
1.0737669059242757e-05
4.29506753421653e-05
1.0737669059242757e-05
1.0737669059242757e-05
1.0737669059242757e-05
1.0737669059242757e-05
1.0737669059242757e-05
1.0737669059242757e-05
1.0737669059242757e-05
1.0737669059242757e-05
1.0737669059242757e-05
1.0737669059242757e-05
1546.2243552686261
1.0737669059242757e-05
1.0737669059242757e-05
1.0737669059242757e-05
1.0737669059242757e-05
1.9089189335548606e-05
1.9089189335548606e-05
1.9089189335548606e-05
0.00017180268705177103
1.9089189335548606e-05
1.9089189335548606e-05
19.089208424737944
1.9089189335548606e-05
1.9089189335548606e-05
1.9089189335548606e-05
1.9089189335548606e-05
1.9089189335548606e-05
1.9089189335548606e-05
42.95071829284065
1.9089189335548606e-05
1.9089189335548606e-05
1546.2243552686261
1.9089189335548606e-05
1.9089189335548606e-05
1.9089189335548606e-05
4.29506753421653e-05
19.089208424737944
4.29506753421653e-05
1.9089189335548606e-05
4.29506753421653e-05
1.9089189335548606e-05
1.9089189335548606e-05
687.2108484253204
1.9089189335548606e-05
19.089208424737944
1.9089189335548606e-05
1.9089189335548606e-05
1.9089189335548606e-05
1.9089189335548606e-05
1.9089189335548606e-05
1.9089189335548606e-05
1.9089189335548606e-05
1.9089189335548606e-05
1.9089189335548606e-05
19.089208424737944
1.9089189335548606e-05
1.9089189335548606e-05
1.9089189335548606e-05
19.089208424737944
1.9089189335548606e-05
1.9089189335548606e-05
1.9089189335548606e-05
1.9089189335548606e-05
1.9089189335548606e-05
1.9089189335548606e-05
1.9089189335548606e-05
1.9089189335548606e-05
1.9089189335548606e-05
1.9089189335548606e-05
42.95071829284065
1.9089189335548606e-05
1.9089189335548606e-05
1.9089189335548606e-05
1.9089189335548606e-05
1.9089189335548606e-05
1.9089189335548606e-05
19.089208424737944
1.9089189335548606e-05
1.9089189335548606e-05
1.9089189335548606e-05
1.9089189335548606e-05
1.9089189335548606e-05
1.9089189335548606e-05
1.9089189335548606e-05
4.29506753421653e-05
1.9089189335548606e-05
1.9089189335548606e-05
1.9089189335548606e-05
1.9089189335548606e-05
1.9089189335548606e-05
1.9089189335548606e-05
1.9089189335548606e-05
1.9089189335548606e-05
1.9089189335548606e-05
1.9089189335548606e-05
1.9089189335548606e-05
1.9089189335548606e-05
1.9089189335548606e-05
1.9089189335548606e-05
1.9089189335548606e-05
1.9089189335548606e-05
1.9089189335548606e-05
1.9089189335548606e-05
1.9089189335548606e-05
1.9089189335548606e-05
1.9089189335548606e-05
1.9089189335548606e-05
19.089208424737944
1.9089189335548606e-05
1.9089189335548606e-05
1.9089189335548606e-05
1.9089189335548606e-05
1.9089189335548606e-05
1.9089189335548606e-05
1.9089189335548606e-05
1.9089189335548606e-05
19.089208424737944
1.9089189335548606e-05
1.9089189335548606e-05
1.9089189335548606e-05
4.29506753421653e-05
1.9089189335548606e-05
19.089208424737944
1.9089189335548606e-05
1.9089189335548606e-05
1.9089189335548606e-05
4.29506753421653e-05
4.29506753421653e-05
1.9089189335548606e-05
1.9089189335548606e-05
19.089208424737944
1.9089189335548606e-05
1.9089189335548606e-05
19.089208424737944
1.9089189335548606e-05
1.9089189335548606e-05
1.9089189335548606e-05
171.80274431933657
4.29506753421653e-05
1.9089189335548606e-05
0.00017180268705177103
1.9089189335548606e-05
1.9089189335548606e-05
1.9089189335548606e-05
1.9089189335548606e-05
1.9089189335548606e-05
1.9089189335548606e-05
1.9089189335548606e-05
1.9089189335548606e-05
1.9089189335548606e-05
1.9089189335548606e-05
1546.2243552686266
1.9089189335548606e-05
1.9089189335548606e-05
1.9089189335548606e-05
1.9089189335548606e-05
1.9089189335548606e-05
1.9089189335548606e-05
1.9089189335548606e-05
1.9089189335548606e-05
1.9089189335548606e-05
1546.2243552686261
1.9089189335548606e-05
1.9089189335548606e-05
76.35677643138376
1.9089189335548606e-05
1.9089189335548606e-05
19.089208424737944
19.089208424737944
4.29506753421653e-05
1.9089189335548606e-05
1.9089189335548606e-05
1.9089189335548606e-05
1.9089189335548606e-05
1.9089189335548606e-05
1.9089189335548606e-05
1.9089189335548606e-05
1.9089189335548606e-05
1.9089189335548606e-05
1.9089189335548606e-05
76.35677643138376
1.9089189335548606e-05
0.00017180268705177103
1.9089189335548606e-05
76.35677643138376
19.089208424737944
1.9089189335548606e-05
1.9089189335548606e-05
1.9089189335548606e-05
1.9089189335548606e-05
1.9089189335548606e-05
1.9089189335548606e-05
1.9089189335548606e-05
1.9089189335548606e-05
1.9089189335548606e-05
1.9089189335548606e-05
1.9089189335548606e-05
1.9089189335548606e-05
1.9089189335548606e-05
1.9089189335548606e-05
1.9089189335548606e-05
1.9089189335548606e-05
1.9089189335548606e-05
1.9089189335548606e-05
1.9089189335548606e-05
1.9089189335548606e-05
1.9089189335548606e-05
1.9089189335548606e-05
1.9089189335548606e-05
1.9089189335548606e-05
1.9089189335548606e-05
4.29506753421653e-05
1.9089189335548606e-05
1.9089189335548606e-05
4.29506753421653e-05
1.9089189335548606e-05
1.9089189335548606e-05
1.9089189335548606e-05
4.29506753421653e-05
1.9089189335548606e-05
4.29506753421653e-05
1.9089189335548606e-05
1.9089189335548606e-05
1.9089189335548606e-05
1.9089189335548606e-05
4.29506753421653e-05
1.9089189335548606e-05
1.9089189335548606e-05
19.089208424737944
1.9089189335548606e-05
1546.2243552686261
1.9089189335548606e-05
0.00017180268705177103
1.9089189335548606e-05
1.9089189335548606e-05
1.9089189335548606e-05
1.9089189335548606e-05
1.9089189335548606e-05
1.9089189335548606e-05
1.9089189335548606e-05
4.29506753421653e-05
4.29506753421653e-05
1546.2243552686264
4.29506753421653e-05
42.95071829284065
4.29506753421653e-05
4.29506753421653e-05
4.29506753421653e-05
4.29506753421653e-05
1546.2243552686261
4.29506753421653e-05
42.95071829284065
4.29506753421653e-05
4.29506753421653e-05
4.29506753421653e-05
4.29506753421653e-05
4.29506753421653e-05
4.29506753421653e-05
4.29506753421653e-05
4.29506753421653e-05
4.29506753421653e-05
4.29506753421653e-05
4.29506753421653e-05
42.95071829284065
4.29506753421653e-05
4.29506753421653e-05
4.29506753421653e-05
4.29506753421653e-05
4.29506753421653e-05
4.29506753421653e-05
4.29506753421653e-05
4.29506753421653e-05
4.29506753421653e-05
4.29506753421653e-05
4.29506753421653e-05
4.29506753421653e-05
1073.766926504808
4.29506753421653e-05
4.29506753421653e-05
4.29506753421653e-05
0.00017180268705177103
42.95071829284065
4.29506753421653e-05
4.29506753421653e-05
2104.5831347167755
4.29506753421653e-05
42.95071829284065
0.00017180268705177103
4.29506753421653e-05
4.29506753421653e-05
4.29506753421653e-05
42.95071829284065
4.29506753421653e-05
4.29506753421653e-05
42.95071829284065
4.29506753421653e-05
4.29506753421653e-05
4.29506753421653e-05
4.29506753421653e-05
4.29506753421653e-05
4.29506753421653e-05
4.29506753421653e-05
42.95071829284065
4.29506753421653e-05
4.29506753421653e-05
4.29506753421653e-05
4.29506753421653e-05
4.29506753421653e-05
4.29506753421653e-05
4.29506753421653e-05
4.29506753421653e-05
1546.2243552686261
1546.2243552686261
4.29506753421653e-05
4.29506753421653e-05
42.95071829284065
4.29506753421653e-05
4.29506753421653e-05
171.80274431933657
4.29506753421653e-05
4.29506753421653e-05
4.29506753421653e-05
4.29506753421653e-05
4.29506753421653e-05
42.95071829284065
4.29506753421653e-05
4.29506753421653e-05
4.29506753421653e-05
4.29506753421653e-05
0.00017180268705177103
4.29506753421653e-05
4.29506753421653e-05
171.80274431933657
4.29506753421653e-05
4.29506753421653e-05
4.29506753421653e-05
4.29506753421653e-05
171.8028588544581
4.29506753421653e-05
4.29506753421653e-05
4.29506753421653e-05
0.00017180268705177103
4.29506753421653e-05
4.29506753421653e-05
4.29506753421653e-05
4.29506753421653e-05
4.29506753421653e-05
4.29506753421653e-05
4.29506753421653e-05
4.29506753421653e-05
4.29506753421653e-05
4.29506753421653e-05
4.29506753421653e-05
4.29506753421653e-05
4.29506753421653e-05
4.29506753421653e-05
42.95071829284065
4.29506753421653e-05
386.55612103016307
4.29506753421653e-05
4.29506753421653e-05
4.29506753421653e-05
1546.2243552686261
4.29506753421653e-05
4.29506753421653e-05
4.29506753421653e-05
4.29506753421653e-05
42.95071829284065
4.29506753421653e-05
0.00017180268705177103
4.29506753421653e-05
4.29506753421653e-05
4.29506753421653e-05
4.29506753421653e-05
4.29506753421653e-05
4.29506753421653e-05
4.29506753421653e-05
4.29506753421653e-05
4.29506753421653e-05
4.29506753421653e-05
4.29506753421653e-05
4.29506753421653e-05
4.29506753421653e-05
4.29506753421653e-05
4.29506753421653e-05
1546.2243552686264
4.29506753421653e-05
4.29506753421653e-05
0.00017180268705177103
4.29506753421653e-05
4.29506753421653e-05
4.29506753421653e-05
4.29506753421653e-05
4.29506753421653e-05
4.29506753421653e-05
4.29506753421653e-05
0.00017180268705177103
4.29506753421653e-05
4.29506753421653e-05
4.29506753421653e-05
4.29506753421653e-05
4.29506753421653e-05
4.29506753421653e-05
4.29506753421653e-05
4.29506753421653e-05
4.29506753421653e-05
4.29506753421653e-05
4.29506753421653e-05
4.29506753421653e-05
4.29506753421653e-05
4.29506753421653e-05
42.95071829284065
4.29506753421653e-05
4.29506753421653e-05
42.95071829284065
4.29506753421653e-05
4.29506753421653e-05
4.29506753421653e-05
42.95071829284065
4.29506753421653e-05
171.80274431933657
4.29506753421653e-05
4.29506753421653e-05
4.29506753421653e-05
4.29506753421653e-05
4.29506753421653e-05
42.95071829284065
4.29506753421653e-05
4.29506753421653e-05
4.29506753421653e-05
4.29506753421653e-05
4.29506753421653e-05
4.29506753421653e-05
4.29506753421653e-05
4.29506753421653e-05
4.29506753421653e-05
4.29506753421653e-05
4.29506753421653e-05
4.29506753421653e-05
4.29506753421653e-05
4.29506753421653e-05
1546.2243552686261
4.29506753421653e-05
4.29506753421653e-05
4.29506753421653e-05
4.29506753421653e-05
4.29506753421653e-05
4.29506753421653e-05
4.29506753421653e-05
4.29506753421653e-05
4.29506753421653e-05
4.29506753421653e-05
4.29506753421653e-05
4.29506753421653e-05
4.29506753421653e-05
4.29506753421653e-05
4.29506753421653e-05
4.29506753421653e-05
4.29506753421653e-05
4.29506753421653e-05
4.29506753421653e-05
4.29506753421653e-05
4.29506753421653e-05
4.29506753421653e-05
4.29506753421653e-05
4.29506753421653e-05
4.29506753421653e-05
4.29506753421653e-05
4.29506753421653e-05
1546.2243552686261
4.29506753421653e-05
0.00017180268705177103
4.29506753421653e-05
4.29506753421653e-05
4.29506753421653e-05
4.29506753421653e-05
4.29506753421653e-05
4.29506753421653e-05
4.29506753421653e-05
4.29506753421653e-05
4.29506753421653e-05
4.29506753421653e-05
4.29506753421653e-05
4.29506753421653e-05
4.29506753421653e-05
4.29506753421653e-05
4.29506753421653e-05
4.29506753421653e-05
171.80274431933657
4.29506753421653e-05
4.29506753421653e-05
4.29506753421653e-05
4.29506753421653e-05
1546.2243552686261
4.29506753421653e-05
4.29506753421653e-05
0.00017180268705177103
4.29506753421653e-05
4.29506753421653e-05
4.29506753421653e-05
4.29506753421653e-05
4.29506753421653e-05
4.29506753421653e-05
4.29506753421653e-05
0.00017180268705177103
4.29506753421653e-05
4.29506753421653e-05
4.29506753421653e-05
386.55612103016307
386.55612103016307
4.29506753421653e-05
4.29506753421653e-05
4.29506753421653e-05
4.29506753421653e-05
4.29506753421653e-05
4.29506753421653e-05
4.29506753421653e-05
4.29506753421653e-05
4.29506753421653e-05
4.29506753421653e-05
4.29506753421653e-05
42.95071829284065
0.00017180268705177103
4.29506753421653e-05
4.29506753421653e-05
4.29506753421653e-05
4.29506753421653e-05
4.29506753421653e-05
4.29506753421653e-05
1546.2243552686261
0.00017180268705177103
4.29506753421653e-05
4.29506753421653e-05
4.29506753421653e-05
4.29506753421653e-05
42.95071829284065
4.29506753421653e-05
4.29506753421653e-05
4.29506753421653e-05
4.29506753421653e-05
4.29506753421653e-05
4.29506753421653e-05
4.29506753421653e-05
4.29506753421653e-05
42.95071829284065
4.29506753421653e-05
4.29506753421653e-05
4.29506753421653e-05
4.29506753421653e-05
4.29506753421653e-05
4.29506753421653e-05
4.29506753421653e-05
4.29506753421653e-05
4.29506753421653e-05
4.29506753421653e-05
4.29506753421653e-05
4.29506753421653e-05
42.95071829284065
4.29506753421653e-05
4.29506753421653e-05
0.00017180268705177103
1546.2243552686264
4.29506753421653e-05
4.29506753421653e-05
4.29506753421653e-05
4.29506753421653e-05
4.29506753421653e-05
4.29506753421653e-05
4.29506753421653e-05
42.95071829284065
4.29506753421653e-05
42.95071829284065
4.29506753421653e-05
4.29506753421653e-05
4.29506753421653e-05
4.29506753421653e-05
4.29506753421653e-05
4.29506753421653e-05
4.29506753421653e-05
4.29506753421653e-05
4.29506753421653e-05
4.29506753421653e-05
42.95071829284065
4.29506753421653e-05
4.29506753421653e-05
2104.5831347167755
4.29506753421653e-05
4.29506753421653e-05
4.29506753421653e-05
42.95071829284065
4.29506753421653e-05
4.29506753421653e-05
4.29506753421653e-05
4.29506753421653e-05
4.29506753421653e-05
4.29506753421653e-05
171.80274431933657
4.29506753421653e-05
4.29506753421653e-05
4.29506753421653e-05
4.29506753421653e-05
4.29506753421653e-05
1546.2243552686261
4.29506753421653e-05
4.29506753421653e-05
4.29506753421653e-05
4.29506753421653e-05
4.29506753421653e-05
4.29506753421653e-05
42.95071829284065
4.29506753421653e-05
4.29506753421653e-05
4.29506753421653e-05
4.29506753421653e-05
4.29506753421653e-05
4.29506753421653e-05
4.29506753421653e-05
4.29506753421653e-05
4.29506753421653e-05
4.29506753421653e-05
4.29506753421653e-05
4.29506753421653e-05
4.29506753421653e-05
4.29506753421653e-05
4.29506753421653e-05
4.29506753421653e-05
0.00017180268705177103
4.29506753421653e-05
4.29506753421653e-05
42.95071829284065
0.00017180268705177103
4.29506753421653e-05
4.29506753421653e-05
0.00017180268705177103
4.29506753421653e-05
4.29506753421653e-05
4.29506753421653e-05
4.29506753421653e-05
4.29506753421653e-05
0.00017180268705177103
0.00017180268705177103
0.00017180268705177103
1546.2243552686261
0.00017180268705177103
0.00017180268705177103
0.00017180268705177103
0.00017180268705177103
0.00017180268705177103
0.00017180268705177103
0.00017180268705177103
0.00017180268705177103
0.00017180268705177103
0.00017180268705177103
0.00017180268705177103
0.00017180268705177103
0.00017180268705177103
0.00017180268705177103
1546.2243552686261
0.00017180268705177103
0.00017180268705177103
0.00017180268705177103
1546.2243552686261
0.00017180268705177103
0.00017180268705177103
0.00017180268705177103
0.00017180268705177103
0.00017180268705177103
0.00017180268705177103
0.00017180268705177103
0.00017180268705177103
0.00017180268705177103
1546.2243552686261
0.00017180268705177103
0.00017180268705177103
0.00017180268705177103
0.00017180268705177103
0.00017180268705177103
0.00017180268705177103
0.00017180268705177103
0.00017180268705177103
0.00017180268705177103
0.00017180268705177103
0.00017180268705177103
0.00017180268705177103
0.00017180268705177103
0.00017180268705177103
0.00017180268705177103
0.00017180268705177103
687.2109200097713
1546.2243552686264
0.00017180268705177103
0.00017180268705177103
0.00017180268705177103
1546.2243552686261
1546.2243552686264
0.00017180268705177103
0.00017180268705177103
0.00017180268705177103
171.8028588544581
0.00017180268705177103
0.00017180268705177103
1546.2243552686261
0.00017180268705177103
0.00017180268705177103
0.00017180268705177103
0.00017180268705177103
0.00017180268705177103
0.00017180268705177103
0.00017180268705177103
0.00017180268705177103
1546.2243552686261
0.00017180268705177103
0.00017180268705177103
0.00017180268705177103
0.00017180268705177103
0.00017180268705177103
0.00017180268705177103
0.00017180268705177103
1546.2243552686261
0.00017180268705177103
0.00017180268705177103
0.00017180268705177103
0.00017180268705177103
1546.2243552686261
0.00017180268705177103
0.00017180268705177103
0.00017180268705177103
0.00017180268705177103
0.00017180268705177103
0.00017180268705177103
0.00017180268705177103
0.00017180268705177103
0.00017180268705177103
0.00017180268705177103
0.00017180268705177103
0.00017180268705177103
0.00017180268705177103
0.00017180268705177103
0.00017180268705177103
0.00017180268705177103
0.00017180268705177103
0.00017180268705177103
0.00017180268705177103
0.00017180268705177103
0.00017180268705177103
0.00017180268705177103
0.00017180268705177103
0.00017180268705177103
0.00017180268705177103
0.00017180268705177103
0.00017180268705177103
1546.2243552686261
0.00017180268705177103
0.00017180268705177103
0.00017180268705177103
0.00017180268705177103
0.00017180268705177103
0.00017180268705177103
0.00017180268705177103
0.00017180268705177103
0.00017180268705177103
171.8028588544581
0.00017180268705177103
0.00017180268705177103
0.00017180268705177103
0.00017180268705177103
0.00017180268705177103
1546225901.4929817
0.00017180268705177103
0.00017180268705177103
0.00017180268705177103
0.00017180268705177103
0.00017180268705177103
1546.2243552686261
0.00017180268705177103
0.00017180268705177103
0.00017180268705177103
0.00017180268705177103
0.00017180268705177103
0.00017180268705177103
0.00017180268705177103
0.00017180268705177103
0.00017180268705177103
0.00017180268705177103
0.00017180268705177103
0.00017180268705177103
0.00017180268705177103
0.00017180268705177103
0.00017180268705177103
0.00017180268705177103
0.00017180268705177103
0.00017180268705177103
0.00017180268705177103
0.00017180268705177103
0.00017180268705177103
0.00017180268705177103
0.00017180268705177103
0.00017180268705177103
0.00017180268705177103
0.00017180268705177103
0.00017180268705177103
0.00017180268705177103
0.00017180268705177103
0.00017180268705177103
0.00017180268705177103
1546.2243552686261
0.00017180268705177103
0.00017180268705177103
0.00017180268705177103
0.00017180268705177103
0.00017180268705177103
0.00017180268705177103
0.00017180268705177103
0.00017180268705177103
0.00017180268705177103
171.8028588544581
0.00017180268705177103
0.00017180268705177103
0.00017180268705177103
0.00017180268705177103
687.2109200097713
0.00017180268705177103
0.00017180268705177103
171.8028588544581
0.00017180268705177103
0.00017180268705177103
0.00017180268705177103
0.00017180268705177103
0.00017180268705177103
0.00017180268705177103
0.00017180268705177103
0.00017180268705177103
0.00017180268705177103
0.00017180268705177103
0.00017180268705177103
0.00017180268705177103
171.8028588544581
0.00017180268705177103
1546.2243552686261
0.00017180268705177103
0.00017180268705177103
0.00017180268705177103
0.00017180268705177103
0.00017180268705177103
0.00017180268705177103
0.00017180268705177103
0.00017180268705177103
0.00017180268705177103
0.00017180268705177103
0.00017180268705177103
0.00017180268705177103
0.00017180268705177103
0.00017180268705177103
0.00017180268705177103
0.00017180268705177103
0.00017180268705177103
0.00017180268705177103
171.8028588544581
1546.2243552686261
0.00017180268705177103
0.00017180268705177103
0.00017180268705177103
0.00017180268705177103
0.00017180268705177103
0.00017180268705177103
0.00017180268705177103
0.00017180268705177103
0.00017180268705177103
0.00017180268705177103
171.8028588544581
0.00017180268705177103
0.00017180268705177103
0.00017180268705177103
0.00017180268705177103
171.8028588544581
0.00017180268705177103
0.00017180268705177103
0.00017180268705177103
0.00017180268705177103
0.00017180268705177103
0.00017180268705177103
0.00017180268705177103
0.00017180268705177103
0.00017180268705177103
0.00017180268705177103
0.00017180268705177103
0.00017180268705177103
0.00017180268705177103
0.00017180268705177103
0.00017180268705177103
0.00017180268705177103
0.00017180268705177103
0.00017180268705177103
0.00017180268705177103
0.00017180268705177103
0.00017180268705177103
1546.2243552686264
0.00017180268705177103
0.00017180268705177103
0.00017180268705177103
0.00017180268705177103
0.00017180268705177103
0.00017180268705177103
0.00017180268705177103
0.00017180268705177103
0.00017180268705177103
0.00017180268705177103
0.00017180268705177103
0.00017180268705177103
0.00017180268705177103
0.00017180268705177103
0.00017180268705177103
0.00017180268705177103
0.00017180268705177103
0.00017180268705177103
0.00017180268705177103
0.00017180268705177103
0.00017180268705177103
0.00017180268705177103
0.00017180268705177103
0.00017180268705177103
0.00017180268705177103
0.00017180268705177103
0.00017180268705177103
0.00017180268705177103
0.00017180268705177103
0.00017180268705177103
0.00017180268705177103
0.00017180268705177103
0.00017180268705177103
0.00017180268705177103
687.2109200097713
171.8028588544581
0.00017180268705177103
0.00017180268705177103
0.00017180268705177103
0.00017180268705177103
0.00017180268705177103
171.8028588544581
0.00017180268705177103
0.00017180268705177103
0.00017180268705177103
0.00017180268705177103
0.00017180268705177103
0.00017180268705177103
0.00017180268705177103
0.00017180268705177103
0.00017180268705177103
0.00017180268705177103
0.00017180268705177103
0.00017180268705177103
0.00017180268705177103
0.00017180268705177103
0.00017180268705177103
0.00017180268705177103
1546.2243552686261
0.00017180268705177103
0.00017180268705177103
0.00017180268705177103
0.00017180268705177103
0.00017180268705177103
0.00017180268705177103
0.00017180268705177103
0.00017180268705177103
1546.2243552686261
0.00017180268705177103
0.00017180268705177103
0.00017180268705177103
0.00017180268705177103
0.00017180268705177103
0.00017180268705177103
0.00017180268705177103
0.00017180268705177103
0.00017180268705177103
0.00017180268705177103
0.00017180268705177103
0.00017180268705177103
0.00017180268705177103
0.00017180268705177103
0.00017180268705177103
1546.2243552686261
0.00017180268705177103
0.00017180268705177103
0.00017180268705177103
0.00017180268705177103
0.00017180268705177103
0.00017180268705177103
0.00017180268705177103
0.00017180268705177103
0.00017180268705177103
0.00017180268705177103
1546.2243552686261
0.00017180268705177103
0.00017180268705177103
1546.2243552686264
0.00017180268705177103
0.00017180268705177103
0.00017180268705177103
0.00017180268705177103
687.2109200097713
0.00017180268705177103
0.00017180268705177103
0.00017180268705177103
0.00017180268705177103
0.00017180268705177103
0.00017180268705177103
0.00017180268705177103
0.00017180268705177103
0.00017180268705177103
0.00017180268705177103
0.00017180268705177103
0.00017180268705177103
0.00017180268705177103
0.00017180268705177103
0.00017180268705177103
171.8028588544581
0.00017180268705177103
1546.2243552686261
1546.2243552686261
0.00017180268705177103
0.00017180268705177103
1546.2243552686261
0.00017180268705177103
0.00017180268705177103
0.00017180268705177103
0.00017180268705177103
0.00017180268705177103
1546.2243552686261
0.00017180268705177103
0.00017180268705177103
0.00017180268705177103
171.8028588544581
0.00017180268705177103
0.00017180268705177103
0.00017180268705177103
0.00017180268705177103
1546.2243552686261
0.00017180268705177103
0.00017180268705177103
0.00017180268705177103
0.00017180268705177103
0.00017180268705177103
1546.2243552686261
0.00017180268705177103
0.00017180268705177103
0.00017180268705177103
0.00017180268705177103
0.00017180268705177103
0.00017180268705177103
0.00017180268705177103
0.00017180268705177103
0.00017180268705177103
0.00017180268705177103
0.00017180268705177103
0.00017180268705177103
0.00017180268705177103
0.00017180268705177103
171.8028588544581
171.8028588544581
0.00017180268705177103
0.00017180268705177103
0.00017180268705177103
0.00017180268705177103
0.00017180268705177103
0.00017180268705177103
0.00017180268705177103
0.00017180268705177103
0.00017180268705177103
0.00017180268705177103
0.00017180268705177103
0.00017180268705177103
0.00017180268705177103
0.00017180268705177103
0.00017180268705177103
0.00017180268705177103
0.00017180268705177103
0.00017180268705177103
0.00017180268705177103
0.00017180268705177103
0.00017180268705177103
0.00017180268705177103
0.00017180268705177103
0.00017180268705177103
0.00017180268705177103
0.00017180268705177103
0.00017180268705177103
0.00017180268705177103
0.00017180268705177103
0.00017180268705177103
0.00017180268705177103
0.00017180268705177103
0.00017180268705177103
0.00017180268705177103
1546.2243552686261
0.00017180268705177103
1546.2243552686261
0.00017180268705177103
0.00017180268705177103
0.00017180268705177103
0.00017180268705177103
0.00017180268705177103
0.00017180268705177103
0.00017180268705177103
0.00017180268705177103
0.00017180268705177103
0.00017180268705177103
0.00017180268705177103
0.00017180268705177103
6184.896905666445
0.00017180268705177103
0.00017180268705177103
0.00017180268705177103
0.00017180268705177103
0.00017180268705177103
0.00017180268705177103
0.00017180268705177103
0.00017180268705177103
0.00017180268705177103
0.00017180268705177103
0.00017180268705177103
0.00017180268705177103
0.00017180268705177103
0.00017180268705177103
0.00017180268705177103
0.00017180268705177103
0.00017180268705177103
0.00017180268705177103
0.00017180268705177103
0.00017180268705177103
0.00017180268705177103
171.8028588544581
1546.2243552686261
1546.2243552686261
0.00017180268705177103
0.00017180268705177103
0.00017180268705177103
0.00017180268705177103
0.00017180268705177103
0.00017180268705177103
0.00017180268705177103
0.00017180268705177103
0.00017180268705177103
0.00017180268705177103
1546.2243552686261
0.00017180268705177103
0.00017180268705177103
0.00017180268705177103
0.00017180268705177103
0.00017180268705177103
4295.0673480969635
0.00017180268705177103
0.00017180268705177103
0.00017180268705177103
0.00017180268705177103
0.00017180268705177103
0.00017180268705177103
1546.2243552686261
0.00017180268705177103
0.00017180268705177103
0.00017180268705177103
0.00017180268705177103
0.00017180268705177103
0.00017180268705177103
0.00017180268705177103
1546.2243552686261
0.00017180268705177103
0.00017180268705177103
0.00017180268705177103
0.00017180268705177103
0.00017180268705177103
0.00017180268705177103
0.00017180268705177103
0.00017180268705177103
0.00017180268705177103
0.00017180268705177103
0.00017180268705177103
0.00017180268705177103
0.00017180268705177103
0.00017180268705177103
0.00017180268705177103
0.00017180268705177103
0.00017180268705177103
0.00017180268705177103
0.00017180268705177103
0.00017180268705177103
0.00017180268705177103
0.00017180268705177103
0.00017180268705177103
0.00017180268705177103
0.00017180268705177103
0.00017180268705177103
0.00017180268705177103
0.00017180268705177103
0.00017180268705177103
0.00017180268705177103
0.00017180268705177103
1546.2243552686261
0.00017180268705177103
0.00017180268705177103
0.00017180268705177103
0.00017180268705177103
0.00017180268705177103
0.00017180268705177103
0.00017180268705177103
0.00017180268705177103
0.00017180268705177103
0.00017180268705177103
0.00017180268705177103
0.00017180268705177103
0.00017180268705177103
0.00017180268705177103
0.00017180268705177103
0.00017180268705177103
0.00017180268705177103
0.00017180268705177103
0.00017180268705177103
0.00017180268705177103
0.00017180268705177103
0.00017180268705177103
0.00017180268705177103
0.00017180268705177103
0.00017180268705177103
0.00017180268705177103
0.00017180268705177103
0.00017180268705177103
0.00017180268705177103
0.00017180268705177103
0.00017180268705177103
0.00017180268705177103
0.00017180268705177103
0.00017180268705177103
0.00017180268705177103
0.00017180268705177103
0.00017180268705177103
0.00017180268705177103
0.00017180268705177103
0.00017180268705177103
0.00017180268705177103
0.00017180268705177103
171.8028588544581
0.00017180268705177103
0.00017180268705177103
1546.2243552686261
0.00017180268705177103
0.00017180268705177103
1546.2243552686261
0.00017180268705177103
0.00017180268705177103
0.00017180268705177103
0.00017180268705177103
0.00017180268705177103
0.00017180268705177103
0.00017180268705177103
0.00017180268705177103
0.00017180268705177103
0.00017180268705177103
0.00017180268705177103
0.00017180268705177103
0.00017180268705177103
0.00017180268705177103
0.00017180268705177103
0.00017180268705177103
0.00017180268705177103
687.2109200097713
0.00017180268705177103
0.00017180268705177103
0.00017180268705177103
0.00017180268705177103
687.2109200097713
0.00017180268705177103
0.00017180268705177103
0.00017180268705177103
0.00017180268705177103
0.00017180268705177103
1546.2243552686261
0.00017180268705177103
0.00017180268705177103
1546.2243552686261
0.00017180268705177103
0.00017180268705177103
0.00017180268705177103
0.00017180268705177103
171.8028588544581
0.00017180268705177103
0.00017180268705177103
171.8028588544581
0.00017180268705177103
0.00017180268705177103
1546.2243552686261
0.00017180268705177103
171.8028588544581
0.00017180268705177103
0.00017180268705177103
0.00017180268705177103
0.00017180268705177103
0.00017180268705177103
0.00017180268705177103
0.00017180268705177103
0.00017180268705177103
0.00017180268705177103
0.00017180268705177103
0.00017180268705177103
0.00017180268705177103
0.00017180268705177103
0.00017180268705177103
0.00017180268705177103
0.00017180268705177103
0.00017180268705177103
0.00017180268705177103
1546.2243552686261
0.00017180268705177103
0.00017180268705177103
0.00017180268705177103
0.00017180268705177103
0.00017180268705177103
0.00017180268705177103
0.00017180268705177103
0.00017180268705177103
0.00017180268705177103
0.00017180268705177103
0.00017180268705177103
0.00017180268705177103
0.00017180268705177103
0.00017180268705177103
0.00017180268705177103
0.00017180268705177103
0.00017180268705177103
1546.2243552686261
0.00017180268705177103
0.00017180268705177103
0.00017180268705177103
0.00017180268705177103
0.00017180268705177103
0.00017180268705177103
0.00017180268705177103
1546.2243552686261
0.00017180268705177103
0.00017180268705177103
0.00017180268705177103
0.00017180268705177103
0.00017180268705177103
0.00017180268705177103
0.00017180268705177103
0.00017180268705177103
0.00017180268705177103
0.00017180268705177103
0.00017180268705177103
0.00017180268705177103
0.00017180268705177103
0.00017180268705177103
0.00017180268705177103
0.00017180268705177103
0.00017180268705177103
0.00017180268705177103
0.00017180268705177103
0.00017180268705177103
0.00017180268705177103
0.00017180268705177103
0.00017180268705177103
0.00017180268705177103
0.00017180268705177103
0.00017180268705177103
0.00017180268705177103
0.00017180268705177103
0.00017180268705177103
0.00017180268705177103
0.00017180268705177103
0.00017180268705177103
0.00017180268705177103
0.00017180268705177103
0.00017180268705177103
0.00017180268705177103
0.00017180268705177103
0.00017180268705177103
0.00017180268705177103
0.00017180268705177103
0.00017180268705177103
0.00017180268705177103
0.00017180268705177103
0.00017180268705177103
1546.2243552686264
0.00017180268705177103
0.00017180268705177103
0.00017180268705177103
171.8028588544581
0.00017180268705177103
0.00017180268705177103
0.00017180268705177103
0.00017180268705177103
0.00017180268705177103
0.00017180268705177103
0.00017180268705177103
0.00017180268705177103
0.00017180268705177103
0.00017180268705177103
0.00017180268705177103
0.00017180268705177103
687.2109200097713
0.00017180268705177103
0.00017180268705177103
0.00017180268705177103
0.00017180268705177103
0.00017180268705177103
0.00017180268705177103
1546225901.4929817
0.00017180268705177103
0.00017180268705177103
0.00017180268705177103
0.00017180268705177103
0.00017180268705177103
0.00017180268705177103
0.00017180268705177103
0.00017180268705177103
0.00017180268705177103
0.00017180268705177103
0.00017180268705177103
0.00017180268705177103
0.00017180268705177103
0.00017180268705177103
0.00017180268705177103
0.00017180268705177103
0.00017180268705177103
0.00017180268705177103
0.00017180268705177103
0.00017180268705177103
0.00017180268705177103
0.00017180268705177103
0.00017180268705177103
0.00017180268705177103
0.00017180268705177103
0.00017180268705177103
0.00017180268705177103
0.00017180268705177103
0.00017180268705177103
0.00017180268705177103
0.00017180268705177103
0.00017180268705177103
0.00017180268705177103
0.00017180268705177103
0.00017180268705177103
0.00017180268705177103
0.00017180268705177103
0.00017180268705177103
0.00017180268705177103
2748.843164631024
0.00017180268705177103
0.00017180268705177103
0.00017180268705177103
0.00017180268705177103
0.00017180268705177103
0.00017180268705177103
0.00017180268705177103
171.8028588544581
0.00017180268705177103
0.00017180268705177103
0.00017180268705177103
0.00017180268705177103
0.00017180268705177103
0.00017180268705177103
0.00017180268705177103
687.2109200097713
0.00017180268705177103
0.00017180268705177103
0.00017180268705177103
0.00017180268705177103
0.00017180268705177103
0.00017180268705177103
0.00017180268705177103
0.00017180268705177103
1546.2243552686261
0.00017180268705177103
0.00017180268705177103
0.00017180268705177103
0.00017180268705177103
0.00017180268705177103
0.00017180268705177103
0.00017180268705177103
0.00017180268705177103
0.00017180268705177103
0.00017180268705177103
0.00017180268705177103
0.00017180268705177103
0.00017180268705177103
0.00017180268705177103
0.00017180268705177103
1546.2243552686261
0.00017180268705177103
0.00017180268705177103
0.00017180268705177103
0.00017180268705177103
0.00017180268705177103
0.00017180268705177103
0.00017180268705177103
0.00017180268705177103
0.00017180268705177103
0.00017180268705177103
0.00017180268705177103
171.8028588544581
0.00017180268705177103
0.00017180268705177103
0.00017180268705177103
0.00017180268705177103
0.00017180268705177103
0.00017180268705177103
0.00017180268705177103
0.00017180268705177103
0.00017180268705177103
1546.2243552686261
0.00017180268705177103
0.00017180268705177103
0.00017180268705177103
0.00017180268705177103
0.00017180268705177103
0.00017180268705177103
0.00017180268705177103
0.00017180268705177103
0.00017180268705177103
0.00017180268705177103
0.00017180268705177103
0.00017180268705177103
0.00017180268705177103
0.00017180268705177103
0.00017180268705177103
0.00017180268705177103
171.8028588544581
0.00017180268705177103
0.00017180268705177103
0.00017180268705177103
0.00017180268705177103
0.00017180268705177103
0.00017180268705177103
0.00017180268705177103
0.00017180268705177103
0.00017180268705177103
0.00017180268705177103
0.00017180268705177103
0.00017180268705177103
0.00017180268705177103
0.00017180268705177103
0.00017180268705177103
0.00017180268705177103
0.00017180268705177103
0.00017180268705177103
0.00017180268705177103
0.00017180268705177103
0.00017180268705177103
0.00017180268705177103
0.00017180268705177103
0.00017180268705177103
0.00017180268705177103
1546.2243552686261
0.00017180268705177103
0.00017180268705177103
0.00017180268705177103
0.00017180268705177103
0.00017180268705177103
0.00017180268705177103
0.00017180268705177103
8418.331837339469
0.00017180268705177103
0.00017180268705177103
1546.2243552686261
0.00017180268705177103
0.00017180268705177103
0.00017180268705177103
0.00017180268705177103
0.00017180268705177103
0.00017180268705177103
0.00017180268705177103
0.00017180268705177103
0.00017180268705177103
0.00017180268705177103
0.00017180268705177103
0.00017180268705177103
0.00017180268705177103
0.00017180268705177103
0.00017180268705177103
1546.2243552686261
0.00017180268705177103
0.00017180268705177103
0.00017180268705177103
0.00017180268705177103
1546.2243552686264
0.00017180268705177103
0.00017180268705177103
0.00017180268705177103
0.00017180268705177103
1546.2243552686261
0.00017180268705177103
0.00017180268705177103
0.00017180268705177103
0.00017180268705177103
0.00017180268705177103
0.00017180268705177103
171.8028588544581
0.00017180268705177103
171.8028588544581
0.00017180268705177103
1546.2243552686261
0.00017180268705177103
0.00017180268705177103
0.00017180268705177103
0.00017180268705177103
0.00017180268705177103
0.00017180268705177103
0.00017180268705177103
0.00017180268705177103
1.0585572922973954
1.3653227596932684
0.6107253342886872
1.0209022883429046
0.47831873695891325
1.4541905075959836
0.5162557449648401
1.3012715212230008
1.7335396424509648
1.0388952542692118
0.7847767847106223
0.46522138820904113
0.661342933537238
1.0626207590885297
1.0245833792241146
1.1158430092906435
0.575207129341153
0.4135038782287482
0.38432855202660315
1.1382277720285021
0.7783221710730499
1.0876397984749178
0.9426760283803189
0.908256040774025
1.150594416220931
1.104181611344621
0.6243521715937136
0.7654564323162208
0.865470059049819
0.3540170667622899
2.7535905568575822
0.9933817646886834
0.5376973543885305
1.563099651070943
0.12470076739441044
0.928864112379695
2.1287690797394396
0.009120220138808529
0.9883749779452551
0.50198015006581
1.459972154191785
0.6111341323770991
1.0972853240563638
1.7671612124468836
1.6878868215328076
3.7978802717666156
0.2928208745130919
1.9535751673762192
1.9238286301973806
0.8720893096505465
0.8276721205151266
0.010596094727873106
0.4809571584511398
0.20757426227230993
1.1294553374619418
1.9465284767956632
0.5273216337207933
0.8148858343753935
1.9574793889591693
1.5129382380610428
2.8314817823118172
0.33439108177751914
1.136269532483263
0.7173017143657816
1.3319619653708927
0.6453774931177628
0.2982685888148376
0.3382061236541732
0.06918152585395604
0.4210437871392956
0.26705884578601263
47.3084797168502
1.2375053678494607
0.35229035038891543
0.14753147586587312
1.4526850590689124
0.6711043231842715
0.3924450896083084
0.23393296368339975
0.00956798558094059
0.43959268890635506
0.09291655538830129
0.010907937911546295
1.608974357908689
3.1586823337365924
0.7501719236436767
0.44044917758998364
0.17236200677075653
2.140797380394958
0.4974881830731656
0.9973127651650173
0.4295067689010528
0.8924091580186049
0.4334381604806097
1.9661142611173885
1.5199680690255815
3.1946784243497213
0.36975287940214846
0.3013999990348554
0.5886874445219589
4.269115272383942
0.36224540215483375
1.2412745561600447
1.8941248394938732
0.15462243982150076
0.018072610029310505
0.5819581650791976
1.7362553424734974
2.164528059761196
2.034014163594711
1.7372765194993984
0.04880143059796458
2.0485129174415744
0.24865113340861425
1.6804756962107998
0.082986459064389
0.3895753034573683
0.05478403227980602
0.7453880603383363
2.5161579410284043
0.24464608175507407
0.053502578791189886
0.9087085346556386
0.5645672996534388
0.727850131815336
0.09975480730319923
1.7843114505127924
0.4404491814122381
0.44607786785567305
0.23566901359743278
0.5158272361027743
1.002513870309958
0.9663902287497402
1.6089743622617936
0.8019801556564011
0.7339173303352132
13.931985606985961
1.193074355255265
0.12055802245711357
0.030954055959781124
0.30245477005445764
0.6805232221206283
4.283169966608331
3.4126838241334267
1.3255413399140525
1.1930743564799462
3.4589569749626126
0.138264849355801
1.6239067599947017
0.07561369881475527
0.033606093029625216
2.6844172927249916
1.7180270701652893
2.2122374600695274
1.2443835750697885
2.377892135792813
0.008892028256439966
6.576568627800394
1.6663600498989635
0.3958334459413267
0.35496427874413283
1.3966761364353328
0.09291656313088205
0.04935442375474406
0.3774961909689494
1.3094058714231036
2.3966525546067374
0.2705384117722731
1.3519854067838488
5.679428316326864
2.225747278417824
2.050325366103868
0.3084650836894854
0.3084650836894854
0.12549505129919555
0.3304915224138156
0.8924091684704889
0.45181515032705166
0.06477622738800479
0.8765444327747653
0.7783221868179727
1.4198570897306442
0.013696020244112152
0.061161534029881136
0.14024712263544212
0.23136465533476436
3.1132886996195133
0.3682328382446634
1.0165840758793545
0.07777399234471463
0.28046561269532494
1.6194052798487996e-08
0.06736702248397754
0.26421025279014665
1.7568513279920641
0.01718028779417557
1.7180270613904955e-08
0.017888679502465327
0.9733301852932738
0.6999657755544859
1.9036310929511727e-08
0.486087350076127
0.17132681740191646
0.019863900791011392
0.3110959110483789
0.5074513026075479
0.18268248192947004
8.584190600378536
0.024348480433809414
0.3716662344533188
2.1210210634395282e-08
0.3631712868301876
0.20428385877244473
0.02377894504374014
49.305623626654
0.9426760543777579
1.675868520749557
0.2541460432352225
0.024938725205529633
3.3308969098683834
0.11295381268145786
4.283169988854714
1.0165840882255517
4.517821376113724
1.4574675852748844
0.2676981521886406
1.807260579326634
0.7244169042412173
2.0079206290359655
1.3836838876653401
0.028976703987256703
0.45181516601049315
0.028238474349199048
2.0079206290359655
2.0633089443788313
3.054270331334486e-08
0.828523886040627
0.12895683924792858
0.5158272602741092
11.32592715256214
3.137375933847197e-08
0.8520269441047408
0.2901528480088371
0.2901528480088371
3.2239201752181704e-08
0.6310476285555385
1.2622239985177477
3.314095411598691e-08
0.3155560259257695
5.855524226142039
11.042268787987767
0.8765444738394924
0.8765444541284233
2.1811889237416575
1.2622239985177477
2.377892163615882
1.4638810870330314
1.608974399765462
2.377892163615882
1.509984763845077
3.293732394995118
0.8171353953529279
0.1626534902599923
24.932819074382582
0.1677761221552486
4.194402005280713e-08
2.2623845128885502
29.310386146234407
4.328614415120909e-08
0.17314461989098054
1.5583012327296715
0.21151461875747565
0.24464613611226668
0.05478408097499282
0.8171353953529279
0.7896706319937664
0.4295068130621137
0.1908919434292583
4.7722973926571086e-08
0.1908919434292583
0.19741769501425013
0.45963868222956644
0.1908919434292583
0.19741769501425013
0.04772302164954502
0.1908919434292583
0.4441897520890485
1.3219660896213552
6.628867223890989
0.5302553247642027
1.3696007095581921
1.4198571322872418
1.4198571322872418
0.49305629050272587
5.6794283019718344e-08
0.05478408097499282
0.21913615954789273
2.7829199247604826
0.061161579899205724
7.5262408698670065
0.5504537298007016
15.657348858009389
0.6711043953979015
0.24464613611226668
0.07777405067226033
0.9785843609645106
2.20181473571825
6.116151873768698e-08
6.353650374774366e-08
0.2541460785274784
5.795926434225885
1.9443494002311585
0.6711044885663797
0.28621865736557184
6.872108245332911e-08
0.6184898108010445
11.199452175127364
0.3110959693671226
12.601847876833542
0.08119228635852706
1.1295378443682318e-07
1.7180271686669688
8.03168251565496
2.322913912962989
0.07456722132611951
0.12549516284128612
3.810924749790057
1.8072606639429556
7.777397289828742e-08
7.777397289828742e-08
0.07777405067226033
1.2990753638533556
8.874106721647643e-08
0.3716663041239826
2.555067117812476
1.4198571642046902
4.552911180207568
0.42950687269926063
0.4088108247002478
5.302552656853124e-07
1.5583012867828216
0.11897706227870149
0.09739392173063666
1.0220268062439179e-07
1.0220268062439179e-07
3.7154565959462285
1.0737669133064232e-07
1.0220268062439179e-07
0.9663903293524722
0.10220278282707243
0.9198242278222067
1.7180271686669688
1.1897694330175817e-07
1.2549503734624878e-07
1.0737669133064232e-07
0.47590789218397606
28.35415772116624
1.1295378443682318e-07
2.1210211958505965
4.066336352679419
1.1295378443682318e-07
2.974423701520898
1.5776189726669362e-07
1.0707926086927668
0.5019802748800325
5.829870340763095
10.165098150541189
0.47590789218397606
0.5609885684115983
1.9036312118050747
0.354964623769058
1.0707926086927668
2.007920723035018
0.14024724728822985
1.486182578931188e-07
0.13256394901924018
0.1486184065113767
1.3256381645542372e-07
1.3256381645542372e-07
0.5302553983855114
1.3256381645542372e-07
0.5302553983855114
0.1486184065113767
0.5302553983855114
4.194402172715453
0.5609885684115983
0.5944731801907331
1.402471070411228e-07
1.402471070411228e-07
1.402471070411228e-07
0.14024724728822985
15.776189884431261
0.5944731801907331
1.486182578931188e-07
1.3375644696563271
0.1677762479736551
1.41985723316214
0.15776205502859092
1.509984889554254
1.787749283258008e-07
3.054270521909643
6.039939054888776
3.054270521909643
0.6711044885663797
0.6711044885663797
1.6777608019757486e-07
0.7150998920781316
1.6089745337071357
5.107096105540087
3.054270521909643
0.7635677736463324
14.480769373164796
0.19089208658050486
0.7635677736463324
0.19089208658050486
0.7635677736463324
1.9089189568860915e-07
0.20428404033408606
1.9089189568860915e-07
0.25414626910565996
15.462243741669239
0.19089208658050486
3.054270521909643
0.8171355484848362
1.0165843139845951
2.0428383605025e-07
0.20428404033408606
1.9722251618012705
42.95067674828861
0.9426762637336052
1.9722251618012705
2.1210212988143526
0.25414626910565996
7.8888999897967675
2.3566900701614955e-07
5.891725411072746
0.21913632387667872
9.149256792693235
0.23566924268515657
1.0165843139845951
5.478402837650455
2.3566900701614955e-07
4.066336493500336
2.54146014959645e-07
2.3566900701614955e-07
2.3566900701614955e-07
0.9426762637336052
0.9426762637336052
0.23566924268515657
2.3566900701614955e-07
4.772297690152407
0.25414626910565996
2.28731438878282
2.54146014959645e-07
9.149256792693235
0.274884604660995
0.274884604660995
46.45545200714076
2.7488432977666517e-07
42.95067682522297
1.4198574301834257
1.0995375939909906
3.549642688047892e-07
2.9826858699273875e-07
3.1946787742073717
2.9826858699273875e-07
0.3247691453829473
1.9036315682964693
8.874107075084
1.4198574301834257
3.8957529727363337e-07
11.691677866877383
3.247688206141267e-07
3.247688206141267e-07
0.3247691453829473
3.549642688047892e-07
3.8957529727363337e-07
2.922919710295961
0.3247691453829473
1.2990756072253276
3.865561316604564
0.3247691453829473
0.3247691453829473
3.247688206141267e-07
1.7180274904391204
1.4198574301834257
3.549642688047892e-07
5.944730314010585e-07
4.7590777309717405e-07
3.549642688047892e-07
3.549642688047892e-07
3.549642688047892e-07
0.354964623769058
3.8957529727363337e-07
3.8957529727363337e-07
12.77871403193668
0.8765452951340341
1.7180274904391204
3.8957529727363337e-07
4.2950676523308875e-07
1.7180274904391204
1.5583015786698309
0.3895756868489307
3.8957529727363337e-07
87.65444227614282
1.5583015786698309
0.5302557959405781
4.7590777309717405e-07
15.46224397789796
0.47590824900494716
61.848974623071555
1.7180274904391204
1.9036315682964693
2.1210215929965157
5.302552656853124e-07
4.7590777309717405e-07
4.7590777309717405e-07
2.1210215929965157
4.7590777309717405e-07
0.47590824900494716
4.7590777309717405e-07
5.302552656853124e-07
4.772297921423077
4.7590777309717405e-07
25.98250854883558
4.7590777309717405e-07
5.302552656853124e-07
5.302552656853124e-07
1.9036315682964693
5.944730314010585e-07
0.47590824900494716
5.302552656853124e-07
1546.2243552686261
0.5302557959405781
0.5302557959405781
5.944730314010585e-07
5.302552656853124e-07
5.302552656853124e-07
5.302552656853124e-07
5.302552656853124e-07
14.861826379499496
5.302552656853124e-07
5.302552656853124e-07
5.944730314010585e-07
9.149257550619811
5.944730314010585e-07
5.944730314010585e-07
8.484086363257578
6.711043205718411e-07
5.944730314010585e-07
6.711043205718411e-07
6.711043205718411e-07
1.0165840593373057e-06
0.5944736258740899
10.73766980025378
5.944730314010585e-07
7.635675824716338e-07
5387.732847507087
1.0165840593373057e-06
2.6844179533916854
6.711043205718411e-07
7.635675824716338e-07
6.711043205718411e-07
1.0165850759213653
2.6844179533916854
6.711043205718411e-07
6.711043205718411e-07
6.711043205718411e-07
16.77760868540035
6.711043205718411e-07
6.711043205718411e-07
6.711043205718411e-07
6.711043205718411e-07
6.711043205718411e-07
67.11043272828843
10.73766980025378
3.506177668395575e-06
42.95071829284065
6.711043205718411e-07
6.711043205718411e-07
0.7635683460392163
7.635675824716338e-07
3.506177668395575e-06
7.635675824716338e-07
0.7635683460392163
7.635675824716338e-07
0.7635683460392163
7.635675824716338e-07
1.0165850759213653
8.765444185896155e-07
7.635675824716338e-07
7.635675824716338e-07
7.635675824716338e-07
7.635675824716338e-07
3.506178550902881
1.1930743472805183e-06
3.0542710934541177
7.635675824716338e-07
0.8765452951340341
0.7635683460392163
7.635675824716338e-07
8.765444185896155e-07
7.888900643850958
56.09884366627982
6.872109005812287
6.872109005812287
8.765444185896155e-07
1546.2243552686261
0.8765452951340341
8.765444185896155e-07
8.765444185896155e-07
76.35675941902753
7.888900643850958
1.1930743472805183e-06
8.765444185896155e-07
8.765444185896155e-07
8.765444185896155e-07
8.765444185896155e-07
8.765444185896155e-07
0.8765452951340341
8.765444185896155e-07
126.22239715344908
8.765444185896155e-07
4.772297378075089e-06
1879.6639267312626
0.8765452951340341
0.8765452951340341
0.8765452951340341
51.114856092543654
9.149257550619811
1.1930755403548656
1546.2243552686261
1.0165840593373057e-06
1.0165840593373057e-06
1.0165840593373057e-06
1.0165840593373057e-06
1.0165850759213653
25.414602500016706
1.0165840593373057e-06
1.0165840593373057e-06
1.0165840593373057e-06
1.0165840593373057e-06
1.0165850759213653
1.0165850759213653
1.1930743472805183e-06
1.1930755403548656
1.0165840593373057e-06
1.0165840593373057e-06
1.0165840593373057e-06
1.0165840593373057e-06
1.0165850759213653
1.0165840593373057e-06
1.0165840593373057e-06
4.066337253933283
1.0165840593373057e-06
1.0165840593373057e-06
2.6844199632093084
1.0165840593373057e-06
8.484086363257578
1.0165840593373057e-06
5.67942971682225
1.1930743472805183e-06
1.419857074241294e-06
1.1930743472805183e-06
5.67942971682225
1.1930743472805183e-06
1.1930743472805183e-06
1.1930743472805183e-06
14.024714179759968
2.1210210605591293e-06
1.1930755403548656
1.1930743472805183e-06
1.1930743472805183e-06
1.1930743472805183e-06
1.1930743472805183e-06
42.950677695173006
1.1930743472805183e-06
1.4198584940983683
1.419857074241294e-06
1.1930743472805183e-06
1.1930743472805183e-06
1277.8713682370217
1.419857074241294e-06
1.4198584940983683
4.772298582196421
5.67942971682225
1.1930743472805183e-06
1.1930743472805183e-06
1.1930743472805183e-06
1.419857074241294e-06
1.419857074241294e-06
1.419857074241294e-06
1.419857074241294e-06
1.419857074241294e-06
1.419857074241294e-06
1.4198584940983683
1.419857074241294e-06
1.419857074241294e-06
1.419857074241294e-06
3.506181174573243
1.419857074241294e-06
1.419857074241294e-06
1.419857074241294e-06
1.419857074241294e-06
1.419857074241294e-06
1.7180270595006656e-06
1.419857074241294e-06
5.67942971682225
1.419857074241294e-06
1.419857074241294e-06
2.1210231815801897
1546.2243552686261
1.419857074241294e-06
1.7180270595006656e-06
24.159758193545542
1.7180270595006656e-06
1.7180270595006656e-06
1.7180270595006656e-06
6.872108215095636e-06
1.7180270595006656e-06
1.7180270595006656e-06
19.08919166605322
1.7180287775277252
1.7180270595006656e-06
1.7180270595006656e-06
1.7180270595006656e-06
1.7180270595006656e-06
1.7180270595006656e-06
1.7180270595006656e-06
1.7180270595006656e-06
2.6844172787920295e-06
2.6844172787920295e-06
1.7180270595006656e-06
1.7180270595006656e-06
1.7180270595006656e-06
1.0737669059242757e-05
2.1210210605591293e-06
61.84897586005103
24.159758193545542
6.872109956029723
1.7180270595006656e-06
2.6844172787920295e-06
1.7180270595006656e-06
6.872109956029723
1.7180270595006656e-06
1.7180270595006656e-06
1.7180270595006656e-06
1.7180270595006656e-06
336.73330538015756
2.1210210605591293e-06
42.95067914508976
2.1210210605591293e-06
2.1210231815801897
2.1210210605591293e-06
2.1210231815801897
3.506177668395575e-06
2.1210210605591293e-06
3.506177668395575e-06
2.6844172787920295e-06
2.1210210605591293e-06
10.737671799585398
2.1210210605591293e-06
2.1210210605591293e-06
2.6844199632093084
2.1210210605591293e-06
103.9300340884184
2.1210210605591293e-06
2.1210210605591293e-06
10.737671799585398
2.1210231815801897
2.1210231815801897
2.1210210605591293e-06
2.1210210605591293e-06
2.1210210605591293e-06
2.1210210605591293e-06
2.1210210605591293e-06
1546.2243552686261
135.74534999680534
2.1210210605591293e-06
2.6844199632093084
2.1210231815801897
2.1210210605591293e-06
8.484086363257578
2.6844172787920295e-06
2.1210210605591293e-06
2.1210231815801897
2.6844199632093084
2.6844172787920295e-06
3.506177668395575e-06
2.6844172787920295e-06
2.6844172787920295e-06
3.506177668395575e-06
1379.1939470359985
3.506181174573243
2.6844172787920295e-06
2.6844172787920295e-06
3479.004795998888
2.6844172787920295e-06
2.6844172787920295e-06
2.6844172787920295e-06
2.6844172787920295e-06
67.11043465421803
4.772302150372468
2.6844172787920295e-06
3.506177668395575e-06
2.6844172787920295e-06
2.6844172787920295e-06
2.6844172787920295e-06
2.6844172787920295e-06
2.6844172787920295e-06
6.872108215095636e-06
2.6844172787920295e-06
2.6844172787920295e-06
2.6844172787920295e-06
2.6844172787920295e-06
3.506177668395575e-06
6184898967.298861
2.6844199632093084
1.0737669059242757e-05
2.6844199632093084
2.6844199632093084
2.6844172787920295e-06
2.6844172787920295e-06
2.6844172787920295e-06
2.6844172787920295e-06
2.6844172787920295e-06
2.6844172787920295e-06
2.6844172787920295e-06
2.6844172787920295e-06
3.506181174573243
2.6844199632093084
2.6844172787920295e-06
2.6844172787920295e-06
3.506181174573243
2.6844172787920295e-06
42.95067914508976
119.30743922417463
2.6844199632093084
2.6844172787920295e-06
96.63902472093034
2.6844172787920295e-06
3.506181174573243
3.506177668395575e-06
3.506177668395575e-06
3.506177668395575e-06
3.506177668395575e-06
3.506177668395575e-06
3.506177668395575e-06
3.506177668395575e-06
3.506177668395575e-06
4.772297378075089e-06
3.506177668395575e-06
3.506177668395575e-06
3.506181174573243
3.506177668395575e-06
6.872108215095636e-06
3.506177668395575e-06
3.506177668395575e-06
171.8027231091268
126.22239956841837
3.506177668395575e-06
3.506177668395575e-06
3.506177668395575e-06
3.506177668395575e-06
56.09884620050688
3.506177668395575e-06
4.772297378075089e-06
3.506177668395575e-06
14.024714179759968
3.506177668395575e-06
3.506177668395575e-06
3.506177668395575e-06
4.772297378075089e-06
3.506177668395575e-06
3.506177668395575e-06
3.506177668395575e-06
4.772297378075089e-06
3.506177668395575e-06
3.506177668395575e-06
3.506177668395575e-06
3.506177668395575e-06
3.506177668395575e-06
3.506177668395575e-06
87.65444521606705
3.506177668395575e-06
5197.031849496071
14.024714179759968
3.506177668395575e-06
27.48843973249076
3.506181174573243
3.506177668395575e-06
3.506177668395575e-06
3.506177668395575e-06
3.506181174573243
3.506177668395575e-06
0.00017180268705177103
3.506177668395575e-06
3.506177668395575e-06
42.950681174973184
6.872108215095636e-06
3.506177668395575e-06
4.772297378075089e-06
4.772297378075089e-06
0.00017180268705177103
4735.312065863725
4.772297378075089e-06
6.872108215095636e-06
4.772297378075089e-06
4.772297378075089e-06
4.772297378075089e-06
4.772297378075089e-06
4.772297378075089e-06
4.772297378075089e-06
4.772297378075089e-06
4.772297378075089e-06
4.772297378075089e-06
4.772297378075089e-06
19.089208424737944
4.772297378075089e-06
4.772297378075089e-06
4.772297378075089e-06
4.772297378075089e-06
4.772297378075089e-06
4.772302150372468
6.872108215095636e-06
6.872108215095636e-06
119.30743922417463
4.772297378075089e-06
4.772297378075089e-06
4.772302150372468
4.772297378075089e-06
6.872108215095636e-06
4.772302150372468
4.772297378075089e-06
4.772297378075089e-06
4.772297378075089e-06
19.08919428459774
4.772297378075089e-06
4.772297378075089e-06
4.772297378075089e-06
4.772297378075089e-06
1.9089189335548606e-05
4.772297378075089e-06
4.772297378075089e-06
4.772297378075089e-06
4.772302150372468
4.772302150372468
4.772297378075089e-06
4.772302150372468
6.872108215095636e-06
6.872108215095636e-06
4.772297378075089e-06
4.772297378075089e-06
4.772297378075089e-06
6.872108215095636e-06
19.08919428459774
6.872108215095636e-06
4.772297378075089e-06
4.772297378075089e-06
4.772297378075089e-06
76.35676282149882
76.35676282149882
4.772302150372468
4.772297378075089e-06
4.772297378075089e-06
4.772302150372468
4.772297378075089e-06
4.772302150372468
6.872108215095636e-06
109.95373831363841
4.772302150372468
4.772297378075089e-06
4.772297378075089e-06
4.772302150372468
4.772297378075089e-06
42.950681174973184
27.48843973249076
6.872108215095636e-06
27.48843973249076
6.872115087203851
6.872108215095636e-06
6.872108215095636e-06
6.872108215095636e-06
27.48843973249076
6.872108215095636e-06
6.872108215095636e-06
6.872108215095636e-06
6.872115087203851
6.872108215095636e-06
6.872108215095636e-06
6.872108215095636e-06
6.872108215095636e-06
6.872108215095636e-06
6.872108215095636e-06
61.848980807968935
27.48843973249076
6.872115087203851
6.872108215095636e-06
6.872108215095636e-06
6.872115087203851
6.872108215095636e-06
6.872108215095636e-06
6.872108215095636e-06
6.872108215095636e-06
6.872108215095636e-06
6.872108215095636e-06
6.872108215095636e-06
6.872108215095636e-06
6.872115087203851
6.872108215095636e-06
6.872115087203851
6.872108215095636e-06
61.848980807968935
6.872108215095636e-06
6.872108215095636e-06
6.872108215095636e-06
1.0737669059242757e-05
6.872108215095636e-06
6.872115087203851
6.872108215095636e-06
1.9089189335548606e-05
6.872108215095636e-06
6.872108215095636e-06
10.737679796911818
1.0737669059242757e-05
6.872108215095636e-06
6.872115087203851
6.872108215095636e-06
1.9089189335548606e-05
61.848980807968935
6.872108215095636e-06
61.848980807968935
6.872108215095636e-06
6.872108215095636e-06
6.872108215095636e-06
6.872108215095636e-06
6.872108215095636e-06
6.872108215095636e-06
6.872108215095636e-06
27.48843973249076
6.872108215095636e-06
6.872108215095636e-06
6.872108215095636e-06
1.9089189335548606e-05
6.872108215095636e-06
6.872115087203851
6.872108215095636e-06
6.872108215095636e-06
6.872108215095636e-06
6.872115087203851
6.872108215095636e-06
6.872108215095636e-06
4.29506753421653e-05
6.872108215095636e-06
6.872108215095636e-06
6.872115087203851
6.872108215095636e-06
61.848980807968935
6.872108215095636e-06
6.872108215095636e-06
1.0737669059242757e-05
6.872108215095636e-06
6.872108215095636e-06
6.872108215095636e-06
1.0737669059242757e-05
1.0737669059242757e-05
96.63903227085387
1.9089189335548606e-05
1.0737669059242757e-05
1.9089189335548606e-05
1.0737669059242757e-05
1.0737669059242757e-05
1.0737669059242757e-05
1.0737669059242757e-05
1546.2243552686261
1.0737669059242757e-05
1.0737669059242757e-05
1.0737669059242757e-05
1.0737669059242757e-05
1.0737669059242757e-05
1.0737669059242757e-05
1.0737669059242757e-05
10.737679796911818
1.0737669059242757e-05
1.0737669059242757e-05
10.737679796911818
1.0737669059242757e-05
1.0737669059242757e-05
1.0737669059242757e-05
1.9089189335548606e-05
1.0737669059242757e-05
1.0737669059242757e-05
1.0737669059242757e-05
1.0737669059242757e-05
1.0737669059242757e-05
1.0737669059242757e-05
76.35677643138376
1.0737669059242757e-05
1.0737669059242757e-05
1.0737669059242757e-05
1.0737669059242757e-05
1.0737669059242757e-05
1.0737669059242757e-05
1.0737669059242757e-05
1.0737669059242757e-05
76.35677643138376
1.0737669059242757e-05
1.9089189335548606e-05
1.0737669059242757e-05
1.0737669059242757e-05
1.0737669059242757e-05
1546.2243552686261
268.441737218738
1.0737669059242757e-05
0.00017180268705177103
1.0737669059242757e-05
1.0737669059242757e-05
1.0737669059242757e-05
1.0737669059242757e-05
1.0737669059242757e-05
1.0737669059242757e-05
1.0737669059242757e-05
1.0737669059242757e-05
1.0737669059242757e-05
1.0737669059242757e-05
10.737679796911818
1.0737669059242757e-05
1.0737669059242757e-05
1.0737669059242757e-05
4.29506753421653e-05
1.0737669059242757e-05
19.089208424737944
1.0737669059242757e-05
1.0737669059242757e-05
1.0737669059242757e-05
1.9089189335548606e-05
10.737679796911818
1.0737669059242757e-05
1.0737669059242757e-05
42.95068697464009
4.29506753421653e-05
1.0737669059242757e-05
1.0737669059242757e-05
1546.2243552686261
1.0737669059242757e-05
1.0737669059242757e-05
1.0737669059242757e-05
1.0737669059242757e-05
10.737679796911818
1.0737669059242757e-05
1.0737669059242757e-05
1.0737669059242757e-05
1.0737669059242757e-05
1.0737669059242757e-05
171.8028588544581
10.737679796911818
1.0737669059242757e-05
10.737679796911818
10.737679796911818
1.0737669059242757e-05
1.0737669059242757e-05
10.737679796911818
1.0737669059242757e-05
42.95068697464009
1.0737669059242757e-05
1.0737669059242757e-05
1.0737669059242757e-05
1.0737669059242757e-05
10.737679796911818
1.9089189335548606e-05
1.0737669059242757e-05
1.0737669059242757e-05
42.95068697464009
1.0737669059242757e-05
1.0737669059242757e-05
1.0737669059242757e-05
1.0737669059242757e-05
1.0737669059242757e-05
1.0737669059242757e-05
96.63903227085387
1.0737669059242757e-05
1.0737669059242757e-05
1546.2243552686261
1.9089189335548606e-05
1.0737669059242757e-05
3103.1863688588264
1.9089189335548606e-05
19.089208424737944
1.9089189335548606e-05
1.9089189335548606e-05
1.9089189335548606e-05
1.9089189335548606e-05
1.9089189335548606e-05
76.35677643138376
1.9089189335548606e-05
1.9089189335548606e-05
1.9089189335548606e-05
1.9089189335548606e-05
1.9089189335548606e-05
1.9089189335548606e-05
1546.2243552686261
1.9089189335548606e-05
1.9089189335548606e-05
1.9089189335548606e-05
1.9089189335548606e-05
1.9089189335548606e-05
1.9089189335548606e-05
1.9089189335548606e-05
1.9089189335548606e-05
1.9089189335548606e-05
19.089208424737944
1.9089189335548606e-05
1.9089189335548606e-05
1.9089189335548606e-05
1.9089189335548606e-05
4.29506753421653e-05
4.29506753421653e-05
1.9089189335548606e-05
1.9089189335548606e-05
1.9089189335548606e-05
1.9089189335548606e-05
1.9089189335548606e-05
1.9089189335548606e-05
1.9089189335548606e-05
1.9089189335548606e-05
1.9089189335548606e-05
76.35677643138376
1.9089189335548606e-05
1.9089189335548606e-05
1.9089189335548606e-05
1.9089189335548606e-05
1.9089189335548606e-05
19.089208424737944
1.9089189335548606e-05
1.9089189335548606e-05
1.9089189335548606e-05
1.9089189335548606e-05
1.9089189335548606e-05
1.9089189335548606e-05
76.35677643138376
1.9089189335548606e-05
1.9089189335548606e-05
1.9089189335548606e-05
1.9089189335548606e-05
1.9089189335548606e-05
1.9089189335548606e-05
4.29506753421653e-05
1.9089189335548606e-05
3741.481128856716
1.9089189335548606e-05
1.9089189335548606e-05
4.29506753421653e-05
1.9089189335548606e-05
1.9089189335548606e-05
19.089208424737944
1.9089189335548606e-05
1.9089189335548606e-05
1.9089189335548606e-05
1.9089189335548606e-05
1.9089189335548606e-05
1.9089189335548606e-05
1.9089189335548606e-05
1546.2243552686261
171.8027231091268
1546225901.4929817
1.9089189335548606e-05
1.9089189335548606e-05
19.089208424737944
1.9089189335548606e-05
1.9089189335548606e-05
1.9089189335548606e-05
1.9089189335548606e-05
1.9089189335548606e-05
19.089208424737944
1.9089189335548606e-05
1.9089189335548606e-05
1.9089189335548606e-05
1.9089189335548606e-05
1.9089189335548606e-05
1.9089189335548606e-05
1.9089189335548606e-05
1.9089189335548606e-05
1.9089189335548606e-05
1.9089189335548606e-05
171.8027231091268
1.9089189335548606e-05
1.9089189335548606e-05
1.9089189335548606e-05
1.9089189335548606e-05
1.9089189335548606e-05
1.9089189335548606e-05
1.9089189335548606e-05
1.9089189335548606e-05
0.00017180268705177103
1546.2243552686261
1.9089189335548606e-05
1.9089189335548606e-05
1.9089189335548606e-05
1.9089189335548606e-05
1.9089189335548606e-05
1.9089189335548606e-05
42.95071829284065
19.089208424737944
1.9089189335548606e-05
1.9089189335548606e-05
1.9089189335548606e-05
19.089208424737944
1.9089189335548606e-05
1.9089189335548606e-05
1.9089189335548606e-05
1.9089189335548606e-05
1.9089189335548606e-05
1.9089189335548606e-05
1.9089189335548606e-05
1.9089189335548606e-05
1.9089189335548606e-05
1.9089189335548606e-05
1.9089189335548606e-05
1.9089189335548606e-05
1.9089189335548606e-05
4.29506753421653e-05
1.9089189335548606e-05
1.9089189335548606e-05
1.9089189335548606e-05
1.9089189335548606e-05
1.9089189335548606e-05
1.9089189335548606e-05
1.9089189335548606e-05
1.9089189335548606e-05
1.9089189335548606e-05
1.9089189335548606e-05
1546.2243552686266
1.9089189335548606e-05
1.9089189335548606e-05
42.95071829284065
19.089208424737944
1.9089189335548606e-05
1.9089189335548606e-05
19.089208424737944
1.9089189335548606e-05
1546.2243552686261
1546.2243552686261
42.95071829284065
4.29506753421653e-05
1073.766926504808
4.29506753421653e-05
4.29506753421653e-05
42.95071829284065
4.29506753421653e-05
4.29506753421653e-05
4.29506753421653e-05
4.29506753421653e-05
4.29506753421653e-05
4.29506753421653e-05
4.29506753421653e-05
4.29506753421653e-05
386.55612103016307
4.29506753421653e-05
4.29506753421653e-05
4.29506753421653e-05
4.29506753421653e-05
4.29506753421653e-05
42.95071829284065
4.29506753421653e-05
4.29506753421653e-05
0.00017180268705177103
4.29506753421653e-05
4.29506753421653e-05
4.29506753421653e-05
4.29506753421653e-05
4.29506753421653e-05
4.29506753421653e-05
4.29506753421653e-05
4.29506753421653e-05
4.29506753421653e-05
4.29506753421653e-05
4.29506753421653e-05
4.29506753421653e-05
4.29506753421653e-05
4.29506753421653e-05
4.29506753421653e-05
4.29506753421653e-05
4.29506753421653e-05
4.29506753421653e-05
4.29506753421653e-05
42.95071829284065
4.29506753421653e-05
4.29506753421653e-05
4.29506753421653e-05
42.95071829284065
4.29506753421653e-05
4.29506753421653e-05
1546.2243552686261
4.29506753421653e-05
4.29506753421653e-05
4.29506753421653e-05
4.29506753421653e-05
4.29506753421653e-05
171.80274431933657
4.29506753421653e-05
0.00017180268705177103
4.29506753421653e-05
4.29506753421653e-05
1546.2243552686261
4.29506753421653e-05
4.29506753421653e-05
4.29506753421653e-05
4.29506753421653e-05
4.29506753421653e-05
4.29506753421653e-05
4.29506753421653e-05
4.29506753421653e-05
4.29506753421653e-05
42.95071829284065
4.29506753421653e-05
4.29506753421653e-05
4.29506753421653e-05
4.29506753421653e-05
4.29506753421653e-05
0.00017180268705177103
4.29506753421653e-05
4.29506753421653e-05
4.29506753421653e-05
4.29506753421653e-05
4.29506753421653e-05
4.29506753421653e-05
4.29506753421653e-05
1546.2243552686261
4.29506753421653e-05
4.29506753421653e-05
4.29506753421653e-05
4.29506753421653e-05
42.95071829284065
4.29506753421653e-05
4.29506753421653e-05
1546.2243552686261
0.00017180268705177103
4.29506753421653e-05
4.29506753421653e-05
4.29506753421653e-05
4.29506753421653e-05
4.29506753421653e-05
4.29506753421653e-05
4.29506753421653e-05
4.29506753421653e-05
4.29506753421653e-05
2104.5831347167755
4.29506753421653e-05
4.29506753421653e-05
4.29506753421653e-05
4.29506753421653e-05
42.95071829284065
4.29506753421653e-05
4.29506753421653e-05
4.29506753421653e-05
1546.2243552686261
4.29506753421653e-05
4.29506753421653e-05
4.29506753421653e-05
1546.2243552686261
4.29506753421653e-05
4.29506753421653e-05
4.29506753421653e-05
4.29506753421653e-05
0.00017180268705177103
4.29506753421653e-05
4.29506753421653e-05
4.29506753421653e-05
4.29506753421653e-05
4.29506753421653e-05
4.29506753421653e-05
0.00017180268705177103
4.29506753421653e-05
4.29506753421653e-05
4.29506753421653e-05
4.29506753421653e-05
4.29506753421653e-05
4.29506753421653e-05
4.29506753421653e-05
4.29506753421653e-05
4.29506753421653e-05
4.29506753421653e-05
4.29506753421653e-05
0.00017180268705177103
4.29506753421653e-05
4.29506753421653e-05
4.29506753421653e-05
42.95071829284065
0.00017180268705177103
4.29506753421653e-05
4.29506753421653e-05
4.29506753421653e-05
4.29506753421653e-05
42.95071829284065
687.2108484253204
0.00017180268705177103
4.29506753421653e-05
4.29506753421653e-05
4.29506753421653e-05
4.29506753421653e-05
4.29506753421653e-05
4.29506753421653e-05
4.29506753421653e-05
4.29506753421653e-05
1546.2243552686264
4.29506753421653e-05
4.29506753421653e-05
4.29506753421653e-05
4.29506753421653e-05
0.00017180268705177103
4.29506753421653e-05
4.29506753421653e-05
4.29506753421653e-05
4.29506753421653e-05
0.00017180268705177103
4.29506753421653e-05
1546.2243552686261
42.95071829284065
4.29506753421653e-05
4.29506753421653e-05
4.29506753421653e-05
4.29506753421653e-05
4.29506753421653e-05
0.00017180268705177103
4.29506753421653e-05
4.29506753421653e-05
4.29506753421653e-05
4.29506753421653e-05
687.2108484253204
4.29506753421653e-05
4.29506753421653e-05
4.29506753421653e-05
4.29506753421653e-05
42.95071829284065
0.00017180268705177103
4.29506753421653e-05
4.29506753421653e-05
4.29506753421653e-05
4.29506753421653e-05
4.29506753421653e-05
1546.2243552686261
4.29506753421653e-05
4.29506753421653e-05
4.29506753421653e-05
4.29506753421653e-05
0.00017180268705177103
4.29506753421653e-05
4.29506753421653e-05
4.29506753421653e-05
4.29506753421653e-05
4.29506753421653e-05
4.29506753421653e-05
4.29506753421653e-05
4.29506753421653e-05
4.29506753421653e-05
4.29506753421653e-05
0.00017180268705177103
4.29506753421653e-05
4.29506753421653e-05
4.29506753421653e-05
4.29506753421653e-05
4.29506753421653e-05
4.29506753421653e-05
4.29506753421653e-05
4.29506753421653e-05
4.29506753421653e-05
4.29506753421653e-05
4.29506753421653e-05
4.29506753421653e-05
4.29506753421653e-05
1546.2243552686261
0.00017180268705177103
4.29506753421653e-05
4.29506753421653e-05
4.29506753421653e-05
4.29506753421653e-05
4.29506753421653e-05
4.29506753421653e-05
4.29506753421653e-05
4.29506753421653e-05
4.29506753421653e-05
4.29506753421653e-05
4.29506753421653e-05
4.29506753421653e-05
4.29506753421653e-05
4.29506753421653e-05
4.29506753421653e-05
0.00017180268705177103
0.00017180268705177103
4.29506753421653e-05
171.8028588544581
4.29506753421653e-05
4.29506753421653e-05
4.29506753421653e-05
4.29506753421653e-05
4.29506753421653e-05
4.29506753421653e-05
4.29506753421653e-05
0.00017180268705177103
4.29506753421653e-05
4.29506753421653e-05
4.29506753421653e-05
4.29506753421653e-05
4.29506753421653e-05
4.29506753421653e-05
4.29506753421653e-05
0.00017180268705177103
4.29506753421653e-05
0.00017180268705177103
4.29506753421653e-05
4.29506753421653e-05
4.29506753421653e-05
42.95071829284065
42.95071829284065
4.29506753421653e-05
687.2108484253204
4.29506753421653e-05
4.29506753421653e-05
4.29506753421653e-05
4.29506753421653e-05
4.29506753421653e-05
4.29506753421653e-05
4.29506753421653e-05
4.29506753421653e-05
4.29506753421653e-05
1546.2243552686261
4.29506753421653e-05
4.29506753421653e-05
4.29506753421653e-05
1546.2243552686261
4.29506753421653e-05
0.00017180268705177103
0.00017180268705177103
0.00017180268705177103
0.00017180268705177103
0.00017180268705177103
0.00017180268705177103
0.00017180268705177103
0.00017180268705177103
0.00017180268705177103
0.00017180268705177103
0.00017180268705177103
0.00017180268705177103
0.00017180268705177103
0.00017180268705177103
0.00017180268705177103
0.00017180268705177103
0.00017180268705177103
0.00017180268705177103
0.00017180268705177103
0.00017180268705177103
0.00017180268705177103
0.00017180268705177103
0.00017180268705177103
0.00017180268705177103
0.00017180268705177103
0.00017180268705177103
0.00017180268705177103
1546.2243552686261
0.00017180268705177103
0.00017180268705177103
0.00017180268705177103
0.00017180268705177103
0.00017180268705177103
0.00017180268705177103
0.00017180268705177103
0.00017180268705177103
0.00017180268705177103
0.00017180268705177103
0.00017180268705177103
0.00017180268705177103
0.00017180268705177103
0.00017180268705177103
0.00017180268705177103
0.00017180268705177103
0.00017180268705177103
0.00017180268705177103
0.00017180268705177103
0.00017180268705177103
0.00017180268705177103
0.00017180268705177103
0.00017180268705177103
0.00017180268705177103
0.00017180268705177103
0.00017180268705177103
0.00017180268705177103
1546.2243552686261
1546.2243552686261
0.00017180268705177103
0.00017180268705177103
0.00017180268705177103
0.00017180268705177103
0.00017180268705177103
0.00017180268705177103
0.00017180268705177103
0.00017180268705177103
1546.2243552686261
0.00017180268705177103
0.00017180268705177103
1546.2243552686261
0.00017180268705177103
0.00017180268705177103
0.00017180268705177103
0.00017180268705177103
0.00017180268705177103
0.00017180268705177103
0.00017180268705177103
0.00017180268705177103
0.00017180268705177103
0.00017180268705177103
1546.2243552686261
0.00017180268705177103
0.00017180268705177103
0.00017180268705177103
0.00017180268705177103
171.8028588544581
0.00017180268705177103
0.00017180268705177103
0.00017180268705177103
0.00017180268705177103
0.00017180268705177103
0.00017180268705177103
171.8028588544581
0.00017180268705177103
0.00017180268705177103
0.00017180268705177103
0.00017180268705177103
0.00017180268705177103
1546.2243552686261
0.00017180268705177103
0.00017180268705177103
0.00017180268705177103
0.00017180268705177103
0.00017180268705177103
0.00017180268705177103
0.00017180268705177103
0.00017180268705177103
0.00017180268705177103
0.00017180268705177103
0.00017180268705177103
0.00017180268705177103
0.00017180268705177103
0.00017180268705177103
0.00017180268705177103
0.00017180268705177103
0.00017180268705177103
0.00017180268705177103
0.00017180268705177103
0.00017180268705177103
0.00017180268705177103
0.00017180268705177103
0.00017180268705177103
0.00017180268705177103
0.00017180268705177103
0.00017180268705177103
0.00017180268705177103
0.00017180268705177103
0.00017180268705177103
0.00017180268705177103
0.00017180268705177103
0.00017180268705177103
0.00017180268705177103
0.00017180268705177103
0.00017180268705177103
0.00017180268705177103
0.00017180268705177103
0.00017180268705177103
0.00017180268705177103
0.00017180268705177103
0.00017180268705177103
0.00017180268705177103
0.00017180268705177103
0.00017180268705177103
0.00017180268705177103
0.00017180268705177103
0.00017180268705177103
0.00017180268705177103
1546.2243552686261
0.00017180268705177103
1546.2243552686261
0.00017180268705177103
0.00017180268705177103
0.00017180268705177103
1546.2243552686261
0.00017180268705177103
0.00017180268705177103
171.8028588544581
1546.2243552686261
0.00017180268705177103
0.00017180268705177103
20788.125305066984
0.00017180268705177103
0.00017180268705177103
0.00017180268705177103
0.00017180268705177103
0.00017180268705177103
0.00017180268705177103
0.00017180268705177103
0.00017180268705177103
0.00017180268705177103
0.00017180268705177103
0.00017180268705177103
0.00017180268705177103
0.00017180268705177103
0.00017180268705177103
0.00017180268705177103
0.00017180268705177103
0.00017180268705177103
0.00017180268705177103
0.00017180268705177103
0.00017180268705177103
0.00017180268705177103
0.00017180268705177103
0.00017180268705177103
0.00017180268705177103
0.00017180268705177103
0.00017180268705177103
0.00017180268705177103
0.00017180268705177103
0.00017180268705177103
171.8028588544581
0.00017180268705177103
0.00017180268705177103
0.00017180268705177103
0.00017180268705177103
0.00017180268705177103
0.00017180268705177103
0.00017180268705177103
0.00017180268705177103
0.00017180268705177103
0.00017180268705177103
0.00017180268705177103
1546.2243552686261
0.00017180268705177103
0.00017180268705177103
0.00017180268705177103
0.00017180268705177103
0.00017180268705177103
0.00017180268705177103
0.00017180268705177103
0.00017180268705177103
0.00017180268705177103
0.00017180268705177103
1546225901.4929817
0.00017180268705177103
0.00017180268705177103
0.00017180268705177103
0.00017180268705177103
0.00017180268705177103
171.8028588544581
0.00017180268705177103
0.00017180268705177103
0.00017180268705177103
0.00017180268705177103
0.00017180268705177103
0.00017180268705177103
0.00017180268705177103
0.00017180268705177103
0.00017180268705177103
0.00017180268705177103
0.00017180268705177103
0.00017180268705177103
0.00017180268705177103
0.00017180268705177103
0.00017180268705177103
0.00017180268705177103
0.00017180268705177103
0.00017180268705177103
0.00017180268705177103
0.00017180268705177103
0.00017180268705177103
0.00017180268705177103
0.00017180268705177103
0.00017180268705177103
0.00017180268705177103
0.00017180268705177103
0.00017180268705177103
171.8028588544581
0.00017180268705177103
1546.2243552686261
0.00017180268705177103
0.00017180268705177103
0.00017180268705177103
0.00017180268705177103
171.8028588544581
0.00017180268705177103
1546.2243552686261
0.00017180268705177103
0.00017180268705177103
171.8028588544581
0.00017180268705177103
0.00017180268705177103
0.00017180268705177103
1546.2243552686261
0.00017180268705177103
0.00017180268705177103
0.00017180268705177103
0.00017180268705177103
0.00017180268705177103
0.00017180268705177103
171.8028588544581
0.00017180268705177103
0.00017180268705177103
0.00017180268705177103
0.00017180268705177103
0.00017180268705177103
1546.2243552686261
0.00017180268705177103
0.00017180268705177103
0.00017180268705177103
0.00017180268705177103
0.00017180268705177103
0.00017180268705177103
0.00017180268705177103
0.00017180268705177103
1546.2243552686261
0.00017180268705177103
1546.2243552686261
0.00017180268705177103
0.00017180268705177103
171.8028588544581
0.00017180268705177103
0.00017180268705177103
0.00017180268705177103
0.00017180268705177103
0.00017180268705177103
0.00017180268705177103
1546.2243552686261
0.00017180268705177103
0.00017180268705177103
0.00017180268705177103
0.00017180268705177103
0.00017180268705177103
0.00017180268705177103
0.00017180268705177103
171.8028588544581
0.00017180268705177103
0.00017180268705177103
0.00017180268705177103
0.00017180268705177103
0.00017180268705177103
171.8028588544581
0.00017180268705177103
1546225901.4929817
0.00017180268705177103
0.00017180268705177103
0.00017180268705177103
0.00017180268705177103
0.00017180268705177103
0.00017180268705177103
0.00017180268705177103
0.00017180268705177103
0.00017180268705177103
0.00017180268705177103
0.00017180268705177103
0.00017180268705177103
0.00017180268705177103
0.00017180268705177103
0.00017180268705177103
0.00017180268705177103
1546.2243552686261
0.00017180268705177103
171.8028588544581
0.00017180268705177103
0.00017180268705177103
0.00017180268705177103
0.00017180268705177103
0.00017180268705177103
0.00017180268705177103
0.00017180268705177103
0.00017180268705177103
0.00017180268705177103
0.00017180268705177103
171.8028588544581
0.00017180268705177103
0.00017180268705177103
0.00017180268705177103
0.00017180268705177103
0.00017180268705177103
0.00017180268705177103
0.00017180268705177103
0.00017180268705177103
0.00017180268705177103
0.00017180268705177103
0.00017180268705177103
0.00017180268705177103
0.00017180268705177103
0.00017180268705177103
0.00017180268705177103
0.00017180268705177103
0.00017180268705177103
0.00017180268705177103
0.00017180268705177103
1546.2243552686264
992332.3205828323
0.00017180268705177103
0.00017180268705177103
0.00017180268705177103
0.00017180268705177103
0.00017180268705177103
0.00017180268705177103
0.00017180268705177103
0.00017180268705177103
0.00017180268705177103
0.00017180268705177103
0.00017180268705177103
0.00017180268705177103
0.00017180268705177103
0.00017180268705177103
0.00017180268705177103
0.00017180268705177103
0.00017180268705177103
1546.2243552686261
0.00017180268705177103
0.00017180268705177103
0.00017180268705177103
0.00017180268705177103
0.00017180268705177103
0.00017180268705177103
0.00017180268705177103
0.00017180268705177103
0.00017180268705177103
0.00017180268705177103
0.00017180268705177103
0.00017180268705177103
0.00017180268705177103
0.00017180268705177103
0.00017180268705177103
0.00017180268705177103
0.00017180268705177103
0.00017180268705177103
0.00017180268705177103
0.00017180268705177103
0.00017180268705177103
0.00017180268705177103
0.00017180268705177103
0.00017180268705177103
0.00017180268705177103
0.00017180268705177103
0.00017180268705177103
0.00017180268705177103
0.00017180268705177103
0.00017180268705177103
0.00017180268705177103
0.00017180268705177103
0.00017180268705177103
0.00017180268705177103
0.00017180268705177103
0.00017180268705177103
0.00017180268705177103
0.00017180268705177103
0.00017180268705177103
0.00017180268705177103
0.00017180268705177103
1546.2243552686261
0.00017180268705177103
0.00017180268705177103
0.00017180268705177103
0.00017180268705177103
0.00017180268705177103
0.00017180268705177103
0.00017180268705177103
1546.2243552686261
1546.2243552686261
0.00017180268705177103
0.00017180268705177103
0.00017180268705177103
0.00017180268705177103
0.00017180268705177103
687.2109200097713
0.00017180268705177103
0.00017180268705177103
0.00017180268705177103
0.00017180268705177103
1546.2243552686261
0.00017180268705177103
0.00017180268705177103
0.00017180268705177103
0.00017180268705177103
0.00017180268705177103
171.8028588544581
8418.331837339469
0.00017180268705177103
0.00017180268705177103
0.00017180268705177103
0.00017180268705177103
0.00017180268705177103
0.00017180268705177103
171.8028588544581
0.00017180268705177103
0.00017180268705177103
0.00017180268705177103
0.00017180268705177103
0.00017180268705177103
0.00017180268705177103
0.00017180268705177103
0.00017180268705177103
0.00017180268705177103
0.00017180268705177103
0.00017180268705177103
0.00017180268705177103
0.00017180268705177103
0.00017180268705177103
0.00017180268705177103
0.00017180268705177103
0.00017180268705177103
0.00017180268705177103
0.00017180268705177103
0.00017180268705177103
0.00017180268705177103
0.00017180268705177103
0.00017180268705177103
0.00017180268705177103
0.00017180268705177103
1546.2243552686261
0.00017180268705177103
0.00017180268705177103
0.00017180268705177103
0.00017180268705177103
0.00017180268705177103
0.00017180268705177103
0.00017180268705177103
0.00017180268705177103
0.00017180268705177103
0.00017180268705177103
0.00017180268705177103
0.00017180268705177103
0.00017180268705177103
0.00017180268705177103
0.00017180268705177103
0.00017180268705177103
0.00017180268705177103
0.00017180268705177103
0.00017180268705177103
0.00017180268705177103
0.00017180268705177103
0.00017180268705177103
0.00017180268705177103
0.00017180268705177103
1546.2243552686261
0.00017180268705177103
0.00017180268705177103
0.00017180268705177103
0.00017180268705177103
0.00017180268705177103
0.00017180268705177103
171.8028588544581
0.00017180268705177103
0.00017180268705177103
0.00017180268705177103
0.00017180268705177103
0.00017180268705177103
0.00017180268705177103
0.00017180268705177103
0.00017180268705177103
0.00017180268705177103
0.00017180268705177103
1546.2243552686261
0.00017180268705177103
0.00017180268705177103
1546.2243552686261
0.00017180268705177103
0.00017180268705177103
0.00017180268705177103
0.00017180268705177103
0.00017180268705177103
0.00017180268705177103
0.00017180268705177103
0.00017180268705177103
687.2109200097713
0.00017180268705177103
0.00017180268705177103
0.00017180268705177103
0.00017180268705177103
0.00017180268705177103
0.00017180268705177103
0.00017180268705177103
0.00017180268705177103
0.00017180268705177103
0.00017180268705177103
0.00017180268705177103
0.00017180268705177103
0.00017180268705177103
0.00017180268705177103
0.00017180268705177103
0.00017180268705177103
0.00017180268705177103
0.00017180268705177103
0.00017180268705177103
0.00017180268705177103
0.00017180268705177103
0.00017180268705177103
0.00017180268705177103
0.00017180268705177103
0.00017180268705177103
0.00017180268705177103
0.00017180268705177103
0.00017180268705177103
0.00017180268705177103
0.00017180268705177103
558186993798.1985
0.00017180268705177103
0.00017180268705177103
0.00017180268705177103
0.00017180268705177103
0.00017180268705177103
0.00017180268705177103
0.00017180268705177103
687.2109200097713
0.00017180268705177103
0.00017180268705177103
0.00017180268705177103
0.00017180268705177103
171.8028588544581
2748.843164631024
0.00017180268705177103
0.00017180268705177103
0.00017180268705177103
0.00017180268705177103
0.00017180268705177103
0.00017180268705177103
0.00017180268705177103
0.00017180268705177103
171.8028588544581
0.00017180268705177103
0.00017180268705177103
0.00017180268705177103
0.00017180268705177103
0.00017180268705177103
1546.2243552686261
0.00017180268705177103
0.00017180268705177103
0.00017180268705177103
0.00017180268705177103
0.00017180268705177103
0.00017180268705177103
0.00017180268705177103
0.00017180268705177103
0.00017180268705177103
0.00017180268705177103
0.00017180268705177103
0.00017180268705177103
0.00017180268705177103
0.00017180268705177103
0.00017180268705177103
0.00017180268705177103
0.00017180268705177103
171.8028588544581
0.00017180268705177103
0.00017180268705177103
0.00017180268705177103
0.00017180268705177103
0.00017180268705177103
0.00017180268705177103
0.00017180268705177103
0.00017180268705177103
0.00017180268705177103
0.00017180268705177103
0.00017180268705177103
0.00017180268705177103
0.00017180268705177103
0.00017180268705177103
0.00017180268705177103
0.00017180268705177103
0.00017180268705177103
0.00017180268705177103
0.00017180268705177103
0.00017180268705177103
0.00017180268705177103
0.00017180268705177103
171.8028588544581
0.00017180268705177103
0.00017180268705177103
0.00017180268705177103
0.00017180268705177103
0.00017180268705177103
0.00017180268705177103
0.00017180268705177103
0.00017180268705177103
0.00017180268705177103
0.00017180268705177103
0.00017180268705177103
0.00017180268705177103
0.00017180268705177103
0.00017180268705177103
0.00017180268705177103
0.00017180268705177103
0.00017180268705177103
0.00017180268705177103
0.00017180268705177103
0.00017180268705177103
0.00017180268705177103
0.00017180268705177103
0.00017180268705177103
0.00017180268705177103
0.00017180268705177103
0.00017180268705177103
0.00017180268705177103
0.00017180268705177103
0.00017180268705177103
0.00017180268705177103
0.00017180268705177103
0.00017180268705177103
0.00017180268705177103
0.00017180268705177103
0.00017180268705177103
0.00017180268705177103
0.00017180268705177103
0.00017180268705177103
0.00017180268705177103
0.00017180268705177103
0.00017180268705177103
0.00017180268705177103
0.00017180268705177103
0.00017180268705177103
0.00017180268705177103
0.00017180268705177103
0.00017180268705177103
0.00017180268705177103
0.00017180268705177103
0.00017180268705177103
0.00017180268705177103
0.00017180268705177103
0.00017180268705177103
0.8461127363672455
0.7062742523037963
0.9221390400643531
1.8136025369725437
0.5288837688296316
1.0414031032096356
0.682882920934044
0.6618029181338977
0.720188598876736
0.9068641635501876
1.0813416334115113
1.2943661953169483
1.2624652257839042
0.5251413209195155
1.1221189970090226
0.833440121677682
1.3228760116818705
0.5919531911877374
1.3990375353559175
0.7942607279624085
0.6479985448963889
0.5654607823686043
0.9214005163835806
0.36144468253847606
1.0093065241680195
0.8376703211506284
1.541941185356977
1.1080209045930958
0.7756875139158778
0.6153790529677868
0.7240551642657701
0.520792646902947
0.34212241067154725
0.5398391088050054
0.5192429955110547
0.950945076672742
0.5385081422555865
0.5450454985273531
0.9330278608102975
1.4468499522057485
1.0417357049115905
1.3057457483656358
1.2443835666294691
0.7981026702608649
2.28731413521992
0.5878048509110717
0.21244532213515352
3.377991962072841
0.5314848431131155
0.6966679246378273
0.692129818277281
1.310284509301085
0.9938959796925995
2.154687538800947
0.17336465258978492
1.2058003848693075
0.4684814982672256
0.6821815094126386
1.7793803658789697
1.5866432680316138
0.6487977108638663
0.10458981643223722
1.077872090630828
0.7284657744231058
0.5034909996730826
0.5535211118996024
1.1891073544205768
2.611375342484054
1.4638810470429304
0.7178213089341722
0.5696355218946366
0.37311097712867697
0.8219872017778186
2.0247232080435906
0.20020234450459456
1.838554525492191
0.9608915698479167
1.4638810472372459
0.16702958108051058
2.2983506176241293
0.9288641129527233
3.6436618807077035
0.4036129287838653
1.050945053105376
0.993804189235874
1.5938168869870848
1.022401411824064
0.01262224103730555
0.8510277595557334
1.9394914889700705
0.9101469287801297
0.055442088214628094
0.5368627460496663
2.3169230731553325
0.5944730332757207
0.6250519232917033
0.9101469287801297
0.14204513028819893
0.4022435905668436
0.9426760301547673
1.9678300159945143
1.049967202929242
4.5235059284575625
0.4155400059497145
0.3667759214825324
1.2091425105824898
1.4298384675030071
10.579181728907955
1.0659086099672936
0.33439108261331607
0.534205014489283
1.7053712905376008
0.00858059154647438
2.2152772849899725
0.3418912101278692
0.0023051815795651154
1.718027063948221
5.873952262236972
2.6635675219889516
1.926092625118761
0.22626202148145166
0.5431094752563704
4.11753829376792
3.2365753970644713
0.011448746295131495
0.7267746206591204
0.6999657592293452
0.9663902250237131
2.358035079673888
0.8386852452049903
0.26536525560517266
0.04893880022882025
1.483377585946444
1.0614610125923478
1.2584363503073794
0.29826859073189305
1.1366722887849046
1.105425063724886
0.18555253086224194
1.1700203187484615
0.33113668933214874
0.5302552702479278
0.2721559705154281
9.605509357652545
0.5819581650791976
1.1218623850567142
1.4507226368554715
1.2990752877996141
3.2063271972750904
1.0278480685973066
1.1173433071278245
0.20906224962324169
0.82660930388616
0.7986696105375771
0.5807284608516099
1.0287222757054417
0.30921332498348264
1.4399254864840654
23.48128079778513
0.1616571126240621
1.5290379752916605
1.1341663089647918
1.400205319708194
0.7339173303352132
0.7339173303352132
1.5246091949934513
0.4295067741154055
2.4623577785293644
1.6663600498989635
0.4357089577486289
0.6407186856682512
0.7100009882215027
0.011173444195006706
0.013219673587426576
0.012550433044215804
1.211358756175286
1.0821536146244843
0.8610990183043601
0.5387732974495877
0.4224368275958113
4.517821358734784
0.3033025792876893
0.5205704564278572
5.784116036322147
0.12549505129919555
0.5422380791903068
0.061161534029881136
0.01718028779417557
3.9440474495541418
1.4729312940614017e-08
0.4210438021056647
0.6063030676217865
0.015290394975255047
0.07456716540345648
0.8252458359590216
0.016513156280452693
0.14574649138044476
1.099537336470188
0.8252458359590216
0.016841768252307942
2.2093875666503555
0.18671954196963964
1.016584080738645
0.5807284782669204
0.9946045336246646
2.922919406400752
0.09079283873119989
8.789792671161008
1.4866648681258607
2.218526680507405e-08
0.11011232115915803
0.2356690332335234
0.828523886040627
3.5990525648301226
10.460579707796665
0.5158272602741092
0.7059611810072696
0.029744265571391915
2.974423582715609e-08
2.1811889237416575
6.8721082760452985
1.0995373498231182
0.2676981521886406
2.974423582715609e-08
0.7843440148355586
0.2982686201848363
0.30672972168959556
4.01005548117537
0.14434173416309642
3.8271933137610405
3.506177676266586e-08
0.036085460604842495
0.04194406199682719
3.608542451941797e-08
3.608542451941797e-08
3.0095197597071692
0.6123509623501902
2.0552570245315698
2.9549511863734805
4.066336239915747e-08
2.7703132689635264
0.04328618743735325
0.1677761221552486
1.5583012327296715
4.328614415120909e-08
0.17877497303503542
0.04469377677905792
0.5111486039717481
0.18468449243375962
0.04772302164954502
0.051071010088582065
0.2042838871414512
0.7896706319937664
5.891725176077233e-08
5.107095901762305e-08
0.05287869434835002
1.9036311457881492
6.398315670713376
5.287864146970854e-08
1.4198571322872418
1.0995373879743486
1.0165841235004025
0.5718285972661966
0.061161579899205724
0.9785843609645106
0.24464613611226668
2.2873141984552756
0.6439918896292285
0.06605262511969452
0.2642103023211009
0.06605262511969452
0.2642103023211009
0.6439918896292285
0.28621865736557184
1.0220268062439179e-07
0.09291664571841025
36.09049910590996
0.3110959693671226
1.3256381645542372e-07
2.4348457058141326
0.8765445164251352
2.322913912962989
0.33936345497720144
3.6792966046807853
0.09291664571841025
0.08874115595754364
0.8362490681332697
5.94665947223543
1.0737669133064232e-07
1.0220268062439179e-07
3.506177773519068
3.506177668395575e-06
22.995603242690837
1.0220268062439179e-07
2.974423701520898
0.10737679870733366
0.42950687269926063
6.872108352537801
2.007920723035018
1.1295378443682318e-07
2.007920723035018
1.1295378443682318e-07
1.016584172885193
1.2549503734624878e-07
1.402471070411228e-07
0.12549516284128612
0.12549516284128612
2.7488432977666517e-07
3.137376059151257
1.2622241036172124
10.737669265453139
1.3256381645542372e-07
1.486182578931188e-07
31.555599224499744
0.5944731801907331
1.3256381645542372e-07
0.1486184065113767
0.1486184065113767
0.1486184065113767
2.5241905140289957
12.038079037960882
13.589862663779646
0.15776205502859092
0.6711044885663797
3.506177894985289
0.6711044885663797
0.1677762479736551
0.17877510710072916
1.6777608019757486e-07
1.787749283258008e-07
0.7635677736463324
0.25414626910565996
1.8385547287360862
1.8385547287360862
2.0428383605025e-07
16.546990924354088
2.0428383605025e-07
0.20428404033408606
2.0428383605025e-07
2.0428383605025e-07
2.0428383605025e-07
0.9426762637336052
2.1913610474057397e-07
2.1913610474057397e-07
0.8765446380984007
0.23566924268515657
2.3566900701614955e-07
2.3566900701614955e-07
0.23566924268515657
0.9426762637336052
5.891725411072746
0.3247691453829473
2.7488432977666517e-07
0.25414626910565996
1.0165843139845951
12.453154987168622
50.40739150004144
2.3566900701614955e-07
0.274884604660995
3.8957529727363337e-07
4.066336493500336
0.3247691453829473
4.398149551310974
2.54146014959645e-07
0.2982688852613257
5.196301454594849
1.193074646239542
1.0165843139845951
4.772297690152407
0.274884604660995
2.7488432977666517e-07
2.7488432977666517e-07
1.0995375939909906
3.549642688047892e-07
7.456714973087056
2.7488432977666517e-07
1546.2243552686261
2.7488432977666517e-07
3.549642688047892e-07
4.2950676523308875e-07
2.9826858699273875e-07
1.2990756072253276
0.429507194739854
3.549642688047892e-07
187.06684099850582
2.922919710295961
3.247688206141267e-07
0.3247691453829473
3.247688206141267e-07
0.3247691453829473
14.024711091426099
0.354964623769058
5.196301454594849
3.247688206141267e-07
5.302552656853124e-07
171.80270652274228
0.354964623769058
0.354964623769058
3.549642688047892e-07
5.944730314010585e-07
3.549642688047892e-07
3.549642688047892e-07
1.4198574301834257
9.739382821416132
5.679428655840897
0.429507194739854
3.549642688047892e-07
3.549642688047892e-07
0.354964623769058
3.5061780650379974
0.3895756868489307
0.3895756868489307
76.35675865520744
4.7590777309717405e-07
9.739382821416132
0.3895756868489307
1.7180274904391204
1.7180274904391204
4.2950676523308875e-07
4.2950676523308875e-07
0.429507194739854
4.2950676523308875e-07
5.944730314010585e-07
23.319481357669304
4.2950676523308875e-07
4.7590777309717405e-07
4.7590777309717405e-07
4.7590777309717405e-07
5.302552656853124e-07
1.9036315682964693
3.506178550902881
47.59077778562518
4.283170433782339
5.302552656853124e-07
0.47590824900494716
6.872109005812287
0.5302557959405781
23.319481357669304
1.9036315682964693
0.7635683460392163
0.5302557959405781
0.5944736258740899
5.302552656853124e-07
5.302552656853124e-07
577.4479848615606
5.302552656853124e-07
5.302552656853124e-07
5.302552656853124e-07
2.1210215929965157
5.302552656853124e-07
42.95067705076558
0.5302557959405781
1333.22406155135
0.5944736258740899
8.765444185896155e-07
14.861826379499496
5.302552656853124e-07
5.944730314010585e-07
0.5944736258740899
6.711043205718411e-07
2.3778927200772655
0.5944736258740899
7.635675824716338e-07
5.944730314010585e-07
14.861826379499496
0.5944736258740899
2.6844179533916854
5.350257877082558
0.5944736258740899
21.40102972491114
0.6711049916761618
6.03993955625089
4.066337253933283
6.711043205718411e-07
6.711043205718411e-07
6.711043205718411e-07
1.0165850759213653
8.765444185896155e-07
0.8765452951340341
6.711043205718411e-07
6.711043205718411e-07
6.711043205718411e-07
6.711043205718411e-07
7.635675824716338e-07
9.149257550619811
1.0165840593373057e-06
7.635675824716338e-07
7.635675824716338e-07
0.7635683460392163
12.217082083113725
7.635675824716338e-07
48.868326041752155
3.0542710934541177
12.217082083113725
8.765444185896155e-07
0.8765452951340341
8.765444185896155e-07
8.765444185896155e-07
8.765444185896155e-07
1277.8713682370217
4.066337253933283
8.765444185896155e-07
7.888900643850958
8.765444185896155e-07
8.765444185896155e-07
1.0165850759213653
1.0165840593373057e-06
1.1930755403548656
36.597027152727065
1.0165850759213653
1.419857074241294e-06
1.1930743472805183e-06
1.0165840593373057e-06
1.1930743472805183e-06
1.0165850759213653
1.0165840593373057e-06
1.0165840593373057e-06
1.0165840593373057e-06
1.0165850759213653
2.1210210605591293e-06
1.0165840593373057e-06
1.1930743472805183e-06
1.4198584940983683
76.35675941902753
4.772298582196421
1.4198584940983683
1.1930743472805183e-06
1.1930743472805183e-06
1.4198584940983683
1.1930743472805183e-06
1.1930743472805183e-06
6.872109956029723
1.1930755403548656
1.1930755403548656
1.1930743472805183e-06
1.1930743472805183e-06
1.419857074241294e-06
2.1210210605591293e-06
1.7180270595006656e-06
4.772298582196421
1.1930743472805183e-06
1.1930755403548656
1.1930743472805183e-06
1.1930743472805183e-06
1.419857074241294e-06
1.7180287775277252
1.4198584940983683
1.419857074241294e-06
1.419857074241294e-06
1.7180270595006656e-06
1.419857074241294e-06
1.4198584940983683
1.419857074241294e-06
1.419857074241294e-06
1.7180270595006656e-06
2.6844172787920295e-06
1.419857074241294e-06
5.67942971682225
1.7180287775277252
3.506177668395575e-06
5.67942971682225
1.419857074241294e-06
1.419857074241294e-06
1.7180287775277252
5.67942971682225
1.419857074241294e-06
1.7180270595006656e-06
1.4198584940983683
1.419857074241294e-06
2.1210210605591293e-06
1.7180270595006656e-06
1.7180287775277252
1.7180287775277252
1.7180270595006656e-06
2.1210210605591293e-06
1.7180287775277252
6.872109956029723
1.7180270595006656e-06
1.7180270595006656e-06
1.7180270595006656e-06
2.1210210605591293e-06
1.7180270595006656e-06
2.6844172787920295e-06
1.7180270595006656e-06
1.7180270595006656e-06
1.7180270595006656e-06
1.7180270595006656e-06
1.7180270595006656e-06
1.7180270595006656e-06
1.7180270595006656e-06
1.7180270595006656e-06
1.7180270595006656e-06
1.7180270595006656e-06
1.7180270595006656e-06
27.488434670037716
1.7180270595006656e-06
1.7180270595006656e-06
1.7180270595006656e-06
1.7180270595006656e-06
1.7180287775277252
1.7180287775277252
1546.2243552686261
2.1210231815801897
2.6844172787920295e-06
2.1210210605591293e-06
2.1210210605591293e-06
2.6844172787920295e-06
2.1210210605591293e-06
33.936339089967134
8.484086363257578
2.1210210605591293e-06
2.6844199632093084
2.1210210605591293e-06
2.1210210605591293e-06
2.1210210605591293e-06
2.1210231815801897
2.1210210605591293e-06
2.1210210605591293e-06
2.1210231815801897
1.0737669059242757e-05
2.6844172787920295e-06
2.1210210605591293e-06
8.484086363257578
2.1210210605591293e-06
2.1210231815801897
2.6844172787920295e-06
19.08919166605322
2.1210210605591293e-06
2.1210210605591293e-06
2.1210210605591293e-06
4.29506753421653e-05
2.1210210605591293e-06
2.1210210605591293e-06
19.089208424737944
2.6844172787920295e-06
14.024714179759968
2.6844172787920295e-06
2.6844172787920295e-06
3.506177668395575e-06
2.6844172787920295e-06
2.6844199632093084
2.6844172787920295e-06
3.506177668395575e-06
217.43780226657168
10.737671799585398
2.6844199632093084
2.6844172787920295e-06
24.159758193545542
10.737671799585398
2.6844199632093084
2.6844172787920295e-06
2.6844199632093084
2.6844172787920295e-06
2.6844172787920295e-06
2.6844172787920295e-06
3.506177668395575e-06
2.6844172787920295e-06
42.950681174973184
2.6844172787920295e-06
2.6844172787920295e-06
14.024714179759968
3.506177668395575e-06
2.6844172787920295e-06
2.6844172787920295e-06
3.506177668395575e-06
4.772302150372468
3.506177668395575e-06
3.506177668395575e-06
3.506177668395575e-06
3.506177668395575e-06
14.024714179759968
3.506177668395575e-06
3.506177668395575e-06
3.506177668395575e-06
3.506177668395575e-06
4.772297378075089e-06
3.506177668395575e-06
3.506177668395575e-06
3.506177668395575e-06
3.506177668395575e-06
3.506177668395575e-06
3.506177668395575e-06
3.506177668395575e-06
3.506177668395575e-06
3.506181174573243
3.506177668395575e-06
31.555602521737843
3.506177668395575e-06
4.772297378075089e-06
1.0737669059242757e-05
3.506177668395575e-06
4.772297378075089e-06
4.772297378075089e-06
4.772297378075089e-06
4.772297378075089e-06
4.772297378075089e-06
42.950681174973184
4.772297378075089e-06
4.772297378075089e-06
4.772297378075089e-06
4.772297378075089e-06
4.772297378075089e-06
4.772297378075089e-06
4.772297378075089e-06
4.772297378075089e-06
4.772297378075089e-06
4.772297378075089e-06
4.772297378075089e-06
42.95071829284065
4.772297378075089e-06
4.772297378075089e-06
4.772297378075089e-06
4.772297378075089e-06
4.772297378075089e-06
4.772297378075089e-06
4.772297378075089e-06
4.772297378075089e-06
4.772297378075089e-06
6.872108215095636e-06
4.772297378075089e-06
4.772297378075089e-06
1.0737669059242757e-05
4.772297378075089e-06
4.772297378075089e-06
4.772297378075089e-06
4.772297378075089e-06
6.872108215095636e-06
4.772297378075089e-06
4.772297378075089e-06
6.872108215095636e-06
4.772297378075089e-06
6.872108215095636e-06
6.872108215095636e-06
6.872108215095636e-06
6.872108215095636e-06
6.872108215095636e-06
6.872108215095636e-06
6.872108215095636e-06
6.872108215095636e-06
6.872108215095636e-06
6.872115087203851
6.872108215095636e-06
6.872115087203851
6.872108215095636e-06
6.872108215095636e-06
6.872108215095636e-06
6.872108215095636e-06
6.872115087203851
6.872108215095636e-06
6.872108215095636e-06
6.872108215095636e-06
6.872108215095636e-06
6.872108215095636e-06
1.9089189335548606e-05
6.872115087203851
1.0737669059242757e-05
6.872108215095636e-06
1.0737669059242757e-05
1.0737669059242757e-05
6.872108215095636e-06
6.872108215095636e-06
6.872108215095636e-06
6.872108215095636e-06
6.872108215095636e-06
6.872108215095636e-06
27.48843973249076
6.872108215095636e-06
6.872108215095636e-06
6.872108215095636e-06
6.872108215095636e-06
6.872108215095636e-06
6.872108215095636e-06
76.35677643138376
1.0737669059242757e-05
6.872108215095636e-06
6.872108215095636e-06
6.872115087203851
6.872108215095636e-06
6.872108215095636e-06
6.872108215095636e-06
6.872108215095636e-06
6.872108215095636e-06
61.848980807968935
6.872108215095636e-06
6.872108215095636e-06
6.872108215095636e-06
1.0737669059242757e-05
6.872108215095636e-06
6.872108215095636e-06
6.872108215095636e-06
1.0737669059242757e-05
1.0737669059242757e-05
1.0737669059242757e-05
1.0737669059242757e-05
1.0737669059242757e-05
1.0737669059242757e-05
1.0737669059242757e-05
1.0737669059242757e-05
1.0737669059242757e-05
1.0737669059242757e-05
1.0737669059242757e-05
1.0737669059242757e-05
1.0737669059242757e-05
10.737679796911818
96.63903227085387
10.737679796911818
1.0737669059242757e-05
1.0737669059242757e-05
1.0737669059242757e-05
1.0737669059242757e-05
1.0737669059242757e-05
1.0737669059242757e-05
1.0737669059242757e-05
1.0737669059242757e-05
1.0737669059242757e-05
1.0737669059242757e-05
4.29506753421653e-05
1.0737669059242757e-05
1.0737669059242757e-05
477.2297524779045
1.0737669059242757e-05
1.0737669059242757e-05
1.0737669059242757e-05
1.0737669059242757e-05
1.0737669059242757e-05
1.0737669059242757e-05
10.737679796911818
386.55609687040834
1.0737669059242757e-05
1.0737669059242757e-05
1.0737669059242757e-05
1.0737669059242757e-05
76.35677643138376
1.0737669059242757e-05
1.0737669059242757e-05
1.0737669059242757e-05
1.0737669059242757e-05
1.0737669059242757e-05
1.0737669059242757e-05
1.0737669059242757e-05
1.0737669059242757e-05
1.0737669059242757e-05
1.9089189335548606e-05
42.95068697464009
1.0737669059242757e-05
1.0737669059242757e-05
1.0737669059242757e-05
1.0737669059242757e-05
305.4270484579671
1.0737669059242757e-05
1.0737669059242757e-05
1.0737669059242757e-05
1.0737669059242757e-05
1.0737669059242757e-05
1.0737669059242757e-05
1.0737669059242757e-05
1.0737669059242757e-05
96.63903227085387
1.0737669059242757e-05
1.0737669059242757e-05
1.0737669059242757e-05
1.0737669059242757e-05
1.0737669059242757e-05
1.0737669059242757e-05
1.0737669059242757e-05
1.0737669059242757e-05
1.0737669059242757e-05
1.0737669059242757e-05
4.29506753421653e-05
0.00017180268705177103
42.95071829284065
1.0737669059242757e-05
1.9089189335548606e-05
1.9089189335548606e-05
1.9089189335548606e-05
1.9089189335548606e-05
1.9089189335548606e-05
1.9089189335548606e-05
0.00017180268705177103
1.9089189335548606e-05
76.35677643138376
1.9089189335548606e-05
19.089208424737944
1.9089189335548606e-05
1.9089189335548606e-05
1.9089189335548606e-05
1.9089189335548606e-05
1.9089189335548606e-05
1.9089189335548606e-05
1.9089189335548606e-05
1.9089189335548606e-05
76.35677643138376
1.9089189335548606e-05
1.9089189335548606e-05
1.9089189335548606e-05
1.9089189335548606e-05
1.9089189335548606e-05
1.9089189335548606e-05
1.9089189335548606e-05
1546.2243552686261
19.089208424737944
1.9089189335548606e-05
1.9089189335548606e-05
1.9089189335548606e-05
1.9089189335548606e-05
1.9089189335548606e-05
19.089208424737944
1.9089189335548606e-05
1.9089189335548606e-05
1.9089189335548606e-05
1.9089189335548606e-05
4.29506753421653e-05
1.9089189335548606e-05
1.9089189335548606e-05
1.9089189335548606e-05
1.9089189335548606e-05
1.9089189335548606e-05
1.9089189335548606e-05
1.9089189335548606e-05
1.9089189335548606e-05
4.29506753421653e-05
4.29506753421653e-05
1.9089189335548606e-05
305.4270484579671
1.9089189335548606e-05
1.9089189335548606e-05
1.9089189335548606e-05
1.9089189335548606e-05
1.9089189335548606e-05
19.089208424737944
1.9089189335548606e-05
1.9089189335548606e-05
1.9089189335548606e-05
1.9089189335548606e-05
1.9089189335548606e-05
1.9089189335548606e-05
1908.91895264405
4.29506753421653e-05
4.29506753421653e-05
19.089208424737944
4.29506753421653e-05
1.9089189335548606e-05
1.9089189335548606e-05
19.089208424737944
19.089208424737944
1.9089189335548606e-05
1.9089189335548606e-05
1.9089189335548606e-05
4.29506753421653e-05
4.29506753421653e-05
1546.2243552686261
4.29506753421653e-05
4.29506753421653e-05
1546.2243552686261
4.29506753421653e-05
4.29506753421653e-05
4.29506753421653e-05
4.29506753421653e-05
4.29506753421653e-05
4.29506753421653e-05
4.29506753421653e-05
4.29506753421653e-05
4.29506753421653e-05
4.29506753421653e-05
4.29506753421653e-05
4.29506753421653e-05
4.29506753421653e-05
4.29506753421653e-05
4.29506753421653e-05
4.29506753421653e-05
4.29506753421653e-05
4.29506753421653e-05
4.29506753421653e-05
4.29506753421653e-05
4.29506753421653e-05
4.29506753421653e-05
4.29506753421653e-05
4.29506753421653e-05
4.29506753421653e-05
4.29506753421653e-05
4.29506753421653e-05
4.29506753421653e-05
4.29506753421653e-05
4.29506753421653e-05
4.29506753421653e-05
4.29506753421653e-05
4.29506753421653e-05
4.29506753421653e-05
1546.2243552686261
4.29506753421653e-05
4.29506753421653e-05
4.29506753421653e-05
42.95071829284065
42.95071829284065
0.00017180268705177103
4.29506753421653e-05
4.29506753421653e-05
4.29506753421653e-05
4.29506753421653e-05
0.00017180268705177103
4.29506753421653e-05
4.29506753421653e-05
42.95071829284065
4.29506753421653e-05
4.29506753421653e-05
4.29506753421653e-05
4.29506753421653e-05
42.95071829284065
4.29506753421653e-05
1546.2243552686261
4.29506753421653e-05
4.29506753421653e-05
4.29506753421653e-05
4.29506753421653e-05
4.29506753421653e-05
4.29506753421653e-05
4.29506753421653e-05
4.29506753421653e-05
4.29506753421653e-05
4.29506753421653e-05
4.29506753421653e-05
4.29506753421653e-05
42.95071829284065
4.29506753421653e-05
4.29506753421653e-05
4.29506753421653e-05
1546.2243552686261
4.29506753421653e-05
1546.2243552686261
0.00017180268705177103
4.29506753421653e-05
4.29506753421653e-05
4.29506753421653e-05
4.29506753421653e-05
171.80274431933657
4.29506753421653e-05
4.29506753421653e-05
171.80274431933657
4.29506753421653e-05
4.29506753421653e-05
4.29506753421653e-05
4.29506753421653e-05
4.29506753421653e-05
4.29506753421653e-05
4.29506753421653e-05
4.29506753421653e-05
1546.2243552686261
171.80274431933657
4.29506753421653e-05
4.29506753421653e-05
4.29506753421653e-05
4.29506753421653e-05
4.29506753421653e-05
42.95071829284065
4.29506753421653e-05
4.29506753421653e-05
4.29506753421653e-05
4.29506753421653e-05
4.29506753421653e-05
4.29506753421653e-05
4.29506753421653e-05
4.29506753421653e-05
42.95071829284065
4.29506753421653e-05
4.29506753421653e-05
4.29506753421653e-05
4.29506753421653e-05
4.29506753421653e-05
42.95071829284065
42.95071829284065
4.29506753421653e-05
171.8028588544581
4.29506753421653e-05
171.80274431933657
4.29506753421653e-05
4.29506753421653e-05
4.29506753421653e-05
4.29506753421653e-05
4.29506753421653e-05
4.29506753421653e-05
0.00017180268705177103
4.29506753421653e-05
4.29506753421653e-05
4.29506753421653e-05
42.95071829284065
4.29506753421653e-05
4.29506753421653e-05
4.29506753421653e-05
4.29506753421653e-05
4.29506753421653e-05
4.29506753421653e-05
42.95071829284065
4.29506753421653e-05
4.29506753421653e-05
4.29506753421653e-05
4.29506753421653e-05
4.29506753421653e-05
4.29506753421653e-05
4.29506753421653e-05
4.29506753421653e-05
4.29506753421653e-05
4.29506753421653e-05
4.29506753421653e-05
4.29506753421653e-05
4.29506753421653e-05
42.95071829284065
4.29506753421653e-05
4.29506753421653e-05
4.29506753421653e-05
42.95071829284065
4.29506753421653e-05
4.29506753421653e-05
4.29506753421653e-05
4.29506753421653e-05
4.29506753421653e-05
4.29506753421653e-05
4.29506753421653e-05
42.95071829284065
386.55612103016307
4.29506753421653e-05
4.29506753421653e-05
0.00017180268705177103
0.00017180268705177103
1546.2243552686261
1546.2243552686261
75764994954.38705
0.00017180268705177103
0.00017180268705177103
0.00017180268705177103
0.00017180268705177103
0.00017180268705177103
0.00017180268705177103
0.00017180268705177103
0.00017180268705177103
0.00017180268705177103
0.00017180268705177103
0.00017180268705177103
0.00017180268705177103
0.00017180268705177103
0.00017180268705177103
0.00017180268705177103
0.00017180268705177103
0.00017180268705177103
0.00017180268705177103
0.00017180268705177103
0.00017180268705177103
0.00017180268705177103
0.00017180268705177103
0.00017180268705177103
0.00017180268705177103
0.00017180268705177103
0.00017180268705177103
171.8028588544581
0.00017180268705177103
0.00017180268705177103
0.00017180268705177103
0.00017180268705177103
0.00017180268705177103
0.00017180268705177103
0.00017180268705177103
0.00017180268705177103
0.00017180268705177103
0.00017180268705177103
0.00017180268705177103
0.00017180268705177103
0.00017180268705177103
0.00017180268705177103
0.00017180268705177103
0.00017180268705177103
0.00017180268705177103
0.00017180268705177103
0.00017180268705177103
0.00017180268705177103
0.00017180268705177103
0.00017180268705177103
0.00017180268705177103
0.00017180268705177103
0.00017180268705177103
0.00017180268705177103
0.00017180268705177103
0.00017180268705177103
0.00017180268705177103
0.00017180268705177103
0.00017180268705177103
0.00017180268705177103
0.00017180268705177103
0.00017180268705177103
0.00017180268705177103
0.00017180268705177103
0.00017180268705177103
0.00017180268705177103
1546.2243552686264
1546.2243552686261
0.00017180268705177103
1546.2243552686261
0.00017180268705177103
0.00017180268705177103
0.00017180268705177103
0.00017180268705177103
1546.2243552686261
0.00017180268705177103
0.00017180268705177103
0.00017180268705177103
0.00017180268705177103
0.00017180268705177103
0.00017180268705177103
0.00017180268705177103
0.00017180268705177103
0.00017180268705177103
0.00017180268705177103
0.00017180268705177103
0.00017180268705177103
0.00017180268705177103
0.00017180268705177103
0.00017180268705177103
0.00017180268705177103
0.00017180268705177103
0.00017180268705177103
0.00017180268705177103
0.00017180268705177103
0.00017180268705177103
0.00017180268705177103
1546.2243552686261
0.00017180268705177103
171.8028588544581
1546.2243552686261
0.00017180268705177103
0.00017180268705177103
0.00017180268705177103
0.00017180268705177103
0.00017180268705177103
0.00017180268705177103
0.00017180268705177103
0.00017180268705177103
0.00017180268705177103
0.00017180268705177103
0.00017180268705177103
0.00017180268705177103
0.00017180268705177103
0.00017180268705177103
1546.2243552686261
0.00017180268705177103
0.00017180268705177103
0.00017180268705177103
0.00017180268705177103
0.00017180268705177103
0.00017180268705177103
0.00017180268705177103
0.00017180268705177103
0.00017180268705177103
0.00017180268705177103
0.00017180268705177103
0.00017180268705177103
0.00017180268705177103
0.00017180268705177103
0.00017180268705177103
0.00017180268705177103
0.00017180268705177103
0.00017180268705177103
0.00017180268705177103
0.00017180268705177103
0.00017180268705177103
0.00017180268705177103
0.00017180268705177103
1546.2243552686261
0.00017180268705177103
0.00017180268705177103
0.00017180268705177103
0.00017180268705177103
0.00017180268705177103
0.00017180268705177103
0.00017180268705177103
0.00017180268705177103
0.00017180268705177103
687.2109200097713
0.00017180268705177103
0.00017180268705177103
0.00017180268705177103
0.00017180268705177103
0.00017180268705177103
0.00017180268705177103
0.00017180268705177103
0.00017180268705177103
0.00017180268705177103
0.00017180268705177103
0.00017180268705177103
0.00017180268705177103
0.00017180268705177103
0.00017180268705177103
0.00017180268705177103
171.8028588544581
0.00017180268705177103
0.00017180268705177103
0.00017180268705177103
0.00017180268705177103
0.00017180268705177103
0.00017180268705177103
0.00017180268705177103
0.00017180268705177103
0.00017180268705177103
0.00017180268705177103
0.00017180268705177103
687.2109200097713
0.00017180268705177103
0.00017180268705177103
0.00017180268705177103
0.00017180268705177103
1546.2243552686261
0.00017180268705177103
0.00017180268705177103
0.00017180268705177103
0.00017180268705177103
0.00017180268705177103
0.00017180268705177103
0.00017180268705177103
0.00017180268705177103
0.00017180268705177103
0.00017180268705177103
0.00017180268705177103
1546.2243552686261
0.00017180268705177103
0.00017180268705177103
0.00017180268705177103
0.00017180268705177103
0.00017180268705177103
0.00017180268705177103
0.00017180268705177103
0.00017180268705177103
0.00017180268705177103
1546.2243552686261
0.00017180268705177103
0.00017180268705177103
171.8028588544581
0.00017180268705177103
0.00017180268705177103
0.00017180268705177103
0.00017180268705177103
0.00017180268705177103
0.00017180268705177103
171.8028588544581
0.00017180268705177103
0.00017180268705177103
0.00017180268705177103
0.00017180268705177103
0.00017180268705177103
0.00017180268705177103
0.00017180268705177103
0.00017180268705177103
1546.2243552686264
0.00017180268705177103
0.00017180268705177103
0.00017180268705177103
0.00017180268705177103
0.00017180268705177103
0.00017180268705177103
0.00017180268705177103
1546.2243552686261
0.00017180268705177103
0.00017180268705177103
0.00017180268705177103
0.00017180268705177103
0.00017180268705177103
0.00017180268705177103
0.00017180268705177103
0.00017180268705177103
0.00017180268705177103
1546.2243552686261
0.00017180268705177103
0.00017180268705177103
0.00017180268705177103
0.00017180268705177103
0.00017180268705177103
0.00017180268705177103
0.00017180268705177103
0.00017180268705177103
0.00017180268705177103
0.00017180268705177103
0.00017180268705177103
0.00017180268705177103
0.00017180268705177103
0.00017180268705177103
0.00017180268705177103
0.00017180268705177103
0.00017180268705177103
0.00017180268705177103
0.00017180268705177103
0.00017180268705177103
0.00017180268705177103
0.00017180268705177103
1546.2243552686261
0.00017180268705177103
0.00017180268705177103
0.00017180268705177103
0.00017180268705177103
0.00017180268705177103
0.00017180268705177103
0.00017180268705177103
0.00017180268705177103
0.00017180268705177103
0.00017180268705177103
0.00017180268705177103
0.00017180268705177103
0.00017180268705177103
0.00017180268705177103
0.00017180268705177103
0.00017180268705177103
0.00017180268705177103
0.00017180268705177103
0.00017180268705177103
1546.2243552686261
687.2109200097713
0.00017180268705177103
0.00017180268705177103
0.00017180268705177103
1546.2243552686261
0.00017180268705177103
0.00017180268705177103
0.00017180268705177103
0.00017180268705177103
171.8028588544581
0.00017180268705177103
0.00017180268705177103
0.00017180268705177103
0.00017180268705177103
0.00017180268705177103
0.00017180268705177103
0.00017180268705177103
0.00017180268705177103
0.00017180268705177103
0.00017180268705177103
0.00017180268705177103
0.00017180268705177103
0.00017180268705177103
0.00017180268705177103
0.00017180268705177103
0.00017180268705177103
0.00017180268705177103
0.00017180268705177103
0.00017180268705177103
0.00017180268705177103
0.00017180268705177103
0.00017180268705177103
0.00017180268705177103
0.00017180268705177103
0.00017180268705177103
171.8028588544581
0.00017180268705177103
0.00017180268705177103
1546.2243552686261
0.00017180268705177103
0.00017180268705177103
0.00017180268705177103
0.00017180268705177103
0.00017180268705177103
0.00017180268705177103
0.00017180268705177103
0.00017180268705177103
0.00017180268705177103
0.00017180268705177103
0.00017180268705177103
0.00017180268705177103
0.00017180268705177103
0.00017180268705177103
0.00017180268705177103
0.00017180268705177103
0.00017180268705177103
0.00017180268705177103
0.00017180268705177103
0.00017180268705177103
0.00017180268705177103
0.00017180268705177103
0.00017180268705177103
0.00017180268705177103
0.00017180268705177103
0.00017180268705177103
0.00017180268705177103
0.00017180268705177103
0.00017180268705177103
0.00017180268705177103
0.00017180268705177103
0.00017180268705177103
1546.2243552686261
0.00017180268705177103
0.00017180268705177103
0.00017180268705177103
0.00017180268705177103
0.00017180268705177103
0.00017180268705177103
0.00017180268705177103
0.00017180268705177103
0.00017180268705177103
0.00017180268705177103
0.00017180268705177103
0.00017180268705177103
0.00017180268705177103
0.00017180268705177103
0.00017180268705177103
0.00017180268705177103
0.00017180268705177103
0.00017180268705177103
0.00017180268705177103
171.8028588544581
0.00017180268705177103
0.00017180268705177103
0.00017180268705177103
0.00017180268705177103
0.00017180268705177103
0.00017180268705177103
0.00017180268705177103
0.00017180268705177103
0.00017180268705177103
171.8028588544581
0.00017180268705177103
0.00017180268705177103
0.00017180268705177103
0.00017180268705177103
0.00017180268705177103
0.00017180268705177103
0.00017180268705177103
0.00017180268705177103
0.00017180268705177103
0.00017180268705177103
0.00017180268705177103
0.00017180268705177103
1546.2243552686261
0.00017180268705177103
0.00017180268705177103
0.00017180268705177103
0.00017180268705177103
0.00017180268705177103
0.00017180268705177103
1546.2243552686261
0.00017180268705177103
0.00017180268705177103
0.00017180268705177103
0.00017180268705177103
0.00017180268705177103
687.2109200097713
1546.2243552686261
0.00017180268705177103
0.00017180268705177103
0.00017180268705177103
1546.2243552686261
0.00017180268705177103
0.00017180268705177103
0.00017180268705177103
1546.2243552686261
0.00017180268705177103
0.00017180268705177103
0.00017180268705177103
0.00017180268705177103
0.00017180268705177103
0.00017180268705177103
0.00017180268705177103
1546.2243552686261
0.00017180268705177103
0.00017180268705177103
0.00017180268705177103
0.00017180268705177103
1546.2243552686261
0.00017180268705177103
0.00017180268705177103
0.00017180268705177103
0.00017180268705177103
0.00017180268705177103
0.00017180268705177103
0.00017180268705177103
0.00017180268705177103
0.00017180268705177103
0.00017180268705177103
0.00017180268705177103
0.00017180268705177103
0.970404738458625
1.1551791024024587
0.7145186719291795
1.0751577216786887
1.0541401186318915
0.963588182234504
0.7402717027378938
0.9465788065327061
1.4291938277908942
0.8676965852828189
0.8992181649008801
0.9355723265435607
1.4043150439896266
0.7982572288269387
0.47517192834922867
0.5439444078713086
0.40719858851464047
1.2548088894162206
0.5894190862181277
0.48785251246691774
1.0055907415877523
0.8166455285001812
1.0549307043698968
1.6761389814480008
0.656594385838647
1.4670286127901917
0.5498432405831751
0.8749812551666226
1.0647796287028575
0.739823498920786
0.9934208129306208
0.4600672988972052
0.983301174104151
0.7472599736214007
2.6666102532378178
0.4323845250573744
1.114996354341776
0.281701397665203
1.0659086084571228
1.6089743557361924
0.8078233372531345
1.0748294047912088
1.5614636474003454
0.8765444198909743
0.7601852286792143
0.8958297485705318
1.6721130490282963
3.5238187951275552
0.4579747835585851
0.4544006282565124
2.7166622485939946
0.12701617700829884
0.9785843015395559
1.7604458876802938
0.0625701856727422
0.38046274288440535
0.33049151250118947
1.1826772389648808
2.0806215910839625
0.20631145899144074
0.017009752143873916
3.054270335904044
1.7362553424734974
0.04667988549287966
0.2244483086388544
1.2368532810025028
2.2018146814298722
0.008520277620646593
4.0663362501617915
0.4088107338774398
0.4224368275958113
4.772297405983261
0.31376052489530326
1.070792503008723
0.12549505129919555
3.253565276757585
0.3178221146979684
0.8418332772616135
1.5884125937425443e-08
3.6436618958538527
3.217136566123793
0.5674551229044283
0.022698226706452978
0.6546361568745513
2.0079206290359655
1.4574675852748844
39.1904591792804
0.1486182950583968
0.6925783497054898
4.328614458407054
12.916488617352899
0.5718285972661966
3.506177731005891
2.5759673438529744
0.22717718887315644
2.2873141984552756
0.2642103023211009
8.315251045573905
1.6513140427309454
0.6184898108010445
7.456714750464422
2.0298052103502524
0.6999658338585597
4.15720136901124
1.4198571642046902
8.874106721647643e-08
0.33936345497720144
0.3549643576069729
0.08874115595754364
0.8765445164251352
0.09739392173063666
0.10220278282707243
1.0220268062439179e-07
1.0737669133064232e-07
0.4518152507010772
0.14024724728822985
1.2549503734624878e-07
0.5019802748800325
1.402471070411228e-07
1.3256381645542372e-07
0.1677762479736551
12.038079037960882
2.377892274908159
0.6310477468286718
0.17877510710072916
1.7180287775277252
2.0428383605025e-07
5.891725411072746
7.8888999897967675
0.23566924268515657
0.21913632387667872
2.1913610474057397e-07
4.066336493500336
10.737669430007182
13.469332433940925
0.274884604660995
1.0995375939909906
2.7488432977666517e-07
0.2982688852613257
0.354964623769058
3.247688206141267e-07
3.549642688047892e-07
3.549642688047892e-07
6.233205145953432
3.8957529727363337e-07
3.8957529727363337e-07
7.614524845462559
4.7590777309717405e-07
1.7180274904391204
0.429507194739854
3.865561316604564
4.2950676523308875e-07
0.5302557959405781
4.7590777309717405e-07
1546.2243552686261
5.302552656853124e-07
4.7590777309717405e-07
0.5302557959405781
42.95067705076558
1.419857074241294e-06
2.3778927200772655
4.772297921423077
5.302552656853124e-07
5.302552656853124e-07
0.5302557959405781
53.02552709878651
0.5302557959405781
0.5944736258740899
0.5944736258740899
6.711043205718411e-07
5.944730314010585e-07
6.711043205718411e-07
6.711043205718411e-07
24.159756211690603
6.711043205718411e-07
1.0737669059242757e-05
6.711043205718411e-07
7.635675824716338e-07
3.0542710934541177
8.765444185896155e-07
0.7635683460392163
42.95067738743558
8.765444185896155e-07
0.8765452951340341
0.8765452951340341
1.0165840593373057e-06
1.1930755403548656
1.419857074241294e-06
4.066337253933283
1.0165840593373057e-06
1.0165850759213653
1.0165840593373057e-06
1.1930743472805183e-06
1.1930743472805183e-06
31.555602521737843
1.1930743472805183e-06
1.419857074241294e-06
1.419857074241294e-06
1.1930755403548656
1.1930743472805183e-06
1.1930743472805183e-06
1.419857074241294e-06
2.1210210605591293e-06
1.419857074241294e-06
1.419857074241294e-06
61.84897586005103
1.419857074241294e-06
5.67942971682225
1.7180270595006656e-06
1.7180287775277252
1.7180270595006656e-06
2.1210231815801897
2.1210210605591293e-06
10.737671799585398
2.1210231815801897
2.1210210605591293e-06
2.1210231815801897
2.1210231815801897
6.872108215095636e-06
2.1210210605591293e-06
2.1210231815801897
2.1210210605591293e-06
2.1210210605591293e-06
2.1210210605591293e-06
2.6844172787920295e-06
217.43780226657168
969.0746403283399
3.506181174573243
2.6844172787920295e-06
2.6844172787920295e-06
3.506177668395575e-06
2.6844172787920295e-06
2.6844172787920295e-06
2.6844172787920295e-06
2.6844172787920295e-06
1.0737669059242757e-05
3.506177668395575e-06
350.61777034573515
3.506181174573243
3.506177668395575e-06
3.506177668395575e-06
3.506177668395575e-06
3.506177668395575e-06
3.506177668395575e-06
1073.7669148391926
19.08919428459774
4.772297378075089e-06
4.772297378075089e-06
4.772297378075089e-06
1.0737669059242757e-05
4.772297378075089e-06
19.08919428459774
4.772297378075089e-06
4.772297378075089e-06
4.772297378075089e-06
4.772297378075089e-06
4.772302150372468
4.772297378075089e-06
4.772302150372468
6.872115087203851
4.772297378075089e-06
4.772297378075089e-06
4.772297378075089e-06
4.772297378075089e-06
4.772297378075089e-06
4.772302150372468
1.0737669059242757e-05
4.772297378075089e-06
6.872115087203851
4.772297378075089e-06
6.872108215095636e-06
6.872115087203851
6.872108215095636e-06
6.872108215095636e-06
6.872108215095636e-06
6.872108215095636e-06
6.872108215095636e-06
4.29506753421653e-05
4.29506753421653e-05
6.872108215095636e-06
6.872108215095636e-06
6.872108215095636e-06
6.872108215095636e-06
6.872108215095636e-06
6.872108215095636e-06
6.872115087203851
6.872108215095636e-06
6.872108215095636e-06
6.872108215095636e-06
6.872115087203851
1.0737669059242757e-05
1.0737669059242757e-05
1.0737669059242757e-05
42.95068697464009
1.0737669059242757e-05
1.0737669059242757e-05
1.0737669059242757e-05
4.29506753421653e-05
1.0737669059242757e-05
1.0737669059242757e-05
1.0737669059242757e-05
1.0737669059242757e-05
1.0737669059242757e-05
1.0737669059242757e-05
10.737679796911818
1.0737669059242757e-05
1.0737669059242757e-05
1.0737669059242757e-05
1.0737669059242757e-05
1.0737669059242757e-05
1.0737669059242757e-05
1.0737669059242757e-05
1.0737669059242757e-05
1.0737669059242757e-05
1.0737669059242757e-05
1.0737669059242757e-05
1.9089189335548606e-05
1.9089189335548606e-05
1.9089189335548606e-05
1.9089189335548606e-05
1.9089189335548606e-05
1.9089189335548606e-05
1.9089189335548606e-05
1.9089189335548606e-05
1.9089189335548606e-05
1.9089189335548606e-05
1.9089189335548606e-05
1.9089189335548606e-05
1.9089189335548606e-05
1.9089189335548606e-05
1.9089189335548606e-05
1.9089189335548606e-05
4.29506753421653e-05
1.9089189335548606e-05
1.9089189335548606e-05
1.9089189335548606e-05
1.9089189335548606e-05
1.9089189335548606e-05
4.29506753421653e-05
1.9089189335548606e-05
1.9089189335548606e-05
1.9089189335548606e-05
1.9089189335548606e-05
4.29506753421653e-05
1.9089189335548606e-05
1.9089189335548606e-05
1.9089189335548606e-05
1.9089189335548606e-05
171.80274431933657
1.9089189335548606e-05
1.9089189335548606e-05
4.29506753421653e-05
4.29506753421653e-05
4.29506753421653e-05
4.29506753421653e-05
4.29506753421653e-05
4.29506753421653e-05
4.29506753421653e-05
4.29506753421653e-05
4.29506753421653e-05
0.00017180268705177103
4.29506753421653e-05
4.29506753421653e-05
4.29506753421653e-05
4.29506753421653e-05
4.29506753421653e-05
4.29506753421653e-05
4.29506753421653e-05
4.29506753421653e-05
4.29506753421653e-05
1546.2243552686261
4.29506753421653e-05
4.29506753421653e-05
4.29506753421653e-05
4.29506753421653e-05
4.29506753421653e-05
1546.2243552686261
4.29506753421653e-05
42.95071829284065
4.29506753421653e-05
4.29506753421653e-05
4.29506753421653e-05
4.29506753421653e-05
4.29506753421653e-05
4.29506753421653e-05
4.29506753421653e-05
1546.2243552686261
4.29506753421653e-05
4.29506753421653e-05
42.95071829284065
4.29506753421653e-05
4.29506753421653e-05
4.29506753421653e-05
4.29506753421653e-05
4.29506753421653e-05
4.29506753421653e-05
4.29506753421653e-05
0.00017180268705177103
4.29506753421653e-05
4.29506753421653e-05
4.29506753421653e-05
4.29506753421653e-05
4.29506753421653e-05
4.29506753421653e-05
4.29506753421653e-05
4.29506753421653e-05
4.29506753421653e-05
4.29506753421653e-05
4.29506753421653e-05
4.29506753421653e-05
42.95071829284065
4.29506753421653e-05
4.29506753421653e-05
4.29506753421653e-05
4.29506753421653e-05
4.29506753421653e-05
4.29506753421653e-05
1546.2243552686261
4.29506753421653e-05
4.29506753421653e-05
4.29506753421653e-05
4.29506753421653e-05
4.29506753421653e-05
4.29506753421653e-05
4.29506753421653e-05
42.95071829284065
4.29506753421653e-05
4.29506753421653e-05
4.29506753421653e-05
4.29506753421653e-05
4.29506753421653e-05
171.8028588544581
0.00017180268705177103
0.00017180268705177103
0.00017180268705177103
0.00017180268705177103
0.00017180268705177103
0.00017180268705177103
0.00017180268705177103
0.00017180268705177103
0.00017180268705177103
0.00017180268705177103
0.00017180268705177103
0.00017180268705177103
0.00017180268705177103
0.00017180268705177103
1546.2243552686261
0.00017180268705177103
0.00017180268705177103
0.00017180268705177103
0.00017180268705177103
0.00017180268705177103
0.00017180268705177103
0.00017180268705177103
0.00017180268705177103
0.00017180268705177103
0.00017180268705177103
0.00017180268705177103
0.00017180268705177103
0.00017180268705177103
4295.0673480969635
0.00017180268705177103
0.00017180268705177103
0.00017180268705177103
0.00017180268705177103
0.00017180268705177103
0.00017180268705177103
0.00017180268705177103
0.00017180268705177103
171.8028588544581
0.00017180268705177103
0.00017180268705177103
0.00017180268705177103
0.00017180268705177103
0.00017180268705177103
1546.2243552686261
0.00017180268705177103
0.00017180268705177103
0.00017180268705177103
0.00017180268705177103
0.00017180268705177103
0.00017180268705177103
0.00017180268705177103
0.00017180268705177103
0.00017180268705177103
0.00017180268705177103
0.00017180268705177103
0.00017180268705177103
0.00017180268705177103
171.8028588544581
0.00017180268705177103
0.00017180268705177103
0.00017180268705177103
0.00017180268705177103
0.00017180268705177103
0.00017180268705177103
0.00017180268705177103
1546.2243552686261
0.00017180268705177103
0.00017180268705177103
0.00017180268705177103
0.00017180268705177103
4295.0673480969635
0.00017180268705177103
0.00017180268705177103
0.00017180268705177103
0.00017180268705177103
0.00017180268705177103
0.00017180268705177103
0.00017180268705177103
0.00017180268705177103
0.00017180268705177103
0.00017180268705177103
0.00017180268705177103
0.00017180268705177103
0.00017180268705177103
0.00017180268705177103
0.00017180268705177103
0.00017180268705177103
0.00017180268705177103
0.00017180268705177103
0.00017180268705177103
0.00017180268705177103
0.00017180268705177103
0.00017180268705177103
0.00017180268705177103
0.00017180268705177103
0.00017180268705177103
0.00017180268705177103
0.00017180268705177103
687.2109200097713
0.00017180268705177103
0.00017180268705177103
0.00017180268705177103
0.00017180268705177103
1546.2243552686261
0.00017180268705177103
0.00017180268705177103
1546.2243552686261
0.00017180268705177103
171.8028588544581
6184898967.298861
0.00017180268705177103
0.00017180268705177103
1546.2243552686261
0.00017180268705177103
0.00017180268705177103
171.8028588544581
0.00017180268705177103
0.00017180268705177103
1546.2243552686261
1546.2243552686261
0.00017180268705177103
171.8028588544581
0.00017180268705177103
1546.2243552686261
0.00017180268705177103
0.00017180268705177103
0.00017180268705177103
0.00017180268705177103
0.00017180268705177103
0.00017180268705177103
0.00017180268705177103
0.00017180268705177103
0.00017180268705177103
0.00017180268705177103
0.00017180268705177103
1546.2243552686261
0.00017180268705177103
2748.843164631024
0.00017180268705177103
0.00017180268705177103
0.00017180268705177103
0.00017180268705177103
0.00017180268705177103
0.00017180268705177103
0.00017180268705177103
0.00017180268705177103
0.00017180268705177103
0.00017180268705177103
0.00017180268705177103
0.00017180268705177103
0.00017180268705177103
171.8028588544581
0.00017180268705177103
0.00017180268705177103
0.00017180268705177103
0.00017180268705177103
0.00017180268705177103
0.00017180268705177103
0.00017180268705177103
0.00017180268705177103
0.00017180268705177103
171.8028588544581
0.00017180268705177103
0.00017180268705177103
0.00017180268705177103
0.00017180268705177103
0.00017180268705177103
0.00017180268705177103
0.00017180268705177103
0.00017180268705177103
0.00017180268705177103
0.00017180268705177103
0.00017180268705177103
0.00017180268705177103
0.00017180268705177103
0.00017180268705177103
0.00017180268705177103
0.00017180268705177103
0.00017180268705177103
0.00017180268705177103
0.00017180268705177103
0.00017180268705177103
687.2109200097713
0.00017180268705177103
0.00017180268705177103
0.00017180268705177103
0.00017180268705177103
0.00017180268705177103
0.00017180268705177103
0.00017180268705177103
171.8028588544581
0.00017180268705177103
0.00017180268705177103
0.00017180268705177103
0.00017180268705177103
0.00017180268705177103
0.9167545397386252
0.8509204551854024
0.8734620207517441
0.958961240834633
1.3735406983422653
0.7597729544826638
0.6871606265502853
3.393122281992769
1.1023998137703084
0.9554455628588753
0.9272124448326332
1.513392960561335
0.8266626872043025
1.9817227618351334
0.8245965403762506
1.247204977093758
1.073504760308706
0.42183268752208686
0.6742932179132565
0.8621010919097961
0.9166724263953423
1.0784821778299414
0.4553797405020312
0.8608843875435298
1.5228192137850072
390.8941592650675
0.5197031871498053
0.574983446748287
1.0165840701648283
19.77703350972298
3.5061777477384823
5.1464568671037405
0.10737679870733366
0.19089208658050486
3.247688206141267e-07
4.7590777309717405e-07
1.1930743472805183e-06
1.419857074241294e-06
2.1210210605591293e-06
2.1210210605591293e-06
2.1210210605591293e-06
2.1210231815801897
2.6844172787920295e-06
2.6844172787920295e-06
2.6844172787920295e-06
4.772302150372468
2.6844172787920295e-06
2.6844199632093084
3.506177668395575e-06
4.772302150372468
4.772297378075089e-06
4.772297378075089e-06
6.872108215095636e-06
96.63903227085387
6.872108215095636e-06
6.872115087203851
6.872108215095636e-06
171.80274431933657
1.0737669059242757e-05
1.0737669059242757e-05
1.0737669059242757e-05
19.089208424737944
1.9089189335548606e-05
1.9089189335548606e-05
1.9089189335548606e-05
1.9089189335548606e-05
4.29506753421653e-05
1.9089189335548606e-05
1.9089189335548606e-05
1.9089189335548606e-05
76.35677643138376
1.9089189335548606e-05
1.9089189335548606e-05
4.29506753421653e-05
4.29506753421653e-05
4.29506753421653e-05
4.29506753421653e-05
687.2108484253204
1546.2243552686261
4.29506753421653e-05
4.29506753421653e-05
1546.2243552686261
4.29506753421653e-05
4.29506753421653e-05
4.29506753421653e-05
0.00017180268705177103
1546.2243552686261
4.29506753421653e-05
4.29506753421653e-05
4.29506753421653e-05
4.29506753421653e-05
0.00017180268705177103
0.00017180268705177103
0.00017180268705177103
0.00017180268705177103
0.00017180268705177103
0.00017180268705177103
0.00017180268705177103
0.00017180268705177103
0.00017180268705177103
0.00017180268705177103
0.00017180268705177103
0.00017180268705177103
0.00017180268705177103
0.00017180268705177103
0.00017180268705177103
0.00017180268705177103
1546.2243552686264
0.00017180268705177103
0.00017180268705177103
0.00017180268705177103
0.00017180268705177103
0.00017180268705177103
0.00017180268705177103
0.00017180268705177103
0.00017180268705177103
0.00017180268705177103
0.00017180268705177103
0.00017180268705177103
0.00017180268705177103
0.00017180268705177103
0.00017180268705177103
0.00017180268705177103
0.00017180268705177103
0.00017180268705177103
0.00017180268705177103
171.8028588544581
0.00017180268705177103
1546.2243552686261
0.00017180268705177103
0.00017180268705177103
0.00017180268705177103
0.00017180268705177103
0.00017180268705177103
0.00017180268705177103
0.00017180268705177103
0.00017180268705177103
0.00017180268705177103
0.00017180268705177103
0.00017180268705177103
0.00017180268705177103
171.8028588544581
0.00017180268705177103
