1524.945
0.00016943831
1.0589895e-05
1524.945
4.70662e-06
4.2359577e-05
0.00016943831
0.00016943831
1524.945
1524.945
0.00016943831
1.6943833e-06
4.70662e-06
1.0589895e-05
1.882648e-05
18.8265
1.882648e-05
4.2359577e-05
4.2359577e-05
4.2359577e-05
4.2359577e-05
42.359623
0.00016943831
0.00016943831
0.00016943831
1524.945
0.00016943831
0.00016943831
0.00016943831
0.00016943831
0.00016943831
1524.945
0.00016943831
0.00016943831
0.00016943831
1.6943833e-06
1.6943833e-06
2.6474767
4.70662e-06
4.70662e-06
6.777533e-06
1.882648e-05
1.882648e-05
1.882648e-05
1.882648e-05
1.882648e-05
1.882648e-05
4.2359577e-05
42.359623
4.2359577e-05
4.2359577e-05
4.2359577e-05
0.00016943831
0.00016943831
0.00016943831
0.00016943831
0.00016943831
0.00016943831
1524.945
0.00016943831
0.00016943831
0.00016943831
0.00016943831
0.00016943831
0.00016943831
0.00016943831
0.00016943831
0.00016943831
0.00016943831
0.00016943831
0.00016943831
0.00016943831
0.00016943831
0.00016943831
45.13654
4.57112
0.17631479
7.530592e-07
1.4003181
25.205704
1.4003167e-06
1.6943833e-06
1.6943833e-06
2.0918334
2.6474738e-06
4.70662e-06
4.70662e-06
4.70662e-06
4.70662e-06
4.70662e-06
4.70662e-06
4.70662e-06
6.777533e-06
6.77754
1524.945
1.0589895e-05
1.0589895e-05
1.0589895e-05
2.117979e-05
1.882648e-05
1.882648e-05
1.882648e-05
1524.945
1.882648e-05
1.882648e-05
1.882648e-05
0.00016943831
1.882648e-05
0.00016943831
1.882648e-05
1.882648e-05
1.882648e-05
1.882648e-05
4.2359577e-05
1.882648e-05
4.2359577e-05
4.2359577e-05
4.2359577e-05
4.2359577e-05
4.2359577e-05
4.2359577e-05
4.2359577e-05
4.2359577e-05
4.2359577e-05
4.2359577e-05
4.2359577e-05
4.2359577e-05
381.23624
0.00016943831
4.2359577e-05
4.2359577e-05
4.2359577e-05
4.2359577e-05
4.2359577e-05
42.359623
0.00016943831
1524.945
0.00016943831
0.00016943831
0.00016943831
0.00016943831
0.00016943831
0.00016943831
1524.945
0.00016943831
0.00016943831
0.00016943831
0.00016943831
0.00016943831
1524.945
1524.945
0.00016943831
0.00016943831
0.00016943831
0.00016943831
0.00016943831
0.00016943831
0.00016943831
0.00016943831
0.00016943831
0.00016943831
1524.945
0.00016943831
1524.945
169.43849
0.00016943831
0.00016943831
0.00016943831
0.00016943831
0.00016943831
0.00016943831
0.00016943831
169.43849
0.00016943831
0.00016943831
0.00016943831
0.00016943831
0.00016943831
0.00016943831
0.00016943831
0.00016943831
0.00016943831
0.00016943831
169.43849
169.43849
0.00016943831
0.00016943831
0.00016943831
0.00016943831
0.00016943831
0.00016943831
0.00016943831
0.00016943831
0.00016943831
0.00016943831
0.00016943831
0.00016943831
0.00016943831
0.00016943831
0.00016943831
0.00016943831
0.00016943831
169.43849
0.00016943831
0.00016943831
0.00016943831
0.00016943831
0.00016943831
0.00016943831
0.00016943831
0.00016943831
0.18826483
0.8644812
4.70662e-08
50.046764
1.2376795e-07
1.5061184
5.513593
3.8421388e-07
0.27110162
3.8421388e-07
42.35958
0.52295834
23.827265
9.305019
5.862918e-07
8.6448125e-07
7.780332
1.0025936e-06
1.0025936e-06
1.0025936e-06
1.176655e-06
95.30905
1.4003167e-06
6.7775354
1.6943833e-06
2.0918312e-06
1.6943833e-06
1.6943833e-06
2.0918312e-06
2.0918312e-06
2.0918334
4.70662e-06
2.6474738e-06
2.6474738e-06
2.6474738e-06
3.457925e-06
2.6474767
2.6474738e-06
2.6474738e-06
3.457925e-06
3.4579287
4.2359577e-05
6.777533e-06
3.457925e-06
3.457925e-06
3.457925e-06
172.89626
1.882648e-05
4.70662e-06
4.706625
1524.945
6.777533e-06
6.777533e-06
6.777533e-06
6.777533e-06
6.777533e-06
6.777533e-06
6.777533e-06
6.777533e-06
6.777533e-06
6.77754
6.777533e-06
6.777533e-06
6.777533e-06
6.777533e-06
1.0589895e-05
1.0589895e-05
1.0589895e-05
1.0589895e-05
1.0589895e-05
1.5884843e-05
1.0589895e-05
1.0589895e-05
1.0589895e-05
1.0589895e-05
1.0589895e-05
10.589907
1.0589895e-05
1.0589895e-05
1.0589895e-05
18.8265
4.2359577e-05
1.882648e-05
1.882648e-05
1.882648e-05
1.882648e-05
1.882648e-05
1.882648e-05
4.2359577e-05
18.8265
1.882648e-05
1.882648e-05
1.882648e-05
1.882648e-05
18.8265
1.882648e-05
1.882648e-05
1.882648e-05
1.882648e-05
1.882648e-05
1.882648e-05
1.882648e-05
0.00016943831
4.2359577e-05
4.2359577e-05
1524.945
42.359623
4.2359577e-05
4.2359577e-05
1524.945
4.2359577e-05
4.2359577e-05
4.2359577e-05
4.2359577e-05
1524.945
4.2359577e-05
1524.945
4.2359577e-05
4.2359577e-05
4.2359577e-05
4.2359577e-05
1524.945
4.2359577e-05
4.2359577e-05
4.2359577e-05
4.2359577e-05
42.359623
4.2359577e-05
4.2359577e-05
4.2359577e-05
4.2359577e-05
4.2359577e-05
4.2359577e-05
4.2359577e-05
4.2359577e-05
4.2359577e-05
4.2359577e-05
0.00016943831
0.00016943831
1524.945
0.00016943831
0.00016943831
0.00016943831
0.00016943831
0.00016943831
0.00016943831
0.00016943831
0.00016943831
0.00016943831
0.00016943831
0.00016943831
0.00016943831
0.00016943831
0.00016943831
0.00016943831
1524.945
0.00016943831
0.00016943831
0.00016943831
169.43849
0.00016943831
0.00016943831
0.00016943831
0.00016943831
0.00016943831
0.00016943831
0.00016943831
0.00016943831
0.00016943831
0.00016943831
0.00016943831
0.00016943831
0.52964777
0.00016943831
0.00016943831
0.00016943831
0.00016943831
0.00016943831
0.00016943831
0.00016943831
0.00016943831
1524.945
0.00016943831
1524.945
0.00016943831
0.00016943831
0.00016943831
0.00016943831
0.00016943831
0.00016943831
0.00016943831
0.00016943831
0.00016943831
0.00016943831
0.00016943831
0.00016943831
1524.945
0.00016943831
0.00016943831
1524.945
0.00016943831
0.00016943831
0.00016943831
0.00016943831
0.00016943831
0.00016943831
0.00016943831
0.00016943831
0.00016943831
0.00016943831
0.00016943831
0.00016943831
0.00016943831
0.00016943831
0.00016943831
0.00016943831
0.00016943831
0.00016943831
0.00016943831
0.00016943831
0.00016943831
0.00016943831
0.00016943831
0.00016943831
0.00016943831
0.00016943831
0.00016943831
0.00016943831
0.00016943831
0.00016943831
0.00016943831
0.00016943831
0.00016943831
0.00016943831
0.00016943831
0.00016943831
0.00016943831
0.00016943831
0.00016943831
0.00016943831
0.00016943831
0.00016943831
0.00016943831
0.00016943831
0.00016943831
0.00016943831
0.00016943831
0.00016943831
0.00016943831
0.00016943831
0.00016943831
0.00016943831
169.43849
1524.945
0.00016943831
0.00016943831
0.00016943831
0.00016943831
0.00016943831
1524.945
0.00016943831
0.00016943831
1524.945
169.43849
0.00016943831
0.00016943831
0.00016943831
0.00016943831
1524.945
2.0109699
0.48785338
8.9344425
4.545722
0.30766952
1.9175909e-08
1.2586429
1.8807423
1.3303121
2.8468359
0.1943379
0.06266217
1.4003168
8.367325e-08
7.6703635e-08
0.087519884
0.9530907
1.7823889
1.3191566
1.4238513e-07
1.4657294e-07
2.3242568e-07
176.49826
2.0147245e-07
1.6943834
0.8644815
2.2412475e-07
0.21612054
0.80589
2.1612031e-07
4.3376217
6.777533
0.29416406
3.8421388e-07
1.536856
3.8421388e-07
8.367326
3.8421388e-07
3.4579253
7.5097327
3.5186174
5.394877
5.5782164e-07
1.8774335
4.2242246
4.693582e-07
0.83978266
5.862918e-07
6.6186846e-07
6.6186846e-07
7.530592e-07
0.75306004
7.530592e-07
7.530592e-07
1.0589895e-05
1.176655e-06
8.6448125e-07
3.457926
2.5934437e-06
8.6448125e-07
1.0025936e-06
11.172377
4.706621
0.86448216
8.6448125e-07
1.1766562
1.7289643
25.064842
1.176655e-06
1.176655e-06
1.176655e-06
1.4003167e-06
1.694385
5.6012683
1.4003181
1.6943833e-06
1.6943833e-06
2.6474738e-06
1.6943833e-06
1.6943833e-06
1524.945
6.777533e-06
2.6474738e-06
2.0918312e-06
2.0918312e-06
3.457925e-06
10.589899
2.0918312e-06
2.0918312e-06
8.367327
2.0918312e-06
2.0918312e-06
2.0918334
2.6474767
2.0918312e-06
2.6474738e-06
2.6474738e-06
2.6474767
2.6474738e-06
2.6474738e-06
2.6474738e-06
3.457925e-06
3.457925e-06
3.457925e-06
4.14951e-06
3.457925e-06
3.457925e-06
3.457925e-06
3.457925e-06
13.831704
6.777533e-06
3.457925e-06
86.44813
4.70662e-06
4.70662e-06
4.70662e-06
6.777533e-06
6.777533e-06
1.0589895e-05
4.70662e-06
18.8265
6.77754
6.777533e-06
4.70662e-06
4.70662e-06
4.70662e-06
6.777533e-06
4.70662e-06
4.70662e-06
4.70662e-06
6.777533e-06
4.70662e-06
6.777533e-06
6.777533e-06
6.77754
6.777533e-06
6.77754
6.777533e-06
6.777533e-06
6.777533e-06
1.0589895e-05
10.589907
6.777533e-06
1.0589895e-05
1.0589895e-05
1.5884843e-05
1.0589895e-05
10.589907
1.0589895e-05
1.882648e-05
1.0589895e-05
1.0589895e-05
1.0589895e-05
1.0589895e-05
1.0589895e-05
1.0589895e-05
1.0589895e-05
1.882648e-05
1.0589895e-05
1.0589895e-05
1.0589895e-05
1.0589895e-05
1.882648e-05
1.0589895e-05
1.0589895e-05
1.0589895e-05
10.589907
1.882648e-05
1.0589895e-05
1.0589895e-05
1.0589895e-05
75.30594
1.0589895e-05
4.2359577e-05
1.0589895e-05
1.882648e-05
4.2359577e-05
1.882648e-05
1.882648e-05
42.359623
1.882648e-05
1.882648e-05
4.2359577e-05
1.882648e-05
1.882648e-05
1.882648e-05
1.882648e-05
1.882648e-05
1.882648e-05
1.882648e-05
1.882648e-05
1.882648e-05
1.882648e-05
1.882648e-05
1.882648e-05
1.882648e-05
1.882648e-05
1.882648e-05
4.2359577e-05
1.882648e-05
1.882648e-05
1.882648e-05
4.2359577e-05
1.882648e-05
1.882648e-05
1.882648e-05
1.882648e-05
1.882648e-05
1.882648e-05
1.882648e-05
1.882648e-05
1.882648e-05
1.882648e-05
1.882648e-05
1524.945
1.882648e-05
1.882648e-05
1.882648e-05
1.882648e-05
1.882648e-05
1.882648e-05
1.882648e-05
4.2359577e-05
4.2359577e-05
169.43837
0.00016943831
4.2359577e-05
4.2359577e-05
4.2359577e-05
4.2359577e-05
4.2359577e-05
4.2359577e-05
8.4719155e-05
42.359623
4.2359577e-05
1524.945
4.2359577e-05
4.2359577e-05
4.2359577e-05
4.2359577e-05
4.2359577e-05
4.2359577e-05
4.2359577e-05
4.2359577e-05
42.359623
4.2359577e-05
4.2359577e-05
4.2359577e-05
4.2359577e-05
4.2359577e-05
4.2359577e-05
4.2359577e-05
4.2359577e-05
4.2359577e-05
4.2359577e-05
0.00016943831
0.00016943831
4.2359577e-05
4.2359577e-05
169.43837
4.2359577e-05
4.2359577e-05
4.2359577e-05
4.2359577e-05
4.2359577e-05
4.2359577e-05
42.359623
4.2359577e-05
4.2359577e-05
4.2359577e-05
4.2359577e-05
4.2359577e-05
1524.945
4.2359577e-05
4.2359577e-05
4.2359577e-05
42.359623
42.359623
4.2359577e-05
4.2359577e-05
4.2359577e-05
4.2359577e-05
4.2359577e-05
4.2359577e-05
4.2359577e-05
4.2359577e-05
4.2359577e-05
4.2359577e-05
4.2359577e-05
4.2359577e-05
4.2359577e-05
4.2359577e-05
4.2359577e-05
4.2359577e-05
4.2359577e-05
169.43837
4.2359577e-05
4.2359577e-05
4.2359577e-05
4.2359577e-05
4.2359577e-05
4.2359577e-05
0.00016943831
4.2359577e-05
4.2359577e-05
4.2359577e-05
4.2359577e-05
4.2359577e-05
4.2359577e-05
42.359623
4.2359577e-05
0.00016943831
0.00016943831
0.00016943831
0.00016943831
0.00016943831
0.00016943831
0.00016943831
0.00016943831
1524.945
0.00016943831
0.00016943831
0.00016943831
1524.945
0.00016943831
0.00016943831
0.00016943831
0.00016943831
0.00016943831
0.00016943831
0.00016943831
0.00016943831
0.00016943831
0.00016943831
0.00016943831
0.00016943831
0.00016943831
0.00016943831
0.00016943831
0.00016943831
0.00016943831
0.00016943831
0.00016943831
0.00016943831
0.00016943831
0.00016943831
0.00016943831
0.00016943831
0.00016943831
0.00016943831
0.00016943831
0.00016943831
0.00016943831
0.00016943831
0.00016943831
0.00016943831
0.00016943831
0.00016943831
0.00016943831
0.00016943831
0.00016943831
0.00016943831
0.00016943831
0.00016943831
0.00016943831
0.00016943831
0.00016943831
0.00016943831
0.00016943831
0.00016943831
0.00016943831
0.00016943831
0.00016943831
0.00016943831
0.00016943831
0.00016943831
0.00016943831
0.00016943831
0.00016943831
0.00016943831
1524.945
0.00016943831
0.00016943831
1524.945
0.00016943831
0.00016943831
0.00016943831
1524.945
0.00016943831
0.00016943831
0.00016943831
0.00016943831
1524.945
140.84575
0.00016943831
0.00016943831
0.00016943831
0.00016943831
1524.945
0.00016943831
0.00016943831
0.00016943831
0.00016943831
0.00016943831
0.00016943831
0.00016943831
0.00016943831
0.00016943831
0.00016943831
0.00016943831
0.00016943831
0.00016943831
0.00016943831
0.00016943831
0.00033887662
0.00016943831
0.00016943831
0.00016943831
0.00016943831
0.00016943831
0.00016943831
0.00016943831
0.00016943831
0.00016943831
0.00016943831
0.00016943831
1524.945
0.00016943831
0.00016943831
0.00016943831
0.00016943831
0.00016943831
0.00016943831
0.00016943831
1524.945
0.00016943831
0.00016943831
1524.945
0.00016943831
0.00016943831
0.00016943831
0.00016943831
0.00016943831
0.00016943831
0.00033887662
0.00016943831
0.00016943831
0.00016943831
0.00016943831
0.00016943831
0.00016943831
0.00016943831
0.00016943831
0.00016943831
0.00016943831
0.00016943831
0.00016943831
0.00016943831
0.00016943831
0.00016943831
0.00016943831
0.00016943831
0.00016943831
0.00016943831
0.00016943831
0.00016943831
0.00016943831
0.00016943831
0.00016943831
1524.945
1524.945
0.00016943831
0.00016943831
0.00016943831
0.00016943831
0.00016943831
0.00016943831
0.00016943831
0.00016943831
0.00016943831
0.00016943831
0.00016943831
0.00016943831
0.00016943831
0.00016943831
0.00016943831
0.00016943831
0.00016943831
0.00016943831
0.00016943831
0.00016943831
0.00016943831
0.00016943831
0.00016943831
0.00016943831
0.00016943831
0.00016943831
0.00016943831
0.00016943831
0.00016943831
0.00016943831
0.00016943831
0.00016943831
0.00016943831
0.00016943831
0.00016943831
0.00016943831
0.00016943831
0.00016943831
0.00016943831
0.00016943831
0.00016943831
0.00016943831
0.00016943831
0.00016943831
0.00016943831
0.00016943831
0.00016943831
0.00016943831
0.00016943831
0.00016943831
0.00016943831
0.00016943831
0.00016943831
0.00016943831
0.00016943831
0.00016943831
1524.945
0.00016943831
0.00016943831
0.00016943831
0.00016943831
2.7535138
3.7277126
0.035959527
1.6305739
6.805688
0.8522626
1.1766552
0.92970276
0.42260924
0.6962456
0.027149256
1.1145276
0.5912449
0.15098095
4.0103746e-08
0.087519884
0.07510571
0.6618685
1.2811973
0.07857453
2.647474
0.105899066
1.11399295e-07
0.46935838
0.11139941
1.2404467e-07
0.10246565
0.13831714
1.6546711e-07
16.546711
0.15559092
3.2235596
0.16670455
3.8897688
0.7052586
1.882648e-07
20.147243
2.0147245e-07
2.0147245e-07
0.929703
2.647474
2.1612031e-07
0.25064868
2.882694
2.7110133e-07
1.6943839
2.7110133e-07
2.7110133e-07
2.882694
0.29416406
0.29416406
0.335552
3.2029928e-07
3.2029928e-07
3.2029928e-07
0.35007954
3.5007918e-07
55.3268
5.862918e-07
0.5862924
0.3379252
4.4712894e-07
227.16939
6.7775354
2.252742
16.896896
2.0918317
5.229578e-07
0.52295834
0.5862924
2.6474748
5.229578e-07
0.52295834
5.862918e-07
5.229578e-07
0.5862924
5.862918e-07
14.1772995
0.75306004
6.6186846e-07
7.05993e-07
3.0122378
6.7775335
4.70662e-06
7.530592e-07
42.35958
0.86448216
1.5061201
7.530592e-07
1.0937397
8.6448125e-07
8.6448125e-07
8.6448125e-07
8.6448125e-07
8.6448125e-07
1.0025947
1.0025936e-06
1.1766562
1.176655e-06
1.6943833e-06
1.6943833e-06
4.706621
1.176655e-06
1.4003181
75.30592
4.706621
1.176655e-06
1.4003167e-06
1.4003167e-06
1.4003167e-06
1.4003167e-06
12.602852
1.4003167e-06
83.02478
1.4003167e-06
2.0918334
1.6943833e-06
10.589899
1.6943833e-06
2.6474738e-06
1.6943833e-06
2.6474738e-06
1.694385
2.0918312e-06
2.0918334
0.4078762
2.0918312e-06
2.0918312e-06
2.0918334
2.0918312e-06
2.0918312e-06
2.0918312e-06
2.0918312e-06
2.0918312e-06
2.0918312e-06
2.0918334
2.0918312e-06
488.99973
2.6474738e-06
2.6474738e-06
1.0589895e-05
2.6474738e-06
2.6474738e-06
2.6474738e-06
2.6474738e-06
2.6474738e-06
2.6474738e-06
1524.945
2.6474738e-06
2.6474767
2.6474767
2.6474738e-06
2.6474738e-06
4.70662e-06
2.6474738e-06
2.6474738e-06
2.6474738e-06
2.6474738e-06
1.0589895e-05
3.457925e-06
6.777533e-06
4.70662e-06
3.4579287
3.457925e-06
3.457925e-06
1.0589895e-05
3.457925e-06
3.457925e-06
1524.945
3.457925e-06
27.110142
3.457925e-06
3.4579287
3.457925e-06
3.4579287
4.149514
3.457925e-06
3.457925e-06
4.70662e-06
4.70662e-06
4.70662e-06
4.70662e-06
4.70662e-06
4.70662e-06
4.70662e-06
7.7773724
4.70662e-06
4.70662e-06
0.00016943831
4.70662e-06
6.77754
4.706625
4.70662e-06
23.454922
4.70662e-06
4.70662e-06
4.706625
4.70662e-06
4.70662e-06
1.0589895e-05
4.70662e-06
4.70662e-06
4.706625
4.70662e-06
4.70662e-06
4.70662e-06
4.706625
4.706625
4.70662e-06
4.70662e-06
6.777533e-06
6.777533e-06
6.777533e-06
1.0589895e-05
6.777533e-06
1524.945
1.882648e-05
6.777533e-06
6.777533e-06
18.8265
6.777533e-06
6.777533e-06
6.777533e-06
6.777533e-06
2.3456159
6.777533e-06
6.777533e-06
6.777533e-06
6.777533e-06
6.777533e-06
6.777533e-06
1.0589895e-05
6.777533e-06
6.777533e-06
1.0589895e-05
1.0589895e-05
1.0589895e-05
0.00016943831
1.0589895e-05
10.589907
1524.945
10.589907
1.0589895e-05
1.0589895e-05
1281.3774
1.0589895e-05
1.0589895e-05
1.0589895e-05
1.0589895e-05
1.0589895e-05
1.0589895e-05
1.0589895e-05
1.0589895e-05
0.33161253
1.0589895e-05
1.0589895e-05
1.0589895e-05
42.359596
1.0589895e-05
1.0589895e-05
1.0589895e-05
1.0589895e-05
1.0589895e-05
1.0589895e-05
1.0589895e-05
18.8265
4235.958
1.882648e-05
1.0589895e-05
1.0589895e-05
10.589907
1.4119862e-05
1.0589895e-05
42.359596
42.359596
10.589907
1.0589895e-05
1.0589895e-05
1.0589895e-05
1.0589895e-05
1.0589895e-05
1.0589895e-05
1.0589895e-05
1524.945
1.0589895e-05
10.589907
4.2359577e-05
1.882648e-05
1.882648e-05
1.882648e-05
1.882648e-05
1.882648e-05
1.882648e-05
2.8239718e-05
1.882648e-05
1.882648e-05
4.2359577e-05
1.882648e-05
1.882648e-05
1.882648e-05
1.882648e-05
1.882648e-05
1.882648e-05
1.882648e-05
1.882648e-05
1.882648e-05
1.882648e-05
1.882648e-05
1524.945
1.882648e-05
254.1575
1.882648e-05
1.882648e-05
1.882648e-05
1.882648e-05
1.882648e-05
0.00016943831
1.882648e-05
18.8265
18.8265
1.882648e-05
1.882648e-05
1.882648e-05
1.882648e-05
1.882648e-05
1.882648e-05
1524.945
1.882648e-05
1.882648e-05
18.8265
1.882648e-05
1.882648e-05
1.882648e-05
1.882648e-05
1.882648e-05
1.882648e-05
1.882648e-05
18.8265
1.882648e-05
75.30594
1.882648e-05
1.882648e-05
1.882648e-05
1.882648e-05
75.30594
1.882648e-05
1.882648e-05
1.882648e-05
1.882648e-05
1.882648e-05
1.882648e-05
381.23624
4.2359577e-05
1524.945
1.882648e-05
1.882648e-05
1.882648e-05
1.882648e-05
1.882648e-05
4.2359577e-05
4.2359577e-05
4.2359577e-05
4.2359577e-05
0.00016943831
4.2359577e-05
4.2359577e-05
4.2359577e-05
4.2359577e-05
4.2359577e-05
0.00016943831
4.2359577e-05
4.2359577e-05
4.2359577e-05
4.2359577e-05
4.2359577e-05
4.2359577e-05
4.2359577e-05
4.2359577e-05
4.2359577e-05
4.2359577e-05
4.2359577e-05
1524.945
4.2359577e-05
4.2359577e-05
4.2359577e-05
4.2359577e-05
4.2359577e-05
4.2359577e-05
4.2359577e-05
4.2359577e-05
169.43837
4.2359577e-05
4.2359577e-05
4.2359577e-05
4.2359577e-05
4.2359577e-05
4.2359577e-05
4.2359577e-05
4.2359577e-05
42.359623
4.2359577e-05
4.2359577e-05
4.2359577e-05
4.2359577e-05
4.2359577e-05
4.2359577e-05
0.00016943831
4.2359577e-05
4.2359577e-05
4.2359577e-05
4.2359577e-05
4.2359577e-05
4.2359577e-05
4.2359577e-05
4.2359577e-05
4.2359577e-05
4.2359577e-05
4.2359577e-05
4.2359577e-05
4.2359577e-05
4.2359577e-05
4.2359577e-05
42.359623
4.2359577e-05
4.2359577e-05
4.2359577e-05
4.2359577e-05
4.2359577e-05
4.2359577e-05
4.2359577e-05
4.2359577e-05
4.2359577e-05
4.2359577e-05
4.2359577e-05
4.2359577e-05
4.2359577e-05
4.2359577e-05
4.2359577e-05
4.2359577e-05
4.2359577e-05
4.2359577e-05
4.2359577e-05
4.2359577e-05
4.2359577e-05
4.2359577e-05
4.2359577e-05
4.2359577e-05
4.2359577e-05
4.2359577e-05
4.2359577e-05
4.2359577e-05
4.2359577e-05
4.2359577e-05
4.2359577e-05
677.75336
4.2359577e-05
4.2359577e-05
4.2359577e-05
4.2359577e-05
4.2359577e-05
4.2359577e-05
4.2359577e-05
4.2359577e-05
4.2359577e-05
4.2359577e-05
4.2359577e-05
4.2359577e-05
4.2359577e-05
4.2359577e-05
4.2359577e-05
4.2359577e-05
4.2359577e-05
4.2359577e-05
4.2359577e-05
4.2359577e-05
4.2359577e-05
4.2359577e-05
14.119895
4.2359577e-05
4.2359577e-05
4.2359577e-05
4.2359577e-05
0.00016943831
4.2359577e-05
42.359623
4.2359577e-05
4.2359577e-05
4.2359577e-05
4.2359577e-05
42.359623
2711.0132
4.2359577e-05
4.2359577e-05
4.2359577e-05
4.2359577e-05
1524.945
4.2359577e-05
0.00016943831
0.00016943831
0.00016943831
0.00016943831
0.00016943831
0.00016943831
0.00016943831
0.00016943831
0.00016943831
0.00016943831
0.00016943831
0.00016943831
0.00016943831
1524.945
0.00016943831
0.00016943831
0.00016943831
0.00016943831
1524.945
0.00016943831
0.00016943831
0.00016943831
0.00016943831
0.00016943831
0.00016943831
0.00016943831
0.00016943831
0.00016943831
0.00016943831
0.00016943831
0.00016943831
0.00016943831
0.00016943831
1524.945
0.00016943831
0.00016943831
0.00016943831
0.00016943831
1524.945
0.00016943831
0.00016943831
0.00016943831
0.00016943831
0.00016943831
0.00016943831
0.00016943831
0.00016943831
169.43849
0.00016943831
0.00016943831
0.00016943831
0.00016943831
0.00016943831
0.00016943831
169.43849
0.00016943831
0.00016943831
0.00016943831
0.00016943831
0.00016943831
0.00016943831
1524.945
0.00016943831
0.00016943831
0.00016943831
0.00016943831
0.00016943831
0.00016943831
0.00016943831
0.00016943831
0.00016943831
0.00016943831
0.00016943831
0.00016943831
0.00016943831
0.00016943831
0.00016943831
0.00016943831
0.00016943831
0.00016943831
0.00016943831
0.00016943831
4235.9575
0.00016943831
0.00016943831
0.00016943831
0.00016943831
0.00016943831
0.00016943831
0.00016943831
0.00016943831
0.00016943831
0.00016943831
0.00016943831
0.00016943831
0.00016943831
0.00016943831
0.00016943831
0.00016943831
0.00016943831
0.00016943831
0.00016943831
0.00016943831
0.00016943831
0.00016943831
0.00016943831
0.00016943831
0.00016943831
0.00016943831
0.00016943831
0.00016943831
0.00016943831
0.00016943831
1524.945
0.00016943831
0.00016943831
1524.945
0.00016943831
0.00016943831
0.00016943831
0.00016943831
0.00016943831
0.00016943831
0.00016943831
0.00016943831
0.00016943831
1524.945
0.00016943831
0.00016943831
0.00016943831
0.00016943831
0.00016943831
1524.945
0.00016943831
0.00016943831
26998.443
0.00016943831
0.00016943831
0.00016943831
1524.945
1524.945
0.00016943831
0.00016943831
0.00016943831
0.00016943831
0.00016943831
0.00016943831
0.00016943831
0.00016943831
1524.945
0.00016943831
0.00016943831
2711.0132
0.00016943831
0.00016943831
0.00016943831
0.00016943831
0.00016943831
0.00016943831
0.00016943831
0.00016943831
0.00016943831
0.00016943831
1524.945
0.00016943831
0.00016943831
0.00016943831
0.00016943831
0.00016943831
0.00016943831
0.00016943831
0.00016943831
0.00016943831
0.00016943831
0.00016943831
0.00016943831
0.00016943831
14.119958
0.00016943831
0.00016943831
169.43849
0.00016943831
0.00016943831
0.00016943831
0.00016943831
0.00016943831
0.00016943831
0.00016943831
0.00016943831
0.00016943831
0.00016943831
169.43849
677.7534
0.00016943831
0.00016943831
0.00016943831
0.00016943831
0.00016943831
0.00016943831
0.00016943831
0.00016943831
0.00016943831
0.00016943831
0.00016943831
0.00016943831
0.00016943831
0.00016943831
0.00016943831
0.00016943831
0.00016943831
0.00016943831
0.00016943831
0.00016943831
1524.945
1524.945
0.00016943831
0.00016943831
0.00016943831
0.00016943831
0.00016943831
0.00016943831
0.00016943831
169.43849
0.00016943831
0.00016943831
0.00016943831
0.00016943831
0.00016943831
0.00016943831
0.00016943831
0.00016943831
0.00016943831
0.00016943831
0.00016943831
0.00016943831
0.00016943831
0.00016943831
0.00016943831
0.00016943831
0.00016943831
0.00016943831
0.00016943831
0.00016943831
0.00016943831
1524.945
0.00016943831
0.00016943831
0.00016943831
0.00016943831
0.00016943831
0.00016943831
0.00016943831
0.00016943831
0.00016943831
0.00016943831
0.00016943831
0.00016943831
0.00016943831
0.00016943831
0.00016943831
0.00016943831
0.00016943831
0.00016943831
0.00016943831
0.00016943831
0.00016943831
1524.945
0.00016943831
0.00016943831
0.00016943831
1524.945
0.00016943831
0.00016943831
0.00016943831
0.00016943831
0.00016943831
0.00016943831
0.00016943831
1524.945
0.00016943831
0.00016943831
0.00016943831
0.00016943831
0.00016943831
0.00016943831
0.00016943831
0.00016943831
0.00016943831
0.00016943831
0.00016943831
0.00016943831
0.00016943831
0.00016943831
0.00016943831
0.00016943831
0.00016943831
0.00016943831
0.00016943831
0.00016943831
0.00016943831
0.00016943831
0.00016943831
0.00016943831
0.00016943831
0.00016943831
0.00016943831
0.00033887662
1524.945
0.00016943831
0.00016943831
0.00016943831
0.00016943831
677.7534
0.00016943831
0.00016943831
0.00016943831
0.00016943831
0.00016943831
1524.945
0.00016943831
0.00016943831
0.00016943831
1524.945
0.00016943831
0.00016943831
0.00016943831
1524.945
0.00016943831
0.00016943831
0.00016943831
0.00016943831
0.00016943831
0.00016943831
0.00016943831
0.00016943831
1524.945
0.00016943831
0.00016943831
0.00016943831
0.00016943831
169.43849
0.00016943831
0.00016943831
1.9383008
0.23473999
1.1994038
8.708229
2.4000065
2.5908449
0.034601152
3.0533113
5.8629177e-09
2.5134234
5.2531996
0.5341126
0.74800956
22.923088
0.09917697
0.9788697
1.5079952e-08
0.6048423
4.0103745
8.668826
0.01959053
0.33469304
0.794888
1.5368556
3.2684863e-08
2.9334888e-08
0.26444617
1.4737647
4.0103746e-08
2.277684
0.76076436
3.889769e-08
0.36093375
1.2835194e-07
4.5319343
4.136678e-08
3.6978838
0.23242575
0.05601273
1.882648e-05
1.5079951
2.5101542
0.083673336
0.118612714
1.0844054
2.8840568
7.354094e-08
3.9236662
11.045323
0.08007491
0.7206735
0.7206735
1.7823889
8.367325e-08
6.450954
1.5368557
0.96053493
1.0560561
0.97817206
0.105899066
1.0560561
5.135019
3.6643238
1.1733955e-07
1.1766552
0.7052586
1.3831699e-07
0.1348252
4.70662
33.4693
1.244853
0.1465731
4.70662
0.6454137
1.4657294e-07
12.894237
1.6546711e-07
0.17631479
1.882648e-07
0.20147265
1.5868316
0.7052586
0.17631479
1.882648e-07
0.23242593
1.9475671e-07
5.0368114
29.616447
0.80589
0.105052024
7.512044
9.872149
3.7188113
6.8871408
2.7110133e-07
11.6212845
0.21612054
2.1612031e-07
0.23242593
2.9416375e-07
20.30252
2.506484e-07
2.7110133e-07
0.25064868
0.35007954
2.7110133e-07
2.9416375e-07
0.35007954
3.2029928e-07
1.0844057
2.647474
2.439912
1.0652297
3.2029928e-07
3.8421388e-07
0.32029963
0.04127601
0.6972778
3.2029928e-07
0.35007954
3.5007918e-07
1.4003171
5.2766266
11.178225
4.693582e-07
4.7066207
4.693582e-07
0.52295834
7.5097327
7.5097327
1.8774335
22.998552
4.693582e-07
0.86448216
3.1377465e-06
2.0918317
2.0918317
2.3451679
5.229578e-07
0.48273075
5.862918e-07
2.0918317
5.229578e-07
6.6186846e-07
5.862918e-07
5.229578e-07
5.229578e-07
2.3451679
6.253779e-07
4.002931
12.048949
5.862918e-07
5.862918e-07
20.567675
9.38067
2.3451679
5.862918e-07
0.5862924
17.794842
0.5862924
9.283135
0.66186917
6.6186846e-07
6.6186846e-07
6.6186846e-07
36.899902
0.86448216
2.6474748
6.6186846e-07
95.30906
0.75306004
1.0542828e-06
7.530592e-07
0.86448216
1.5061185e-06
7.530592e-07
3.0122378
0.75306004
8.6448125e-07
0.86448216
3.457926
6.3589444
8.6448125e-07
3.457926
8.6448125e-07
0.86448216
0.86448216
8.6448125e-07
1.0025936e-06
1.1766562
1.1766562
1.0025936e-06
1.0025936e-06
4.010376
1.0025936e-06
1.6943833e-06
1.0025936e-06
1.0025936e-06
9.023344
1.0025936e-06
57.656094
1.176655e-06
3.457925e-06
17.022816
21.179792
4.706621
1.4003178
3.4579287
1.176655e-06
2.0918312e-06
10.589896
1.6943833e-06
1.4003181
1.4003181
1.4003181
1.6943833e-06
1.4003167e-06
7.624727
13.831704
2.0918312e-06
1.4003181
1.4003167e-06
1.4003167e-06
1.6943833e-06
1.4003167e-06
1.4003167e-06
1.4003167e-06
17.516724
1.4003167e-06
1.4003167e-06
1.4003167e-06
27.110136
2.0918312e-06
2.8239718e-05
1.6943833e-06
1.6943833e-06
1.694385
1.6943833e-06
1.694385
6.7775354
1.694385
2.6474738e-06
33.469303
1.6943833e-06
1.6943833e-06
1.6943833e-06
1.6943833e-06
1.6943833e-06
3.457925e-06
1.6943833e-06
1.694385
1.694385
2.0918312e-06
2.0918312e-06
2.6474738e-06
2.0918312e-06
8.367327
4.70662e-06
2.0918312e-06
1524.945
2.6474767
2.0918312e-06
2.0918334
10.589899
2.0918312e-06
2.0918312e-06
2.0918312e-06
2.6474738e-06
2.0918312e-06
2.0918312e-06
2.0918312e-06
2.0918312e-06
2.0918334
2.0918312e-06
2.0918312e-06
2.0918312e-06
23.827267
2.6474767
2.6474738e-06
2.6474738e-06
2.6474738e-06
3.457925e-06
2.6474738e-06
13.831704
2.6474738e-06
2.6474738e-06
3.457925e-06
2.6474738e-06
2.6474738e-06
3.457925e-06
2.6474738e-06
2.6474738e-06
2.6474767
2.6474738e-06
2.6474738e-06
2.6474738e-06
2.6474767
3.457925e-06
3.457925e-06
4.70662e-06
3.457925e-06
3.457925e-06
13.831704
13.831704
6.777533e-06
3.457925e-06
3.4579287
13.831704
3.457925e-06
3.457925e-06
4.70662e-06
3.457925e-06
6.777533e-06
4.70662e-06
3.457925e-06
3.457925e-06
1.882648e-05
3.457925e-06
3.4579287
3.4281907
3.457925e-06
3.457925e-06
4.70662e-06
3.457925e-06
3.457925e-06
1.0589895e-05
3.457925e-06
3.457925e-06
6.777533e-06
3.457925e-06
4.0342456e-06
3.457925e-06
4.70662e-06
4.70662e-06
4.70662e-06
60.997807
4.70662e-06
18.826485
4.70662e-06
4.70662e-06
108.440544
0.00016943831
4.70662e-06
4.70662e-06
4.70662e-06
4.706625
4.70662e-06
4.70662e-06
4.706625
42.359623
4.706625
4.70662e-06
4.70662e-06
1.0589895e-05
333.28912
4.70662e-06
4.70662e-06
4.70662e-06
4.70662e-06
4.706625
4.70662e-06
4.70662e-06
4.70662e-06
6.777533e-06
4.70662e-06
230.62437
4.706625
301.2237
4.70662e-06
4.706625
6.777533e-06
4.70662e-06
4.70662e-06
4.70662e-06
4.706625
4.70662e-06
1.4119859e-05
4.70662e-06
4.70662e-06
6.777533e-06
6.777533e-06
4.70662e-06
6.77754
4.70662e-06
4.70662e-06
1.0589895e-05
6.777533e-06
6.777533e-06
6.777533e-06
6.777533e-06
6.777533e-06
332.09912
6.777533e-06
6.77754
6.777533e-06
108.440544
6.777533e-06
6.777533e-06
6.777533e-06
6.777533e-06
1.882648e-05
1.0589895e-05
6.777533e-06
6.777533e-06
6.77754
6.777533e-06
1.0589895e-05
6.777533e-06
6.77754
6.777533e-06
6.777533e-06
27.110142
1.0589895e-05
6.777533e-06
6.777533e-06
332.09912
6.777533e-06
6.777533e-06
6.777533e-06
1524.945
6.77754
6.777533e-06
6.777533e-06
27.110138
6.777533e-06
6.777533e-06
6.777533e-06
9.036711e-06
6.777533e-06
117.640724
6.777533e-06
6.77754
6.777533e-06
6.777533e-06
6.777533e-06
6.77754
6.777533e-06
6.777533e-06
6.777533e-06
1.0589895e-05
6.777533e-06
6.777533e-06
6.777533e-06
6.777533e-06
1524.945
6.777533e-06
6.777533e-06
10.589907
1.0589895e-05
1.0589895e-05
0.00016943831
95.30907
1.0589895e-05
1.0589895e-05
1.0589895e-05
4.2359577e-05
1.0589895e-05
1.0589895e-05
1.0589895e-05
1.0589895e-05
42.359596
1.0589895e-05
1.0589895e-05
1.0589895e-05
1.882648e-05
1.0589895e-05
1.0589895e-05
1.0589895e-05
4.2359577e-05
1.0589895e-05
1.0589895e-05
1.882648e-05
1.882648e-05
1524.945
1.0589895e-05
1.0589895e-05
42.359596
1.0589895e-05
1.0589895e-05
1.0589895e-05
1.0589895e-05
1.0589895e-05
1.0589895e-05
10.589907
1.0589895e-05
1.0589895e-05
1.0589895e-05
1.0589895e-05
1.0589895e-05
10.732503
1.0589895e-05
1.0589895e-05
1.0589895e-05
0.00016943831
1.0589895e-05
1.0589895e-05
1.0589895e-05
1.0589895e-05
1.0589895e-05
1.0589895e-05
1.0589895e-05
1.0589895e-05
1.0589895e-05
1.0589895e-05
1.0589895e-05
1.882648e-05
1.0589895e-05
1.0589895e-05
1.0589895e-05
1524.945
1.0589895e-05
1.0589895e-05
1.882648e-05
10.589907
1.0589895e-05
1.0589895e-05
1.882648e-05
1.882648e-05
1.882648e-05
1.882648e-05
75.30594
1.882648e-05
1.882648e-05
1.882648e-05
1.882648e-05
1.882648e-05
1.882648e-05
4.2359577e-05
4.2359577e-05
1.882648e-05
1.882648e-05
18.8265
1.882648e-05
1.882648e-05
1.882648e-05
1.882648e-05
1.882648e-05
18.8265
1.882648e-05
1.882648e-05
1.882648e-05
1.882648e-05
3.765296e-05
1.882648e-05
1.882648e-05
1.882648e-05
1.882648e-05
1.882648e-05
4.2359577e-05
1.882648e-05
1.882648e-05
1.882648e-05
1.882648e-05
1.882648e-05
1524.945
1.882648e-05
1.882648e-05
1.882648e-05
1.882648e-05
1.882648e-05
1.882648e-05
1.882648e-05
1.882648e-05
1524.945
1.882648e-05
1.882648e-05
1.882648e-05
1.882648e-05
1.882648e-05
1.882648e-05
1.882648e-05
4.2359577e-05
18.8265
1.882648e-05
1.882648e-05
1.882648e-05
1.882648e-05
4.2359577e-05
1.882648e-05
18.8265
1.882648e-05
1.882648e-05
1.882648e-05
1.882648e-05
1.882648e-05
18.8265
4.2359577e-05
1.882648e-05
1.882648e-05
1.882648e-05
1.882648e-05
1.882648e-05
1.882648e-05
1.882648e-05
1.882648e-05
1.882648e-05
1.882648e-05
1.882648e-05
1.882648e-05
1.882648e-05
1.882648e-05
1.882648e-05
1.882648e-05
18.8265
1.882648e-05
1.882648e-05
1.882648e-05
1.882648e-05
1.882648e-05
1.882648e-05
1.882648e-05
1.882648e-05
1.882648e-05
1.882648e-05
1.882648e-05
4.2359577e-05
1.882648e-05
0.00016943831
1.882648e-05
1.882648e-05
1.882648e-05
1.882648e-05
1.882648e-05
1.882648e-05
1.882648e-05
4.2359577e-05
4.2359577e-05
4.2359577e-05
4.2359577e-05
4.2359577e-05
4.2359577e-05
4.2359577e-05
4.2359577e-05
1524.945
4.2359577e-05
4.2359577e-05
4.2359577e-05
4.2359577e-05
4.2359577e-05
4.2359577e-05
4.2359577e-05
4.2359577e-05
4.2359577e-05
4.2359577e-05
4.2359577e-05
4.2359577e-05
4.2359577e-05
4.2359577e-05
4.2359577e-05
4.2359577e-05
11.576812
4.2359577e-05
1524.945
4.2359577e-05
4.2359577e-05
4.2359577e-05
4.2359577e-05
4.2359577e-05
42.359623
4.2359577e-05
4.2359577e-05
4.2359577e-05
4.2359577e-05
4.2359577e-05
4.2359577e-05
4.2359577e-05
0.00016943831
4.2359577e-05
4.2359577e-05
4.2359577e-05
4.2359577e-05
4.2359577e-05
4.2359577e-05
4.2359577e-05
4.2359577e-05
4.2359577e-05
4.2359577e-05
4.2359577e-05
4.2359577e-05
4.2359577e-05
4.2359577e-05
4.2359577e-05
4.2359577e-05
4.2359577e-05
42.359623
4.2359577e-05
4.2359577e-05
4.2359577e-05
4.2359577e-05
4.2359577e-05
4.2359577e-05
13724505000.0
4.2359577e-05
4.2359577e-05
4.2359577e-05
4.2359577e-05
4.2359577e-05
4.2359577e-05
4.2359577e-05
1524.945
4.2359577e-05
4.2359577e-05
4.2359577e-05
4.2359577e-05
4.2359577e-05
4.2359577e-05
4.2359577e-05
4.2359577e-05
4.2359577e-05
4.2359577e-05
4.2359577e-05
4.2359577e-05
42.359623
4.2359577e-05
4.2359577e-05
42.359623
4.2359577e-05
4.2359577e-05
4.2359577e-05
4.2359577e-05
42.359623
4.2359577e-05
4.2359577e-05
4.2359577e-05
4.2359577e-05
4.2359577e-05
4.2359577e-05
169.43837
4.2359577e-05
169.43837
4.2359577e-05
4.2359577e-05
4.2359577e-05
4.2359577e-05
4.2359577e-05
4.2359577e-05
4.2359577e-05
4.2359577e-05
4.2359577e-05
4.2359577e-05
4.2359577e-05
4.2359577e-05
4.2359577e-05
4.2359577e-05
4.2359577e-05
4.2359577e-05
4.2359577e-05
4.2359577e-05
4.2359577e-05
4.2359577e-05
4.2359577e-05
4.2359577e-05
4.2359577e-05
4.2359577e-05
4.2359577e-05
4.2359577e-05
42.359623
4.2359577e-05
4.2359577e-05
42.359623
4.2359577e-05
4.2359577e-05
4.2359577e-05
0.00016943831
4.2359577e-05
4.2359577e-05
4.2359577e-05
4.2359577e-05
4.2359577e-05
4.2359577e-05
8.4719155e-05
4.2359577e-05
4.2359577e-05
4.2359577e-05
4.2359577e-05
4.2359577e-05
4.2359577e-05
4.2359577e-05
4.2359577e-05
4.2359577e-05
4.2359577e-05
4.2359577e-05
4.2359577e-05
4.2359577e-05
4.2359577e-05
4.2359577e-05
4.2359577e-05
4.2359577e-05
4.2359577e-05
4.2359577e-05
4.2359577e-05
4.2359577e-05
4.2359577e-05
4.2359577e-05
4.2359577e-05
0.00016943831
4.2359577e-05
4.2359577e-05
4.2359577e-05
4.2359577e-05
4.2359577e-05
4.2359577e-05
4.2359577e-05
0.00016943831
4.2359577e-05
42.359623
4.2359577e-05
0.00016943831
4.2359577e-05
1524.945
4.2359577e-05
4.2359577e-05
4.2359577e-05
4.2359577e-05
4.2359577e-05
4.2359577e-05
4.2359577e-05
4.2359577e-05
4.2359577e-05
4.2359577e-05
4.2359577e-05
4.2359577e-05
4.2359577e-05
4.2359577e-05
42.359623
0.00016943831
42.359623
4.2359577e-05
8.4719155e-05
0.00016943831
0.00016943831
0.00016943831
0.00016943831
0.00016943831
0.00016943831
0.00016943831
0.00016943831
0.00016943831
0.00016943831
0.00016943831
0.00016943831
0.00016943831
0.00016943831
1524.945
0.00016943831
0.00016943831
0.00016943831
0.00016943831
0.00016943831
0.00016943831
0.00016943831
0.00016943831
0.00016943831
0.00016943831
0.00016943831
0.00016943831
1524.945
0.00016943831
0.00016943831
0.00016943831
0.00016943831
0.00016943831
0.00016943831
0.00016943831
0.00016943831
169.43849
0.00016943831
0.00016943831
1524.945
1524.945
0.00016943831
0.00016943831
0.00016943831
0.00016943831
0.00016943831
0.00016943831
0.00016943831
0.00016943831
0.00016943831
0.00016943831
0.00016943831
0.00016943831
0.00016943831
0.00016943831
0.00016943831
0.00016943831
0.00016943831
0.00016943831
0.00016943831
0.00016943831
1524.945
0.00016943831
0.00016943831
0.00016943831
0.00016943831
0.00016943831
0.00016943831
0.00016943831
0.00016943831
0.00016943831
0.00016943831
0.00016943831
0.00016943831
0.00016943831
0.00016943831
0.00016943831
0.00016943831
0.00016943831
0.00016943831
150.61198
0.00016943831
0.00016943831
0.00016943831
0.00016943831
0.00016943831
0.00016943831
0.00016943831
0.00016943831
1524.945
0.00016943831
1524.945
0.00016943831
0.00016943831
1524.945
0.00016943831
0.00016943831
0.00016943831
1524.945
0.00016943831
0.00016943831
0.00016943831
0.00016943831
0.00016943831
0.00016943831
0.00016943831
0.00016943831
0.00016943831
0.00016943831
0.00016943831
0.00016943831
0.00016943831
0.00016943831
0.00016943831
0.00016943831
0.00016943831
0.00016943831
0.00016943831
0.00016943831
0.00016943831
0.00016943831
0.00016943831
0.00016943831
0.00016943831
0.00016943831
0.00033887662
0.00016943831
0.00016943831
0.00016943831
677.7534
0.00016943831
0.00016943831
0.00016943831
0.00016943831
0.00016943831
0.00016943831
0.00016943831
0.00016943831
0.00016943831
0.00016943831
0.00016943831
0.00016943831
0.00016943831
0.00016943831
0.00016943831
0.00016943831
0.00016943831
0.00016943831
0.00016943831
0.00016943831
0.00016943831
0.00016943831
0.00016943831
0.00016943831
0.00016943831
0.00016943831
0.00016943831
0.00016943831
0.00016943831
0.00016943831
169.43849
0.00016943831
0.00016943831
0.00016943831
0.00016943831
0.00016943831
0.00016943831
0.00016943831
0.00016943831
0.00016943831
0.00016943831
169.43849
0.00016943831
0.00016943831
0.00016943831
169.43849
0.00016943831
1524.945
0.00016943831
0.00016943831
1524.945
0.00016943831
0.00016943831
0.00016943831
0.00016943831
0.00016943831
0.00016943831
0.00016943831
0.00016943831
0.00016943831
0.00016943831
0.00016943831
0.00016943831
0.00016943831
0.00016943831
0.00016943831
0.00016943831
0.00016943831
1524.945
0.00016943831
0.00016943831
0.00016943831
0.00016943831
0.00016943831
0.00016943831
1524.945
0.00016943831
0.00016943831
0.00016943831
0.00016943831
0.00016943831
1524.945
0.00016943831
0.00016943831
0.00016943831
0.00016943831
0.00016943831
0.00016943831
0.00016943831
0.00016943831
0.00016943831
0.00016943831
1524.945
0.00016943831
0.00016943831
0.00016943831
0.00016943831
0.00016943831
0.00016943831
0.00016943831
0.00016943831
23613428000.0
0.00016943831
0.00016943831
0.00016943831
0.00016943831
0.00016943831
0.00016943831
0.00016943831
1524.945
0.00016943831
0.00016943831
0.00016943831
0.00016943831
0.00016943831
1524.945
0.00016943831
0.00016943831
0.00016943831
0.00016943831
0.00016943831
0.00016943831
0.00016943831
0.00016943831
0.00016943831
0.00016943831
0.00016943831
0.00016943831
0.00016943831
0.00016943831
0.00016943831
0.00016943831
0.00016943831
0.00016943831
0.00016943831
0.00016943831
0.00016943831
0.00016943831
0.00016943831
0.00016943831
0.00016943831
677.7534
0.00016943831
0.00016943831
0.00016943831
0.00016943831
1524.945
0.00016943831
0.00016943831
0.00016943831
0.00016943831
0.00016943831
0.00016943831
0.00016943831
1524.945
0.00016943831
0.00016943831
0.00016943831
0.00016943831
1524.945
0.00016943831
0.00016943831
0.00016943831
0.00016943831
0.00016943831
0.00016943831
0.00016943831
0.00016943831
0.00016943831
0.00016943831
0.00016943831
0.00016943831
0.00016943831
0.00016943831
0.00016943831
0.00016943831
0.00016943831
0.00016943831
0.00016943831
0.00016943831
0.00016943831
0.00016943831
0.00016943831
0.00016943831
0.00016943831
0.00016943831
1524.945
0.00016943831
0.00016943831
0.00016943831
0.00016943831
1524.945
0.00016943831
0.00016943831
0.00016943831
0.00016943831
0.00016943831
0.00016943831
0.00016943831
0.00016943831
0.00016943831
0.00016943831
0.00016943831
0.00016943831
0.00016943831
0.00016943831
0.00016943831
0.00016943831
0.00016943831
677.7534
0.00016943831
0.00016943831
169.43849
0.00016943831
0.00016943831
0.00016943831
169.43849
0.00016943831
0.00016943831
0.00016943831
0.00016943831
0.00016943831
1524.945
0.00016943831
0.00016943831
0.00016943831
0.00016943831
0.00016943831
0.00016943831
1524.945
0.00016943831
0.00016943831
0.00016943831
0.00016943831
0.00016943831
0.00016943831
0.00016943831
0.00016943831
0.00016943831
0.00016943831
0.00016943831
0.00016943831
0.00016943831
0.00016943831
0.00016943831
0.00016943831
0.00016943831
0.00016943831
0.00016943831
0.00016943831
0.00016943831
0.00016943831
0.00016943831
0.00016943831
0.00016943831
1524.945
0.00016943831
0.00016943831
0.00016943831
1524946600.0
0.00016943831
0.00016943831
0.00016943831
0.00016943831
0.00016943831
0.00016943831
0.00016943831
0.00016943831
0.00016943831
0.00016943831
0.00016943831
0.00016943831
0.00016943831
0.00016943831
0.00016943831
0.00016943831
169.43849
0.00016943831
0.00016943831
0.00016943831
0.00016943831
0.00016943831
1524.945
0.00016943831
1524.945
0.00016943831
0.00016943831
0.00016943831
169.43849
0.00016943831
0.00016943831
0.00016943831
0.00016943831
0.00016943831
0.00016943831
0.00016943831
0.00016943831
0.00016943831
0.00016943831
169.43849
0.00016943831
0.00016943831
0.00016943831
0.00016943831
0.00016943831
0.00016943831
0.00016943831
1524.945
0.00016943831
0.00016943831
0.00016943831
1524.945
0.00016943831
0.00016943831
0.00016943831
0.00016943831
0.00016943831
0.00016943831
0.00016943831
0.00016943831
0.00016943831
0.00016943831
0.00016943831
0.00016943831
0.00016943831
0.00016943831
0.00016943831
0.00016943831
1524.945
0.00016943831
0.00016943831
0.00016943831
0.00016943831
0.00016943831
0.00016943831
0.00016943831
0.00016943831
0.00016943831
0.00016943831
0.00016943831
0.00016943831
1524.945
1524.945
0.00016943831
1524.945
0.00016943831
0.00016943831
0.00016943831
0.00016943831
0.00016943831
0.00016943831
0.00016943831
0.00016943831
0.00016943831
0.00016943831
0.00016943831
0.00016943831
0.00016943831
0.00016943831
0.00016943831
0.00016943831
0.00016943831
0.00016943831
0.00016943831
0.00016943831
1524.945
0.00016943831
0.00016943831
1524.945
0.00016943831
0.00016943831
0.00016943831
0.00016943831
0.00016943831
0.00016943831
0.00016943831
0.00016943831
0.00016943831
0.00016943831
0.00016943831
0.00016943831
1524.945
0.00016943831
0.00016943831
0.00016943831
0.00016943831
0.00016943831
0.00016943831
677.7534
0.00016943831
0.52363354
1.3990916
1.2535204
0.83819014
0.8960936
0.3098789
0.2548839
2.5729203
0.47742566
0.09844208
0.7079779
0.33339635
0.736721
0.66325414
1.9982489
5.503996
3.636602
5.5420403
1.7718915
3.3266838
1.6469902
2.6846309
3.6643236
0.2394685
1.4003168
0.010763839
0.09759648
16.041498
1.2168797e-08
1.40031675e-08
0.015242116
0.8383555
12.244068
0.047245305
0.51152736
0.6354654
2.1879949e-08
0.20147248
0.097300954
2.718073
12.051183
4.0645685
0.6618685
2.9334888
1524.945
3.5040307
0.27254343
1.0672609
0.7530592
0.037745267
0.87757945
1.244853
2.277684
2.6474738
10.440569
1.9059867
0.2738689
1.5868315
4.4078646
4.8675187e-08
0.041366823
4.407865e-08
0.18214284
73.91315
0.5529805
0.050368164
0.20860372
0.4693583
0.5338528
0.52295786
2.6474738
5.215091
0.2709972
5.810642e-08
0.23707424
0.563959
2.0164561
0.23242575
0.058106482
0.7069186
0.2506485
10.194047
7.6703635e-08
1.6625174
7.05699e-08
1.5665526
6.777533e-08
7.354094e-08
0.29416382
0.09163792
7.6703635e-08
7.05699e-08
7.354094e-08
8.007482e-08
0.30681464
0.6168084
0.7030878
2.0918312
0.17600952
0.19357915
0.35007927
0.384214
9.163782e-08
1.1733955e-07
31.121325
44.451103
1.6540906
1.0079615e-07
0.4031847
1.0079615e-07
127.78278
2.647474
1.1733955e-07
1.0560561
0.117339686
1.3458472e-07
0.44559732
1.0560561
1.14410085e-07
1.1733955e-07
1.3073945e-07
1.2376795e-07
3.4579248
0.13831714
4.407865
1.3073945e-07
2.213072
0.13509756
1.2376795e-07
1.1139116
0.55326813
0.58629197
1.1766552
1.882648e-07
6.7775326
2.2822306
0.13831714
23.827265
2.821034
1.4657294e-07
2.0191572
1.5559075e-07
6.6186846e-07
2.41767
1.4105172
1.5559075e-07
1.6546711e-07
1.6546711e-07
0.6498347
0.6618687
2.506484e-07
0.8644815
1.945083
0.75305945
0.929703
0.18826501
1.8132522
0.18826501
0.66578555
0.8644815
0.20147265
0.20147265
2.2564915e-07
0.20147265
2.7110133e-07
0.21612054
1.1766553
2.1612031e-07
0.27110162
0.21612054
2.1612031e-07
2.3242568e-07
18.82648
2.9416375e-07
0.23242593
2.506484e-07
2.506484e-07
0.00016943831
2.506484e-07
4.693582e-07
0.36567384
1.6153022
0.27110162
2.9416375e-07
2.7110133e-07
0.27110162
1.536856
4.472708
2.647474
211.65134
0.29416406
4.2359582e-07
0.32029963
0.35007954
0.3348587
0.32029963
3.3485833e-07
0.32029963
8.007483
3.5007918e-07
42.35958
3.5007918e-07
1.2943206e-06
3.5007918e-07
3.150713
0.35007954
3.5007918e-07
3.8421388e-07
4.693582e-07
0.002287342
4.2359582e-07
1.1526416e-06
3.8421388e-07
4.044357e-07
4.2359582e-07
0.3842143
3.812363
18.826483
3.8421388e-07
1.8774335
4.5889547e-07
6.777534
4.2359582e-07
0.46935874
0.52295834
5.862918e-07
4.4589038e-07
20.756195
1.9947729
1.8774335
5.229578e-07
12.909587
16.896896
4.693582e-07
5.229578e-07
5.229578e-07
2.0918317
5.229578e-07
2.0918317
5.229578e-07
5.229578e-07
2.0918317
5.229578e-07
0.52295834
5.229578e-07
19.99222
58.629177
1.176655e-06
5.229578e-07
5.229578e-07
5.229578e-07
0.62537855
5.862918e-07
1.3237383
5.862918e-07
2.6474748
5.862918e-07
28.728296
4.010376
5.862918e-07
0.66186917
10.589896
5.862918e-07
6.6186846e-07
0.66186917
0.7170249
5.2766266
0.6764912
2.6474738
2.5453346
1.5061201
6.6186846e-07
2.6474748
8.6448125e-07
2.6474748
0.75306004
6.6186846e-07
6.6186846e-07
0.75306004
3.457926
4.706621
16.946182
0.66186917
8.6448125e-07
1.176655e-06
7.530592e-07
18.82648
7.530592e-07
8.6448125e-07
1.0025936e-06
7.530592e-07
3.0122378
8.6448125e-07
1.0025936e-06
3.0122378
3.0122378
0.86448216
7.530592e-07
3.0122378
820.08154
146.98308
0.75306004
0.86448216
8.6448125e-07
4.706621
4.2359577e-05
13.831701
8.6448125e-07
0.86448216
1.0025936e-06
3.457926
8.6448125e-07
8.6448125e-07
1.176655e-06
8.6448125e-07
8.6448125e-07
1.0025936e-06
70.02298
8.6448125e-07
4.374955
8.6448125e-07
3.457926
1.176655e-06
8.6448125e-07
8.6448125e-07
8.6448125e-07
1.1458213e-06
1.0025936e-06
1.176655e-06
1.6943833e-06
1.0025936e-06
1.0025947
1.0025936e-06
1.6943833e-06
1.0025947
1.0025947
1.0025936e-06
1.0025947
1.0025947
2.0051873e-06
1.4003167e-06
1.0025936e-06
1.0025936e-06
4.706621
1.1766562
1.176655e-06
1.0025936e-06
1.0025936e-06
1.0025936e-06
1.0025936e-06
1.0025936e-06
1.0937385e-06
1.0025936e-06
4.374955
1.4003167e-06
1.0025936e-06
1.176655e-06
1.176655e-06
1.6943833e-06
1.176655e-06
1.176655e-06
1.176655e-06
1.176655e-06
1.176655e-06
4.70662e-06
1.176655e-06
1.4003181
10.589896
4.706621
2.0918334
1.4003167e-06
5.6012683
1.4003167e-06
1.4003167e-06
60.9978
1.6943833e-06
1.4003167e-06
22.40507
34.51003
1.6943833e-06
1.4003167e-06
1.4003167e-06
1.4003167e-06
1.6943833e-06
1.4003181
1.694385
1.4003167e-06
2.0918312e-06
1.7114982e-06
1.4003167e-06
236.65353
15.249452
8.706318
5.6012683
1.6943833e-06
6.7775354
5.6012683
1524.945
1.4003181
22.40507
1.6943833e-06
1.6943833e-06
1.6943833e-06
1.6943833e-06
1.694385
1.6943833e-06
1.8826482e-06
8.367327
1.6943833e-06
1.6943833e-06
1.6943833e-06
1.6943833e-06
2.0918312e-06
2.0918312e-06
2.0918312e-06
2.0918334
1.6943833e-06
2.6474738e-06
1.6943833e-06
1.6943833e-06
1.6943833e-06
5.083155
8.367327
1.0589895e-05
1.6943833e-06
1.6943833e-06
2.0918312e-06
2.0918312e-06
1.6943833e-06
10.589899
2.0918312e-06
2.0918312e-06
2.0918312e-06
66.186844
2.6474738e-06
2.0918334
2.0918334
2.0918312e-06
2.0918312e-06
2.0918312e-06
2.0918312e-06
2.0918312e-06
2.0918312e-06
2.6474738e-06
2.0918312e-06
2.6474738e-06
2.0918312e-06
2.0918312e-06
2.091833
8.367327
2.0918312e-06
2.0918312e-06
2.0918312e-06
2.0918312e-06
2.0918312e-06
42.123928
2.0918312e-06
2.6474767
3.4579287
1.882648e-05
2.0918312e-06
3.0887195e-06
2.3906641e-06
2.6474738e-06
2.0918312e-06
2.0918312e-06
2.0918312e-06
2.0918312e-06
2.0918312e-06
10.589899
2.0918312e-06
2.0918312e-06
2.0918312e-06
4.70662e-06
86.44813
2.6474738e-06
2.6474738e-06
2.6474767
2.6474738e-06
2.6474738e-06
13.831704
2.6474738e-06
2.6474738e-06
2.6474738e-06
2.6474738e-06
3.457925e-06
3.457925e-06
3.0256845e-06
4.70662e-06
27.110142
10.589899
5.2949476e-06
2.6474738e-06
2.6474738e-06
3.457925e-06
2.6474738e-06
2.6474738e-06
6.77754
2.6474738e-06
2.6474738e-06
22.21783
2.6474738e-06
2.6474738e-06
3.0256845e-06
3.0887225
3.457925e-06
1524.945
2.6474738e-06
2.6474738e-06
2.6474738e-06
2.6474738e-06
2.6474738e-06
3.4579287
2.6474738e-06
2.6474738e-06
2.6474738e-06
2.6474738e-06
2.6474738e-06
2.6474738e-06
1524.945
3.457925e-06
3.457925e-06
4.70662e-06
3.457925e-06
4.0342456e-06
3.457925e-06
13.831704
3.457925e-06
3.457925e-06
3.457925e-06
3.457925e-06
4.70662e-06
3.457925e-06
13.831704
3.4579287
3.457925e-06
3.457925e-06
3.457925e-06
3.457925e-06
4.70662e-06
3.457925e-06
3.457925e-06
3.457925e-06
3.457925e-06
3.457925e-06
3.457925e-06
4.70662e-06
12.168575
6.777533e-06
3.457925e-06
4.0342456e-06
3.457925e-06
3.457925e-06
4.706625
3.457925e-06
3.4579287
3.457925e-06
3.457925e-06
6.77754
3.457925e-06
3.457925e-06
3.457925e-06
3.457925e-06
3.457925e-06
13.831704
3.4579287
3.457925e-06
4.70662e-06
3.457925e-06
3.457925e-06
0.00016943831
4.70662e-06
3.457925e-06
4.70662e-06
3.457925e-06
3.4579287
1.0589895e-05
3.457925e-06
3.457925e-06
3.4579287
6.777533e-06
4.70662e-06
4.70662e-06
4.70662e-06
4.706625
4.70662e-06
4.70662e-06
4.70662e-06
4.70662e-06
4.70662e-06
4.70662e-06
18.826485
4.70662e-06
4.706625
4.70662e-06
4.70662e-06
4.70662e-06
4.70662e-06
6.777533e-06
4.70662e-06
4.70662e-06
1.882648e-05
4.70662e-06
4.70662e-06
6.777533e-06
6.777533e-06
1.0589895e-05
6.777533e-06
4.70662e-06
4.70662e-06
4.70662e-06
4.70662e-06
1524.945
4.70662e-06
4.70662e-06
4.70662e-06
4.70662e-06
4.70662e-06
4.70662e-06
4.70662e-06
4.70662e-06
6.777533e-06
4.70662e-06
6.777533e-06
4.70662e-06
6.77754
4.70662e-06
4.706625
4.70662e-06
4.70662e-06
4.70662e-06
4.70662e-06
4.70662e-06
6.777533e-06
4.70662e-06
6.777533e-06
4.70662e-06
4.706625
4.70662e-06
4.70662e-06
4.70662e-06
4.70662e-06
1.0589895e-05
4.70662e-06
6.777533e-06
4.70662e-06
4.706625
4.70662e-06
4.70662e-06
4.70662e-06
4.706625
6.777533e-06
4.70662e-06
4.70662e-06
27.110142
6.777533e-06
1.0589895e-05
169.43834
6.777533e-06
6.777533e-06
6.777533e-06
6.777533e-06
1.0589895e-05
6.777533e-06
6.777533e-06
6.777533e-06
6.777533e-06
6.777533e-06
1.0589895e-05
6.777533e-06
8.471917e-06
6.777533e-06
6.777533e-06
6.777533e-06
6.777533e-06
6.777533e-06
1.0589895e-05
10.589907
6.777533e-06
6.777533e-06
6.777533e-06
6.777533e-06
6.777533e-06
8.471925
6.777533e-06
6.777533e-06
1.0589895e-05
6.77754
6.777533e-06
6.77754
6.777533e-06
10.589907
6.777533e-06
6.777533e-06
6.77754
6.777533e-06
6.777533e-06
6.777533e-06
6.777533e-06
6.777533e-06
6.777533e-06
6.777533e-06
6.777533e-06
0.00016943831
6.777533e-06
6.777533e-06
6.777533e-06
1.0589895e-05
6.777533e-06
6.777533e-06
6.777533e-06
6.777533e-06
6.77754
6.777533e-06
6.777533e-06
6.777533e-06
27.110142
6.777533e-06
6.777533e-06
6.777533e-06
6.777533e-06
6.777533e-06
6.777533e-06
27.110142
1.0166299e-05
6.77754
6.777533e-06
0.00016943831
6.777533e-06
6.77754
6.777533e-06
10.589907
1.882648e-05
1.0589895e-05
1524.945
1.0589895e-05
1.0589895e-05
1.0589895e-05
1.0589895e-05
18.8265
1.0589895e-05
1.0589895e-05
1.0589895e-05
1.0589895e-05
1.0589895e-05
1.0589895e-05
1.0589895e-05
1.0589895e-05
1.0589895e-05
1.0589895e-05
10.589907
42.359596
1.0589895e-05
2.117979e-05
1.0589895e-05
1.0589895e-05
1.882648e-05
10.589907
1.0589895e-05
1.0589895e-05
1.0589895e-05
1.0589895e-05
10.589907
1.0589895e-05
1.0589895e-05
1.0589895e-05
1.0589895e-05
1.0589895e-05
1.0589895e-05
1.0589895e-05
1.0589895e-05
1.0589895e-05
95.30907
47.654533
1.0589895e-05
1.0589895e-05
0.00016943831
1.0589895e-05
1.0589895e-05
10.589907
1.0589895e-05
1.0589895e-05
1.0589895e-05
1.0589895e-05
1.0589895e-05
42.359596
0.00016943831
0.00016943831
10.589907
1.0589895e-05
10.589907
1.0589895e-05
10.589907
1.0589895e-05
1.0589895e-05
1.0589895e-05
1.0589895e-05
1.0589895e-05
1.0589895e-05
1.0589895e-05
1.0589895e-05
1.0589895e-05
10.589907
10.589907
1.0589895e-05
1.0589895e-05
1.0589895e-05
1.0589895e-05
10.589907
1.0589895e-05
1.0589895e-05
1.0589895e-05
677.7533
1.0589895e-05
1.0589895e-05
1.0589895e-05
1.0589895e-05
1.0589895e-05
10.589907
1.882648e-05
1.882648e-05
1.0589895e-05
10.589907
1.0589895e-05
42.359596
42.359596
1.0589895e-05
1.0589895e-05
1524.945
1.0589895e-05
1.0589895e-05
1.0589895e-05
1.0589895e-05
1.4119862e-05
1.0589895e-05
1.0589895e-05
1.0589895e-05
1.0589895e-05
1.0589895e-05
1.0589895e-05
1.0589895e-05
1.0589895e-05
1.882648e-05
1.882648e-05
4.2359577e-05
301.22372
1.882648e-05
1.882648e-05
1.882648e-05
1.882648e-05
1.882648e-05
1.882648e-05
1.882648e-05
18.8265
1.882648e-05
1.882648e-05
75.30594
1.882648e-05
1.882648e-05
1.882648e-05
1524.945
1.882648e-05
75.30594
1.882648e-05
1.882648e-05
1.4508986
1.882648e-05
1.882648e-05
1.882648e-05
1.882648e-05
1.882648e-05
1.882648e-05
1.882648e-05
1.882648e-05
1.882648e-05
1.882648e-05
1.882648e-05
1.882648e-05
1.882648e-05
4.2359577e-05
1.882648e-05
1.882648e-05
1.882648e-05
1.882648e-05
1.882648e-05
4.2359577e-05
1.882648e-05
1.882648e-05
18.8265
1.882648e-05
1.882648e-05
1.882648e-05
1.882648e-05
1.882648e-05
1.882648e-05
0.00016943831
1524.945
18.8265
1.882648e-05
1.882648e-05
0.00016943831
15.68875
1.882648e-05
1.882648e-05
1.882648e-05
18.8265
1.882648e-05
1.882648e-05
1.882648e-05
1.882648e-05
0.00016943831
18.8265
1.882648e-05
1.882648e-05
2.8239718e-05
1.882648e-05
1.882648e-05
1.882648e-05
1.882648e-05
1.882648e-05
4.2359577e-05
18.8265
1.882648e-05
1.882648e-05
1.882648e-05
677.75336
4.2359577e-05
1.882648e-05
1.882648e-05
1.882648e-05
1.882648e-05
1.882648e-05
1524.945
1.882648e-05
1.882648e-05
1.882648e-05
1.882648e-05
1.882648e-05
0.00016943831
1.882648e-05
75.30594
381.23624
4.2359577e-05
1.882648e-05
18.8265
18.8265
1.882648e-05
1.882648e-05
1.882648e-05
1.882648e-05
4.2359577e-05
1.882648e-05
1.882648e-05
1.882648e-05
1.882648e-05
1.882648e-05
1.882648e-05
1.882648e-05
1.882648e-05
1.882648e-05
1.882648e-05
1.882648e-05
1.882648e-05
1.882648e-05
1.882648e-05
1.882648e-05
18.8265
1.882648e-05
9.977553
1.882648e-05
1.882648e-05
1.882648e-05
1.882648e-05
1.882648e-05
1.882648e-05
1.882648e-05
1.882648e-05
1.882648e-05
4.2359577e-05
1524.945
1.882648e-05
1.882648e-05
1.882648e-05
1.882648e-05
4.2359577e-05
1.882648e-05
1.882648e-05
1.882648e-05
1.882648e-05
4.2359577e-05
18.8265
4.2359577e-05
4.2359577e-05
4.2359577e-05
4.2359577e-05
4.2359577e-05
4.2359577e-05
4.2359577e-05
4.2359577e-05
4.2359577e-05
4.2359577e-05
4.2359577e-05
4.2359577e-05
4.2359577e-05
4.2359577e-05
4.2359577e-05
4.2359577e-05
4.2359577e-05
4.2359577e-05
381.23624
4.2359577e-05
4.2359577e-05
4.2359577e-05
0.00016943831
4.2359577e-05
4.2359577e-05
4.2359577e-05
4.2359577e-05
42.359623
4.2359577e-05
4.2359577e-05
169.43837
4.2359577e-05
4.2359577e-05
4.2359577e-05
4.2359577e-05
4.2359577e-05
4.2359577e-05
4.2359577e-05
1524.945
4.2359577e-05
4.2359577e-05
4.2359577e-05
1524.945
4.2359577e-05
0.00016943831
4.2359577e-05
4.2359577e-05
4.2359577e-05
4.2359577e-05
4.2359577e-05
4.2359577e-05
42.359623
4.2359577e-05
4.2359577e-05
4.2359577e-05
4.2359577e-05
4.2359577e-05
4.2359577e-05
4.2359577e-05
4.2359577e-05
4.2359577e-05
4.2359577e-05
42.359623
4.2359577e-05
4.2359577e-05
4.2359577e-05
4.2359577e-05
4.2359577e-05
4.2359577e-05
4.2359577e-05
4.2359577e-05
4.2359577e-05
4.2359577e-05
4.2359577e-05
1524.945
4.2359577e-05
4.2359577e-05
4.2359577e-05
4.2359577e-05
169.43837
4.2359577e-05
4.2359577e-05
4.2359577e-05
42.359623
4.2359577e-05
4.2359577e-05
4.2359577e-05
4.2359577e-05
42.359623
4.2359577e-05
4.2359577e-05
4.2359577e-05
4.2359577e-05
1524.945
4.2359577e-05
629.2466
4.2359577e-05
4.2359577e-05
4.2359577e-05
0.00016943831
169.43837
4.2359577e-05
4.2359577e-05
4.2359577e-05
4.2359577e-05
4.2359577e-05
1524.945
0.00016943831
4.2359577e-05
4.2359577e-05
4.2359577e-05
4.2359577e-05
4.2359577e-05
4.2359577e-05
4.2359577e-05
4.2359577e-05
4.2359577e-05
4.2359577e-05
169.43849
4.2359577e-05
4.2359577e-05
4.2359577e-05
4.2359577e-05
4.2359577e-05
4.2359577e-05
4.2359577e-05
4.2359577e-05
4.2359577e-05
4.2359577e-05
4.2359577e-05
4.2359577e-05
4.2359577e-05
4.2359577e-05
4.2359577e-05
4.2359577e-05
4.2359577e-05
42.359623
4.2359577e-05
4.2359577e-05
0.00016943831
4.2359577e-05
4.2359577e-05
4.2359577e-05
4.2359577e-05
1524.945
4.2359577e-05
4.2359577e-05
4.2359577e-05
4.2359577e-05
1524.945
4.2359577e-05
4.2359577e-05
1524.945
4.2359577e-05
4.2359577e-05
4.2359577e-05
4.2359577e-05
4.2359577e-05
4.2359577e-05
48.408157
4.2359577e-05
4.2359577e-05
4.2359577e-05
4.2359577e-05
4.2359577e-05
4.2359577e-05
42.359623
4.2359577e-05
4.2359577e-05
4.2359577e-05
4.2359577e-05
4.2359577e-05
4.2359577e-05
4.2359577e-05
4.2359577e-05
4.2359577e-05
4.2359577e-05
4.2359577e-05
4.2359577e-05
4.2359577e-05
4.2359577e-05
42.359623
4.2359577e-05
4.2359577e-05
4.2359577e-05
4.2359577e-05
4.2359577e-05
4.2359577e-05
42.359623
1524.945
4.2359577e-05
4.2359577e-05
4.2359577e-05
4.2359577e-05
4.2359577e-05
4.2359577e-05
4.2359577e-05
0.00016943831
4.2359577e-05
4.2359577e-05
4.2359577e-05
4.2359577e-05
4.2359577e-05
4.2359577e-05
1524.9448
1524.945
1524.945
4.2359577e-05
4.2359577e-05
4.2359577e-05
4.2359577e-05
4.2359577e-05
4.2359577e-05
4.2359577e-05
4.2359577e-05
4.2359577e-05
4.2359577e-05
0.00016943831
169.43837
4.2359577e-05
4.2359577e-05
4.2359577e-05
4.2359577e-05
42.359623
4.2359577e-05
4.2359577e-05
4.2359577e-05
1524.945
4.2359577e-05
4.2359577e-05
4.2359577e-05
381.23624
4.2359577e-05
42.359623
4.2359577e-05
4.2359577e-05
4.2359577e-05
4.2359577e-05
4.2359577e-05
4.2359577e-05
4.2359577e-05
4.2359577e-05
0.00016943831
4.2359577e-05
4.2359577e-05
4.2359577e-05
4.2359577e-05
4.2359577e-05
4.2359577e-05
4.2359577e-05
42.359623
4.2359577e-05
4.2359577e-05
42.359623
1524.945
4.2359577e-05
4.2359577e-05
4.2359577e-05
4.2359577e-05
4.2359577e-05
4.2359577e-05
4.2359577e-05
4.2359577e-05
4.2359577e-05
4.2359577e-05
4.2359577e-05
4.2359577e-05
4.2359577e-05
4.2359577e-05
4.2359577e-05
4.2359577e-05
0.00016943831
4.2359577e-05
4.2359577e-05
55.65005
1524.945
4.2359577e-05
4.2359577e-05
4.2359577e-05
4.2359577e-05
42.359623
4.2359577e-05
4.2359577e-05
4.2359577e-05
0.00016943831
4.2359577e-05
4.2359577e-05
0.00016943831
4.2359577e-05
4.2359577e-05
4.2359577e-05
4.2359577e-05
4.2359577e-05
4.2359577e-05
4.2359577e-05
4.2359577e-05
4.2359577e-05
0.00016943831
0.00016943831
0.00016943831
0.00016943831
0.00016943831
0.00016943831
0.00016943831
0.00016943831
0.00016943831
0.00016943831
0.00016943831
0.00016943831
0.00016943831
0.00016943831
0.00016943831
0.00016943831
0.00016943831
0.00016943831
0.00016943831
0.00016943831
0.00016943831
0.00016943831
0.00016943831
0.00016943831
0.00016943831
169.43849
0.00016943831
0.00016943831
0.00016943831
0.00016943831
0.00016943831
0.00016943831
0.00016943831
0.00016943831
0.00016943831
0.00016943831
0.00016943831
0.00016943831
0.00016943831
0.00016943831
0.00016943831
0.00016943831
0.00016943831
0.00016943831
0.00016943831
0.00016943831
1524.945
0.00016943831
0.00016943831
0.00016943831
0.00016943831
0.00016943831
0.00016943831
0.00016943831
0.00016943831
0.00016943831
1524946600.0
0.00016943831
0.00016943831
0.00016943831
0.00016943831
0.00016943831
0.00016943831
0.00016943831
0.00016943831
0.00016943831
0.00016943831
0.00016943831
0.00016943831
0.00016943831
0.00016943831
0.00016943831
0.00016943831
0.00016943831
0.00016943831
0.00016943831
0.00016943831
169.43849
0.00016943831
1524.945
0.00016943831
0.00016943831
0.00016943831
0.00016943831
0.00016943831
0.00016943831
2711.0132
0.00016943831
0.00016943831
0.00016943831
0.00016943831
0.00016943831
0.00016943831
0.00016943831
0.00016943831
0.00016943831
0.00016943831
0.00016943831
0.00016943831
0.00016943831
0.00016943831
0.00016943831
0.00016943831
0.00016943831
0.00016943831
0.00016943831
0.00016943831
0.00016943831
0.00016943831
0.00016943831
0.00016943831
0.00016943831
0.00016943831
0.00016943831
0.00016943831
0.00016943831
0.00016943831
0.00016943831
0.00016943831
0.00016943831
0.00016943831
0.00016943831
0.00016943831
0.00016943831
0.00016943831
0.00016943831
0.00016943831
0.00016943831
0.00016943831
0.00016943831
0.00016943831
0.00016943831
0.00016943831
0.00016943831
0.00016943831
0.00016943831
1524.945
0.00016943831
0.00016943831
0.00016943831
0.00016943831
0.00016943831
0.00016943831
0.00016943831
0.00016943831
0.00016943831
1524.945
0.00016943831
0.00016943831
0.00016943831
0.00016943831
0.00016943831
0.00016943831
0.00016943831
1524.945
0.00016943831
0.00016943831
0.00016943831
0.00016943831
0.00016943831
0.00016943831
0.00016943831
0.00016943831
0.00016943831
19736.486
0.00016943831
0.00016943831
0.00016943831
0.00016943831
169.43849
0.00016943831
0.00016943831
0.00016943831
0.00016943831
0.00016943831
0.00016943831
0.00016943831
0.00016943831
0.00016943831
0.00016943831
0.00016943831
0.00016943831
0.00016943831
0.00016943831
0.00016943831
0.00016943831
0.00016943831
0.00016943831
0.00016943831
0.00016943831
0.00016943831
0.00016943831
0.00016943831
0.00016943831
0.00016943831
0.00016943831
0.00016943831
0.00016943831
0.00016943831
0.00016943831
0.00016943831
0.00016943831
1524.945
130.69705
1524.945
0.00016943831
0.00016943831
0.00016943831
0.00016943831
0.00016943831
0.00016943831
0.00016943831
0.00016943831
0.00016943831
0.00016943831
0.00016943831
0.00016943831
169.43849
0.00016943831
0.00016943831
0.00016943831
0.00016943831
0.00016943831
0.00016943831
0.00016943831
0.00016943831
0.00016943831
0.00016943831
0.00016943831
0.00016943831
1524.945
0.00016943831
169.43849
0.00016943831
0.00016943831
1524.945
0.00016943831
0.00016943831
0.00016943831
1524.945
0.00016943831
0.00016943831
0.00016943831
0.00016943831
0.00016943831
0.00016943831
0.00016943831
0.00016943831
0.00016943831
0.00016943831
1524.945
0.00016943831
1524.945
0.00016943831
0.00016943831
0.00016943831
0.00016943831
0.00016943831
0.00016943831
0.00016943831
0.00016943831
0.00016943831
169.43849
0.00016943831
0.00016943831
0.00016943831
0.00016943831
0.00016943831
0.00016943831
0.00016943831
0.00016943831
0.00016943831
0.00016943831
0.00016943831
0.00016943831
0.00016943831
0.00016943831
0.00016943831
0.00016943831
0.00016943831
0.00016943831
0.00016943831
0.00016943831
0.00016943831
0.00016943831
0.00016943831
0.00016943831
0.00016943831
0.00016943831
0.00016943831
0.00016943831
0.00016943831
0.00016943831
0.00016943831
0.00016943831
0.00016943831
0.00033887662
0.00016943831
169.43849
0.00016943831
0.00016943831
0.00016943831
1524.945
0.00016943831
0.00016943831
0.00016943831
0.00016943831
0.00016943831
0.00016943831
0.00016943831
0.00016943831
0.00016943831
0.00016943831
1524.945
1524.945
0.00016943831
0.00016943831
0.00016943831
0.00016943831
0.00016943831
0.00016943831
0.00016943831
0.00016943831
0.00016943831
0.00016943831
0.00016943831
169.43849
0.00016943831
0.00016943831
0.00016943831
0.00016943831
0.00016943831
0.00016943831
0.00016943831
0.00016943831
0.00016943831
1524.945
0.00016943831
0.00016943831
0.00016943831
1524.945
0.00016943831
0.00016943831
0.00016943831
0.00016943831
0.00016943831
0.00016943831
0.00016943831
0.00016943831
0.00016943831
0.00016943831
1524.945
1524.945
0.00016943831
0.00016943831
0.00016943831
0.00016943831
0.00016943831
0.00016943831
0.00016943831
0.00016943831
0.00016943831
0.00016943831
0.00016943831
0.00016943831
0.00016943831
0.00016943831
0.00016943831
0.00016943831
0.00016943831
0.00016943831
0.00016943831
0.00016943831
0.00016943831
0.00016943831
0.00016943831
677.7534
234.52676
0.00016943831
0.00016943831
1524.945
0.00016943831
0.00016943831
0.00016943831
0.00016943831
0.00016943831
0.00016943831
0.00016943831
0.00016943831
0.00016943831
0.00016943831
0.00016943831
0.00016943831
0.00016943831
1524.945
0.00016943831
0.00016943831
0.00016943831
0.00016943831
0.00016943831
0.00016943831
0.00016943831
0.00016943831
0.00016943831
0.00016943831
0.00016943831
0.00016943831
0.00016943831
0.00016943831
0.00016943831
0.00016943831
0.00016943831
0.00016943831
0.00016943831
0.00016943831
0.00016943831
0.00016943831
0.00016943831
0.00016943831
0.00016943831
0.00016943831
0.00016943831
1524.945
0.00016943831
0.00016943831
0.00016943831
0.00016943831
0.00016943831
0.00016943831
0.00016943831
0.00016943831
0.00016943831
0.00016943831
0.00016943831
0.00016943831
0.00016943831
0.00016943831
0.00016943831
0.00016943831
0.00016943831
0.00016943831
0.00016943831
0.00016943831
0.00016943831
0.00016943831
0.00016943831
0.00016943831
0.00016943831
0.00016943831
0.00016943831
0.00016943831
0.00016943831
0.00016943831
0.00016943831
0.00016943831
0.00016943831
0.00016943831
0.00016943831
0.00016943831
1524.945
0.00016943831
0.00016943831
1524.945
0.00016943831
0.00016943831
0.00016943831
0.00016943831
0.00016943831
0.00016943831
0.00016943831
0.00016943831
0.00016943831
0.00016943831
0.00016943831
0.00016943831
0.00016943831
0.00016943831
0.00016943831
1524.945
0.00016943831
0.00016943831
0.00016943831
0.00016943831
0.00016943831
0.00016943831
0.00016943831
0.00016943831
0.00016943831
0.00016943831
0.00016943831
0.00016943831
0.00016943831
2711.0132
0.00016943831
0.00016943831
0.00016943831
0.00016943831
0.00016943831
0.00016943831
0.00016943831
0.00016943831
0.00016943831
0.00016943831
0.00016943831
0.00016943831
0.00016943831
0.00016943831
1524.945
0.00016943831
0.00016943831
0.00016943831
0.00016943831
1524.945
0.00016943831
0.00016943831
0.00016943831
0.00016943831
0.00016943831
0.00016943831
0.00016943831
0.00016943831
0.00016943831
169.43849
0.00016943831
0.00016943831
169.43849
0.00016943831
0.00016943831
0.00016943831
0.00016943831
0.00016943831
0.00016943831
0.00016943831
0.00016943831
0.00016943831
0.00016943831
0.00016943831
0.00016943831
0.00016943831
169.43849
0.00016943831
0.00016943831
0.00016943831
0.00016943831
0.00016943831
0.00016943831
0.00016943831
0.00016943831
0.00016943831
0.00016943831
0.00016943831
0.00016943831
1524.945
0.00016943831
0.00016943831
0.00016943831
1524.945
1524.945
1524.945
0.00016943831
0.00016943831
1620.2649
169.43849
0.00016943831
0.00016943831
0.00016943831
0.00016943831
0.00016943831
0.00016943831
0.00016943831
0.00016943831
169.43849
0.00016943831
0.00016943831
0.00016943831
0.00016943831
0.00016943831
0.00016943831
0.00016943831
0.00016943831
0.00016943831
0.00016943831
0.00016943831
0.00016943831
169.43849
0.00016943831
0.00016943831
0.00016943831
0.00016943831
0.00016943831
0.00016943831
0.00016943831
0.00016943831
0.00016943831
0.00016943831
0.00016943831
169.43849
0.00016943831
0.00016943831
0.00016943831
0.00016943831
0.00016943831
0.00016943831
0.00016943831
0.00016943831
0.00016943831
0.00016943831
0.00016943831
169.43849
0.00016943831
0.00016943831
0.00016943831
0.00016943831
1524.945
0.00016943831
0.00016943831
0.00016943831
0.00016943831
0.00016943831
0.00016943831
0.00016943831
0.00016943831
0.00016943831
0.00016943831
0.00016943831
0.00016943831
0.00016943831
0.00016943831
0.00016943831
0.00016943831
0.00016943831
0.00016943831
0.00016943831
0.00016943831
0.00016943831
0.00016943831
0.00016943831
0.00016943831
0.00016943831
0.00016943831
1524.945
1524.945
0.00016943831
0.00016943831
1524.945
0.00016943831
0.00016943831
0.00016943831
0.00016943831
0.00016943831
0.00016943831
0.00016943831
0.00016943831
169.03464
0.00016943831
0.00016943831
0.00016943831
1524.945
0.00016943831
0.00016943831
0.00016943831
0.00016943831
0.00016943831
0.00016943831
0.00016943831
0.00016943831
0.00016943831
1524.945
0.00016943831
0.00016943831
0.00016943831
0.00016943831
0.00016943831
0.00016943831
0.00016943831
0.00016943831
0.00016943831
0.00016943831
0.00016943831
0.00016943831
0.00016943831
0.00016943831
0.00016943831
0.00016943831
0.00016943831
0.00016943831
0.00016943831
0.00016943831
0.00016943831
0.00016943831
0.00016943831
0.00016943831
0.00016943831
0.00016943831
0.00016943831
0.00016943831
0.00016943831
0.00016943831
0.00016943831
0.00016943831
0.00016943831
0.00016943831
0.00016943831
0.00016943831
0.00016943831
0.00016943831
0.00016943831
0.00016943831
0.00016943831
0.00016943831
1524.945
0.00016943831
0.00016943831
0.00016943831
0.00016943831
1524.945
0.00016943831
0.00016943831
0.00016943831
0.00016943831
0.00016943831
0.00016943831
0.00016943831
0.00016943831
1524.945
0.00016943831
0.00016943831
0.00016943831
169.43849
0.00016943831
0.00016943831
0.00016943831
0.00016943831
0.00016943831
0.00016943831
0.00016943831
0.00016943831
0.00016943831
0.3398203
0.28098243
0.49262005
0.7800631
0.6612161
1.5817248
0.20401181
2.5624883
1.3068322
2.417181
0.0071919467
3.10525
0.6271048
0.7825464
0.54427904
1.8807052
0.96515524
0.089956425
0.45847243
8.852288
0.34847385
4.6445634e-09
0.5783709
8.077457
2.0143833
1.0344583
8.824093
0.2216987
0.31445277
7.052584e-09
9.027563e-09
1.0937098
0.9378924
1.1446388
1.0611272
4.453152
2.401337
0.057372857
0.84871984
6.390663
1.5091072
0.35928285
0.007065698
0.23474994
0.014003183
1.40031675e-08
1.2015572
1.0422965
1.6943833e-08
2.7564645
1.9175909e-08
4.363058
0.5087284
0.01821512
2.2716942
0.46962285
51.255096
0.081844404
4.110288
1.3165714
3.9633327
2.2909456e-08
16.140673
0.10330033
2.5498178
0.7060518
2.1990874
2.6474739e-08
1524.945
4.767133
3.4141686
0.5280281
1.5161574
3.655855
3.0941987e-08
3.0941987e-08
0.78492546
3.4579248e-08
1.176655
0.325061
1.9059867
3.7745224e-08
0.14673544
3.8897686
4.407865e-08
0.43504438
4.0103746e-08
31.648802
0.1947008
2.9142845
1.1019663
0.044078697
0.18272607
0.42359585
1.2592028
0.5041141
0.44375694
2.7446208
7.385222
2.0168657
0.20860372
0.932051
1.08060156e-07
9.466142
10.028921
2.8472145
0.58629185
1.0372856
0.0651436
0.26057422
1.1085032
0.26057422
2.5913646
7.100273e-08
1.7642474
7.4228654
0.28227967
1.7642474
3.331408
7.354094e-08
0.30681464
12.517291
0.6903328
0.073541015
0.087519884
0.7052586
1.4662052
0.07670371
8.007482e-08
0.08007491
2.401337
0.09879796
0.08715973
1.0884059e-07
1.11399295e-07
0.083673336
0.08965451
0.08988529
2.5934439
0.41379485
9.296777
0.10079626
2.7849824
9.381968e-08
9.605347e-08
0.09605358
18.826479
2.4807055
9.605347e-08
1.2376795e-07
1.3831699e-07
0.114582255
0.07769793
0.117339686
1.11399295e-07
1.11399295e-07
3.1908925
13.479316
0.11139941
1.3073945e-07
0.117339686
3.0941987
16.481342
67.587585
1.2376795e-07
1.2376795e-07
251.67548
2.3533103
1.606098e-07
1.3073945e-07
0.6618687
1.3831699e-07
0.09185127
1.4657294e-07
0.1465731
1.3831699e-07
0.15559092
1.763146e-07
1.763146e-07
2.1270702
2.821034
0.18826501
2.647474
0.17631479
5.8106422
1.6546711e-07
0.75305945
0.20147265
1.4892042
6.347326
2.0147245e-07
2.647474
1.763146e-07
15.24945
0.7052586
1.763146e-07
1.763146e-07
1.6962683
0.18826501
0.8644815
0.20147265
1.945083
4.70662
1.8154107
2.439912
4.010375
2.0147245e-07
1.8804096
3.2235596
0.80589
0.21612054
2.0147245e-07
2.0147245e-07
2.3242568e-07
2.0147245e-07
2.506484e-07
18.82648
2.3242568e-07
3.4579253
5.6191287
0.929703
0.80589
2.506484e-07
0.20147265
2.0147245e-07
0.8644815
2.3242568e-07
2.1612031e-07
5.6108155
3.6082697
18.82648
2.1612031e-07
2.3242568e-07
2.506484e-07
5.294948
0.929703
2.506484e-07
2.3242568e-07
9.605348
2.3242568e-07
2.506484e-07
36.093372
0.23242591
6.777533
9.759648
0.4737243
1.2811975
2.506484e-07
3.088719e-07
2.7110133e-07
2.7110133e-07
2.7110133e-07
0.29416406
1.4003171
0.27110162
0.28465667
2.7110133e-07
1.2811975
2.9416375e-07
3.812363
0.27110162
15.675543
1.2811975
0.27455312
0.33797744
42.359596
2.9416375e-07
0.29416406
2.9416375e-07
2.9416375e-07
1.4003171
3.2029928e-07
3.2029928e-07
0.32029963
0.3842143
4.693582e-07
0.35007954
101.172874
1.536856
24399120000.0
1.536856
3.5007918e-07
0.35007954
0.35007954
5.6012673
3.8421388e-07
3.8421388e-07
4.2359582e-07
4.044357e-07
1.0025936e-06
4.2359582e-07
3.8421388e-07
3.8421388e-07
0.40006313
4.693582e-07
4.2359582e-07
4.2359582e-07
4.2359582e-07
4.4712894e-07
0.44712937
0.42359626
4.2359582e-07
1.8774335
4.693582e-07
0.42359626
10.551387
4.2359582e-07
4.2359582e-07
1.8774335
5.862918e-07
4.693582e-07
4.693582e-07
4.103532
4.693582e-07
4.693582e-07
2.3451679
1.6943833e-06
1.8215637
5.229578e-07
124.33343
18.82648
4.693582e-07
4.693582e-07
1.176655e-06
4.693582e-07
1.8774335
4.693582e-07
10.589896
4.7066207
0.62537855
2.0918317
6.6186846e-07
8.6448125e-07
5.229578e-07
0.75306004
0.66186917
0.86448216
6.6186846e-07
5.862918e-07
5.229578e-07
0.66186917
5.229578e-07
5.229578e-07
16.546711
0.52295834
5.229578e-07
5.229578e-07
2.5015123
5.862918e-07
5.862918e-07
0.5862924
2.6057422
0.75306004
5.862918e-07
3.0122378
0.5862924
4.624364
5.862918e-07
5.862918e-07
1.6943833e-06
5.2766266
5.862918e-07
8.6448125e-07
6.6186846e-07
14.660786
2.3451679
6.6186846e-07
6.6186846e-07
1.176655e-06
0.66186917
7.091448e-07
2.8511267
6.6186846e-07
0.66186786
0.66186917
6.6186846e-07
3.0122378
3.457926
6.6186846e-07
6.6186846e-07
6.6186846e-07
18.826485
6.6186846e-07
6.6186846e-07
0.75306004
0.75306004
6.6186846e-07
7.530592e-07
1.0025947
0.86448216
7.530592e-07
3.0077808e-06
6.7775335
0.75306004
7.530592e-07
8.6448125e-07
0.75306004
8.6448125e-07
3.0122378
7.530592e-07
0.75306004
1.0025947
7.530592e-07
7.530592e-07
0.86448216
8.6448125e-07
3.457926
7.530592e-07
7.530592e-07
3.457926
0.75306004
3.457926
0.86448216
8.6448125e-07
8.6448125e-07
8.6448125e-07
9.3097987e-07
8.6448125e-07
1.0025936e-06
8.6448125e-07
8.6448125e-07
1.0025936e-06
8.6448125e-07
8.6448125e-07
95.85644
8.6448125e-07
4.6105676
1.176655e-06
1.283625
8.6448125e-07
1.5559092
8.6448125e-07
1.0025936e-06
1.1766562
1.4003167e-06
3.2075384
4.706621
1.0025947
1.6943833e-06
1.0025936e-06
4.010376
1.0025936e-06
1.0025936e-06
1.0025936e-06
1.1848833e-06
1.0025936e-06
1.0025947
9.023344
1.0025936e-06
4.010376
1.0025936e-06
6.534813
12.602852
4.010376
1.0025936e-06
68.61552
2.6474738e-06
1.176655e-06
1.176655e-06
1.2836235e-06
10.589896
1.176655e-06
4.706621
2.0918312e-06
18.826483
1.176655e-06
1.176655e-06
1.176655e-06
1.176655e-06
1.176655e-06
4.706621
1.176655e-06
1.4003167e-06
1.176655e-06
1.176655e-06
1.176655e-06
20.53798
1.176655e-06
2.0918334
4.706621
1.176655e-06
1.176655e-06
1524.945
4.706621
1.176655e-06
1.1766562
13.831704
1.176655e-06
1.176655e-06
2.0918312e-06
1.4003167e-06
1.4003167e-06
22.40507
979.3535
1.694385
1.4003167e-06
29.892979
1.4003167e-06
1.4003167e-06
6.7775354
60.9978
1.4003167e-06
5.6012683
1.4003167e-06
1.4003167e-06
8.367327
1.4003167e-06
1.4003167e-06
1.4003167e-06
1.4003167e-06
1.4003167e-06
1.4003167e-06
1.4003167e-06
1.4003167e-06
1.4003181
48.338566
1.6943833e-06
1.4003181
1.4003181
1.4003181
1.4003167e-06
5.6012683
1.4003167e-06
1.6943833e-06
1.4003167e-06
5.6012683
22.40507
1.4003167e-06
42.359585
1.8826482e-06
3.38877
1.6943833e-06
2.0918312e-06
1.6943833e-06
1.6943833e-06
1.6943833e-06
1.6943833e-06
1.6943833e-06
1.6943833e-06
0.00016943831
2.0918312e-06
1.6943833e-06
6.7775354
1.6943833e-06
1.6943833e-06
1.6943833e-06
1.694385
1.6943833e-06
2.0918312e-06
1.6943833e-06
2.6474738e-06
1.6943833e-06
3.3887666e-06
1.6943833e-06
42.359585
1.6943833e-06
1.8826503
1.6943833e-06
2.0918312e-06
1.6943833e-06
1.6943833e-06
6.7444415
1.6943833e-06
1.694385
1.694385
10.589899
1.6943833e-06
1.6943833e-06
1.694385
1.694385
1.6943833e-06
1.6943833e-06
1.6943833e-06
1.6943833e-06
1.694385
2.0918312e-06
133.8772
2.0918312e-06
8.367327
1.0589895e-05
2.0918312e-06
2.6474738e-06
8.367327
2.0918312e-06
2.0918312e-06
3.457925e-06
2.0918312e-06
3.4579287
8.367327
2.0918334
18.966656
2.0918312e-06
2.0918312e-06
2.0918312e-06
2.6474738e-06
3.4579287
2.5101974e-06
2.0918312e-06
2.6474738e-06
2.0918312e-06
2.6474738e-06
2.6474738e-06
18.826483
2.0918312e-06
2.3533098e-06
2.0918312e-06
2.0918312e-06
2.0918312e-06
2.6474738e-06
2.0918334
2.0918334
2.0918334
2.0918312e-06
2.0918312e-06
75.30592
2.0918312e-06
2.0918312e-06
2.0918334
2.6474767
2.0918312e-06
2.0918312e-06
23.827267
2.6474767
2.6474738e-06
10.589899
2.6474738e-06
4.70662e-06
2.6474738e-06
2.6474738e-06
2.6474738e-06
2.6474738e-06
2.6474738e-06
2.6474767
13.831704
7.13682
2.6474738e-06
2.6474738e-06
2.6474738e-06
2.6474738e-06
2.6474767
2.6474738e-06
2.6474738e-06
2.6474738e-06
2.6474738e-06
1524.945
3.457925e-06
31.121328
2.6474767
2.6474767
2.6474738e-06
23.827267
2.6474738e-06
2.6474738e-06
3.457925e-06
2.6474738e-06
2.6474738e-06
2.6474738e-06
2.6474767
2.6474738e-06
2.6474738e-06
2.6474767
2.6474738e-06
2.6474738e-06
2.6474738e-06
13.8317
169.43849
2.6474767
13.831704
2.6474738e-06
23.827267
2.6474738e-06
2.6474738e-06
2.6474738e-06
3.457925e-06
2.6474767
1524.945
2.6474767
66.186844
3.457925e-06
2.6474767
4.2359577e-05
3.457925e-06
3.457925e-06
3.457925e-06
3.457925e-06
3.457925e-06
3.4579287
3.457925e-06
3.457925e-06
6.777533e-06
3.457925e-06
3.457925e-06
3.4579287
3.4579287
6.777533e-06
3.457925e-06
3.457925e-06
3.457925e-06
3.457925e-06
3.457925e-06
3.457925e-06
3.457925e-06
3.457925e-06
3.457925e-06
6.777533e-06
42.359585
4.70662e-06
3.457925e-06
4.706625
3.457925e-06
4.706625
4.70662e-06
1.882648e-05
3.457925e-06
3.457925e-06
3.4579287
3.457925e-06
3.457925e-06
4.70662e-06
3.457925e-06
3.457925e-06
3.457925e-06
3.457925e-06
3.457925e-06
4.2359577e-05
6.91585e-06
3.4579287
3.457925e-06
60.997807
3.457925e-06
3.4579282
13.831704
3.457925e-06
3.457925e-06
4.70662e-06
20.168064
3.457925e-06
3.457925e-06
3.457925e-06
3.457925e-06
3.2109334
3.4579287
3.4579287
3.457925e-06
31.121328
4.70662e-06
4.03425
4.70662e-06
3.457925e-06
3.457925e-06
3.457925e-06
3.4579287
0.072871506
4.70662e-06
3.457925e-06
6.777533e-06
4.706625
4.70662e-06
4.70662e-06
4.70662e-06
4.70662e-06
6.777533e-06
1.882648e-05
4.70662e-06
4.70662e-06
6.77754
117.6655
6.777533e-06
4.70662e-06
6.777533e-06
4.70662e-06
4.70662e-06
4.70662e-06
4.70662e-06
4.70662e-06
4.70662e-06
6.777533e-06
4.706625
4.706625
60.997807
4.70662e-06
5.8832748e-06
4.70662e-06
4.70662e-06
6.777533e-06
4.70662e-06
4.70662e-06
4.70662e-06
1.882648e-05
1.882648e-05
4.70662e-06
4.70662e-06
4.706625
4.70662e-06
4.70662e-06
4.70662e-06
37.65297
4.70662e-06
4.70662e-06
4.70662e-06
4.70662e-06
4.70662e-06
6.777533e-06
4.706625
6.77754
4.70662e-06
4.2359577e-05
4.706625
4.70662e-06
4.70662e-06
4.70662e-06
4.70662e-06
4.70662e-06
4.70662e-06
4.70662e-06
4.70662e-06
6.77754
18.826485
4.70662e-06
4.70662e-06
4.70662e-06
4.70662e-06
4.706625
4.70662e-06
9.036711e-06
18.826485
4.70662e-06
4.70662e-06
4.70662e-06
4.70662e-06
4.70662e-06
4.70662e-06
4.70662e-06
4.70662e-06
4.70662e-06
4.70662e-06
6.777533e-06
6.777533e-06
6.777533e-06
6.777533e-06
6.777533e-06
6.777533e-06
6.777533e-06
6.77754
6.777533e-06
1.0589895e-05
6.777533e-06
6.777533e-06
6.777533e-06
6.777533e-06
6.777533e-06
6.777533e-06
6.777533e-06
6.777533e-06
6.777533e-06
6.777533e-06
6.777533e-06
6.777533e-06
6.777533e-06
1.882648e-05
6.777533e-06
1.0589895e-05
1.0589895e-05
6.777533e-06
6.777533e-06
6.777533e-06
6.777533e-06
6.777533e-06
6.777533e-06
6.777533e-06
6.777533e-06
6.777533e-06
6.777533e-06
6.777533e-06
6.777533e-06
6.77754
6.777533e-06
6.777533e-06
1.882648e-05
1.0589895e-05
6.777533e-06
8.471917e-06
6.777533e-06
6.777533e-06
6.777533e-06
6.777533e-06
6.777533e-06
6.77754
6.777533e-06
6.777533e-06
6.777533e-06
6.777533e-06
9.036711e-06
6.777533e-06
0.00016943831
6.777533e-06
6.777533e-06
6.777533e-06
6.777533e-06
10.589907
6.777533e-06
6.777533e-06
1524.945
6.777533e-06
6.777533e-06
6.777533e-06
1.0589895e-05
1.0589895e-05
6.777533e-06
243.9912
6.777533e-06
6.777533e-06
6.777533e-06
6.777533e-06
6.777533e-06
6.777533e-06
2.0332598e-05
6.777533e-06
6.777533e-06
4.2359577e-05
1.0589895e-05
6.777533e-06
6.777533e-06
6.777533e-06
1.0589895e-05
60.997807
6.777533e-06
6.777533e-06
6.777533e-06
6.777533e-06
6.777533e-06
677.7533
6.777533e-06
6.777533e-06
6.777533e-06
4.2359577e-05
1.0589895e-05
1.0589895e-05
1.0589895e-05
1.0589895e-05
1.0589895e-05
1.0589895e-05
1.0589895e-05
1.0589895e-05
1.882648e-05
1.0589895e-05
1.0589895e-05
1.0589895e-05
1.0589895e-05
1.0589895e-05
1.0589895e-05
10.589907
1.882648e-05
1.0589895e-05
1.0589895e-05
1.0589895e-05
1.0589895e-05
1.0589895e-05
1.0589895e-05
1.0589895e-05
10.589907
10.589907
1.0589895e-05
1.0589895e-05
1.882648e-05
1.0589895e-05
1.0589895e-05
4.2359577e-05
1.0589895e-05
10.589907
1.0589895e-05
1.0589895e-05
1.0589895e-05
1.4119862e-05
1524.945
1.0589895e-05
1.0589895e-05
1.0589895e-05
1.0589895e-05
1.882648e-05
10.589907
1.0589895e-05
1.0589895e-05
4.2359577e-05
1.0589895e-05
1.0589895e-05
1.882648e-05
42.359596
1.0589895e-05
1.0589895e-05
1.0589895e-05
1.0589895e-05
1.0589895e-05
1.0589895e-05
1.0589895e-05
1524.945
1.0589895e-05
10.589907
1.0589895e-05
1.0589895e-05
10.589907
1.0589895e-05
1.0589895e-05
1.0589895e-05
1.0589895e-05
42.359596
1.0589895e-05
95.30907
10.589907
1.0589895e-05
1.0589895e-05
42.359596
1.0589895e-05
1.0589895e-05
1.0589895e-05
1.0589895e-05
1524.945
1.0589895e-05
1.0589895e-05
1.0589895e-05
1.0589895e-05
1.0589895e-05
1.882648e-05
1.0589895e-05
1.0589895e-05
1.0589895e-05
10.589907
10.589907
1.882648e-05
1.0589895e-05
1.0589895e-05
1.0589895e-05
1.882648e-05
1.0589895e-05
1.0589895e-05
1.0589895e-05
1.0589895e-05
10.589907
1.882648e-05
1.0589895e-05
1.0589895e-05
1.0589895e-05
1.0589895e-05
1.0589895e-05
1.0589895e-05
1.4119862e-05
1.0589895e-05
1.0589895e-05
1.0589895e-05
4.2359577e-05
1.0589895e-05
1.0589895e-05
1.0589895e-05
1.0589895e-05
10.589907
1.0589895e-05
1.0589895e-05
1.0589895e-05
18.8265
1.0589895e-05
1.0589895e-05
42.359596
1.0589895e-05
1.0589895e-05
1.0589895e-05
10.589907
1.0589895e-05
1.882648e-05
1.0589895e-05
10.589907
1.0589895e-05
1.0589895e-05
1.0589895e-05
1.0589895e-05
1.0589895e-05
10.589907
1.0589895e-05
1.882648e-05
1.882648e-05
1.882648e-05
1.882648e-05
1.882648e-05
4.2359577e-05
1.882648e-05
1.882648e-05
1.882648e-05
1.882648e-05
1.882648e-05
75.30594
1.882648e-05
18.8265
1.882648e-05
4.2359577e-05
1.882648e-05
1.882648e-05
1.882648e-05
1.882648e-05
4.2359577e-05
1.882648e-05
1.882648e-05
1.882648e-05
1.882648e-05
1.882648e-05
1.882648e-05
4.2359577e-05
1.882648e-05
1.882648e-05
1.882648e-05
1.882648e-05
1.882648e-05
1524.945
1.882648e-05
1.882648e-05
1.882648e-05
1.882648e-05
1.882648e-05
1.882648e-05
1873.1779
1.882648e-05
1.882648e-05
1.882648e-05
1.882648e-05
1524.945
1.882648e-05
1.882648e-05
18.82648
1.882648e-05
1.882648e-05
1.882648e-05
1.882648e-05
1.882648e-05
1.882648e-05
1.882648e-05
18.8265
1.882648e-05
1.882648e-05
4.2359577e-05
18.8265
1.882648e-05
1.882648e-05
1.882648e-05
1.882648e-05
1.882648e-05
1.882648e-05
415.36832
1.882648e-05
0.00016943831
1.882648e-05
1.882648e-05
1.882648e-05
1.882648e-05
1.882648e-05
4.2359577e-05
4.2359577e-05
4.2359577e-05
1.882648e-05
1.882648e-05
1.882648e-05
4.2359577e-05
1.882648e-05
1.882648e-05
1.882648e-05
1.882648e-05
1.882648e-05
2.8239718e-05
4.2359577e-05
4.2359577e-05
1.882648e-05
1.882648e-05
1.882648e-05
18.8265
1.882648e-05
1.882648e-05
1.882648e-05
1.882648e-05
0.00016943831
18.8265
1.882648e-05
1524.945
1.882648e-05
1.882648e-05
4.2359577e-05
18.8265
1.882648e-05
1.882648e-05
1.882648e-05
1524.945
1.882648e-05
1.882648e-05
1.882648e-05
1.882648e-05
1.882648e-05
4.2359577e-05
0.00016943831
1.882648e-05
1.882648e-05
1.882648e-05
1.882648e-05
1.882648e-05
4.2359577e-05
1.882648e-05
1.882648e-05
1.882648e-05
1.882648e-05
1.882648e-05
1.882648e-05
1.882648e-05
1.882648e-05
1.882648e-05
1.882648e-05
4.2359577e-05
1.882648e-05
1.882648e-05
18.8265
1.882648e-05
1.882648e-05
1.882648e-05
1.882648e-05
1.882648e-05
1.882648e-05
1.882648e-05
1524.945
18.8265
1.882648e-05
1.882648e-05
4.2359577e-05
4.2359577e-05
1.882648e-05
1.882648e-05
1.882648e-05
1.882648e-05
1.882648e-05
1.882648e-05
1.882648e-05
4.2359577e-05
1.882648e-05
1.882648e-05
4.2359577e-05
1.882648e-05
1.882648e-05
18.8265
1.882648e-05
4.2359577e-05
1.882648e-05
1.882648e-05
1.882648e-05
1.882648e-05
1.882648e-05
1.882648e-05
1.882648e-05
4.2359577e-05
1.882648e-05
1.882648e-05
1.882648e-05
1.882648e-05
1.882648e-05
1.882648e-05
1.882648e-05
1.882648e-05
4.2359577e-05
1.882648e-05
18.8265
1.882648e-05
1.882648e-05
1.882648e-05
18.8265
1.882648e-05
1524.945
4.2359577e-05
1.882648e-05
1.882648e-05
4.2359577e-05
42.359623
1.882648e-05
75.30594
1.882648e-05
1.882648e-05
1.882648e-05
1.882648e-05
1.882648e-05
1.882648e-05
1.882648e-05
1.882648e-05
1.882648e-05
1.882648e-05
1.882648e-05
1.882648e-05
1.882648e-05
1.882648e-05
0.00016943831
1.882648e-05
1.882648e-05
1.882648e-05
1.882648e-05
1.882648e-05
1.882648e-05
1.882648e-05
1524.945
1524946600.0
1.882648e-05
1.882648e-05
5.6479435e-05
1.882648e-05
1.882648e-05
4.2359577e-05
1.882648e-05
18.8265
1.882648e-05
18.8265
1.882648e-05
1.882648e-05
1.882648e-05
42.359623
1.882648e-05
18.8265
1.882648e-05
4.2359577e-05
4.2359577e-05
4.2359577e-05
4.2359577e-05
0.00016943831
4.2359577e-05
4.2359577e-05
4.2359577e-05
4.2359577e-05
4.2359577e-05
0.00016943831
4.2359577e-05
4.2359577e-05
4.2359577e-05
4.2359577e-05
4.2359577e-05
4.2359577e-05
4.2359577e-05
4.2359577e-05
4.2359577e-05
4.2359577e-05
4.2359577e-05
4.2359577e-05
4.2359577e-05
4.2359577e-05
4.2359577e-05
4.2359577e-05
4.2359577e-05
4.2359577e-05
4.2359577e-05
4.2359577e-05
8.4719155e-05
1524.945
4.2359577e-05
4.2359577e-05
0.00016943831
4.2359577e-05
4.2359577e-05
4.2359577e-05
1524.945
42.359623
4.2359577e-05
4.2359577e-05
4.2359577e-05
1524.945
4.2359577e-05
4.2359577e-05
4.2359577e-05
4.2359577e-05
1192.93
4.2359577e-05
4.2359577e-05
4.2359577e-05
8.4719155e-05
4.2359577e-05
4.2359577e-05
4.2359577e-05
1524.945
4.2359577e-05
4.2359577e-05
4.2359577e-05
4.2359577e-05
4.2359577e-05
4.2359577e-05
4.2359577e-05
4.2359577e-05
4.2359577e-05
4.2359577e-05
4.2359577e-05
4.2359577e-05
4.2359577e-05
4.2359577e-05
0.00016943831
4.2359577e-05
4.2359577e-05
8.4719155e-05
4.2359577e-05
4.2359577e-05
4.2359577e-05
4.2359577e-05
4.2359577e-05
4.2359577e-05
4.2359577e-05
42.359623
4.2359577e-05
4.2359577e-05
4.2359577e-05
4.2359577e-05
1524.945
4.2359577e-05
4.2359577e-05
4.2359577e-05
4.2359577e-05
0.00016943831
4.2359577e-05
111.72504
4.2359577e-05
4.2359577e-05
4.2359577e-05
4.2359577e-05
4.2359577e-05
4.2359577e-05
4.2359577e-05
4.2359577e-05
4.2359577e-05
4.2359577e-05
4.2359577e-05
4.2359577e-05
4.2359577e-05
4.2359577e-05
4.2359577e-05
4.2359577e-05
1524.945
4.2359577e-05
4.2359577e-05
0.00033887662
4.2359577e-05
4.2359577e-05
0.00016943831
4.2359577e-05
4.2359577e-05
0.00016943831
4.2359577e-05
4.2359577e-05
1524.945
4.2359577e-05
4.2359577e-05
4.2359577e-05
4.2359577e-05
4.2359577e-05
4.2359577e-05
4.2359577e-05
4.2359577e-05
35.34747
1524.945
42.359623
4.2359577e-05
8.4719155e-05
0.00016943831
4.2359577e-05
4.2359577e-05
42.359623
4.2359577e-05
4.2359577e-05
4.2359577e-05
4.2359577e-05
4.2359577e-05
4.2359577e-05
4.2359577e-05
4.2359577e-05
4.2359577e-05
0.00016943831
4.2359577e-05
42.359623
4.2359577e-05
1524.9448
4.2359577e-05
4.2359577e-05
4.2359577e-05
4.2359577e-05
4.2359577e-05
4.2359577e-05
4.2359577e-05
4.2359577e-05
1524.945
4.2359577e-05
4.2359577e-05
4.2359577e-05
4.2359577e-05
4.2359577e-05
4.2359577e-05
4.2359577e-05
4.2359577e-05
4.2359577e-05
4.2359577e-05
4.2359577e-05
4.2359577e-05
4.2359577e-05
4.2359577e-05
4.2359577e-05
4.2359577e-05
4.2359577e-05
4.2359577e-05
4.2359577e-05
4.2359577e-05
4.2359577e-05
4.2359577e-05
169.43837
4.2359577e-05
4.2359577e-05
4.2359577e-05
4.2359577e-05
4.2359577e-05
4.2359577e-05
4.2359577e-05
169.43837
4.2359577e-05
4.2359577e-05
4.2359577e-05
4.2359577e-05
4.2359577e-05
4.2359577e-05
4.2359577e-05
4.2359577e-05
4.2359577e-05
4.2359577e-05
4.2359577e-05
4.2359577e-05
4.2359577e-05
4.2359577e-05
4.2359577e-05
4.2359577e-05
4.2359577e-05
4.2359577e-05
4.2359577e-05
4.2359577e-05
4.2359577e-05
4.2359577e-05
4.2359577e-05
4.2359577e-05
4.2359577e-05
4.2359577e-05
1524.945
4.2359577e-05
4.2359577e-05
4.2359577e-05
4.2359577e-05
4.2359577e-05
4.2359577e-05
4.2359577e-05
4.2359577e-05
4.2359577e-05
4.2359577e-05
4.2359577e-05
4.2359577e-05
13.594448
4.2359577e-05
4.2359577e-05
4.2359577e-05
4.2359577e-05
4.2359577e-05
4.2359577e-05
4.2359577e-05
4.2359577e-05
4.2359577e-05
4.2359577e-05
0.00016943831
169.43849
4.2359577e-05
4.2359577e-05
4.2359577e-05
4.2359577e-05
4.2359577e-05
4.2359577e-05
4.2359577e-05
4.2359577e-05
4.2359577e-05
4.2359577e-05
4.2359577e-05
4.2359577e-05
42.359623
1524.945
57.195095
4.2359577e-05
4.2359577e-05
4.2359577e-05
4.2359577e-05
4.2359577e-05
4.2359577e-05
4.2359577e-05
1524.945
1524.945
4.2359577e-05
4.2359577e-05
4.2359577e-05
4.2359577e-05
4.2359577e-05
4.2359577e-05
0.00016943831
4.2359577e-05
4.2359577e-05
4.2359577e-05
169.43837
4.2359577e-05
4.2359577e-05
4.2359577e-05
4.2359577e-05
4.2359577e-05
4.2359577e-05
42.359623
0.00016943831
4.2359577e-05
169.43837
1524.945
4.2359577e-05
42.359623
4.2359577e-05
4.2359577e-05
4.2359577e-05
4.2359577e-05
4.2359577e-05
4.2359577e-05
381.23624
4.2359577e-05
4.2359577e-05
4.2359577e-05
4.2359577e-05
4.2359577e-05
4.2359577e-05
4.2359577e-05
4.2359577e-05
4.2359577e-05
85.15089
0.00016943831
4.2359577e-05
4.2359577e-05
4.2359577e-05
4.2359577e-05
0.00016943831
4.2359577e-05
4.2359577e-05
4.2359577e-05
4.2359577e-05
42.359623
0.00016943831
4.2359577e-05
4.2359577e-05
4.2359577e-05
4.2359577e-05
4.2359577e-05
4.2359577e-05
42.359623
4.2359577e-05
4.2359577e-05
4.2359577e-05
4.2359577e-05
4.2359577e-05
4.2359577e-05
4.2359577e-05
4.2359577e-05
4.2359577e-05
4.2359577e-05
4.2359577e-05
4.2359577e-05
4.2359577e-05
4.2359577e-05
4.2359577e-05
4.2359577e-05
677.75336
4.2359577e-05
4.2359577e-05
0.00016943831
4.2359577e-05
4.2359577e-05
4.2359577e-05
4.2359577e-05
42.359623
0.00016943831
4.2359577e-05
4.2359577e-05
4.2359577e-05
4.2359577e-05
4.2359577e-05
4.2359577e-05
4.2359577e-05
4.2359577e-05
42.359623
4.2359577e-05
4.2359577e-05
4.2359577e-05
42.359623
4.2359577e-05
4.2359577e-05
4.2359577e-05
4.2359577e-05
4.2359577e-05
4.2359577e-05
1524.945
0.00016943831
0.00016943831
0.00016943831
0.00016943831
0.00016943831
169.43849
0.00016943831
0.00016943831
0.00016943831
0.00016943831
0.00016943831
0.00016943831
0.00016943831
0.00016943831
0.00016943831
0.00016943831
0.00016943831
0.00016943831
0.00016943831
169.43849
0.00016943831
0.00016943831
0.00016943831
0.00016943831
0.00016943831
0.00016943831
0.00016943831
0.00016943831
0.00016943831
0.00016943831
169.43849
0.00016943831
0.00016943831
0.00016943831
0.00016943831
0.00016943831
0.00016943831
0.00016943831
0.00016943831
169.43849
0.00016943831
0.00016943831
0.00016943831
1524.945
2711.0132
0.00016943831
0.00016943831
0.00016943831
0.00016943831
0.00016943831
0.00016943831
0.00016943831
0.00016943831
0.00016943831
0.00016943831
0.00016943831
0.00016943831
0.00016943831
1524.945
0.00016943831
0.00016943831
0.00016943831
0.00016943831
1524.945
0.00016943831
0.00016943831
0.00016943831
0.00016943831
0.00016943831
169.43849
0.00016943831
0.00016943831
0.00016943831
0.00016943831
0.00016943831
1524.945
0.00016943831
0.00016943831
1524.945
0.00016943831
0.00016943831
0.00016943831
0.00016943831
0.00016943831
0.00016943831
0.00016943831
0.00016943831
0.00016943831
0.00016943831
0.00016943831
0.00016943831
0.00016943831
0.00016943831
0.00016943831
0.00016943831
0.00016943831
0.00016943831
0.00016943831
0.00016943831
0.00016943831
0.00016943831
0.00016943831
0.00016943831
0.00016943831
0.00016943831
0.00016943831
0.00016943831
0.00016943831
0.00016943831
0.00016943831
0.00016943831
0.00016943831
0.00016943831
0.00016943831
0.00016943831
0.00016943831
0.00016943831
0.00016943831
0.00016943831
0.00016943831
0.00016943831
0.00016943831
0.00016943831
169.43849
0.00016943831
0.00016943831
0.00016943831
0.00016943831
0.00016943831
0.00016943831
0.00016943831
0.00016943831
0.00016943831
0.00016943831
0.00016943831
1524.945
0.00016943831
0.00016943831
0.00016943831
0.00016943831
0.00016943831
0.00016943831
0.00016943831
0.00016943831
0.00016943831
0.00016943831
0.00016943831
0.00016943831
0.00016943831
0.00016943831
0.00016943831
0.00016943831
0.00016943831
0.00016943831
0.00016943831
0.00016943831
0.00016943831
1524.945
0.00016943831
0.00016943831
0.00016943831
0.00016943831
0.00016943831
0.00016943831
0.00016943831
0.00016943831
0.00016943831
0.00016943831
0.00016943831
0.00016943831
0.00016943831
0.00016943831
1524.945
0.00016943831
0.00016943831
0.00016943831
677.7534
0.00016943831
0.00016943831
0.00016943831
0.00016943831
0.00016943831
0.00016943831
0.00016943831
0.00016943831
0.00016943831
0.00016943831
0.00016943831
1524.945
0.00016943831
0.00016943831
169.43849
0.00016943831
0.00016943831
0.00016943831
0.00016943831
0.00016943831
0.00016943831
0.00016943831
1524.945
0.00016943831
0.00016943831
0.00016943831
0.00016943831
0.00016943831
0.00016943831
0.00016943831
0.00016943831
0.00016943831
0.00016943831
0.00016943831
0.00016943831
0.00016943831
0.00016943831
0.00016943831
0.00016943831
0.00016943831
0.00016943831
0.00016943831
0.00016943831
1524.945
0.00016943831
0.00016943831
169.43849
0.00016943831
0.00016943831
0.00016943831
0.00016943831
1524.945
0.00016943831
0.00016943831
0.00016943831
0.00016943831
0.00016943831
1524.945
0.00016943831
0.00016943831
0.00016943831
0.00016943831
0.00016943831
0.00016943831
0.00016943831
0.00016943831
0.00016943831
0.00016943831
0.00016943831
0.00016943831
0.00016943831
0.00016943831
0.00016943831
0.00016943831
0.00016943831
0.00016943831
0.00016943831
0.00016943831
0.00016943831
0.00016943831
0.00016943831
0.00016943831
0.00016943831
0.00016943831
0.00016943831
0.00016943831
0.00016943831
0.00016943831
0.00033887662
153.04123
0.00016943831
0.00016943831
0.00016943831
0.00016943831
0.00016943831
0.00016943831
0.00016943831
1524.945
0.00016943831
0.00016943831
0.00016943831
0.00016943831
0.00016943831
169.43849
0.00016943831
0.00016943831
0.00016943831
1524.945
0.00016943831
0.00016943831
0.00016943831
1524.945
0.00016943831
0.00016943831
0.00016943831
1524.945
169.43849
0.00016943831
0.00016943831
0.00016943831
0.00016943831
0.00016943831
0.00016943831
0.00016943831
0.00016943831
0.00016943831
0.00016943831
0.00016943831
0.00016943831
1524.945
0.00016943831
0.00016943831
0.00016943831
0.00016943831
0.00016943831
0.00016943831
169.43849
0.00016943831
0.00016943831
0.00016943831
0.00016943831
0.00016943831
0.00016943831
0.00016943831
0.00033887662
0.00016943831
0.00016943831
0.00016943831
0.00016943831
0.00016943831
0.00016943831
0.00016943831
1524.945
0.00016943831
0.00016943831
0.00016943831
0.00016943831
0.00016943831
0.00016943831
0.00016943831
0.00016943831
0.00016943831
0.00016943831
169.43849
169.43849
0.00016943831
0.00016943831
0.00016943831
0.00016943831
0.00016943831
0.00016943831
0.00016943831
677.7534
0.00016943831
0.00016943831
0.00016943831
0.00016943831
0.00016943831
0.00016943831
0.00016943831
0.00016943831
0.00016943831
0.00016943831
0.00016943831
0.00016943831
0.00016943831
0.00016943831
0.00016943831
0.00016943831
169.43849
0.00016943831
0.00016943831
1524.945
0.00016943831
1524.945
0.00016943831
0.00016943831
0.00016943831
0.00016943831
0.00016943831
1524.945
0.00016943831
0.00016943831
0.00016943831
0.00016943831
0.00016943831
0.00016943831
0.00016943831
0.00016943831
0.00016943831
0.00016943831
0.00016943831
0.00016943831
0.00016943831
0.00016943831
0.00016943831
0.00016943831
0.00016943831
0.00016943831
0.00016943831
0.00016943831
0.00016943831
0.00016943831
0.00016943831
0.00016943831
0.00016943831
0.00016943831
0.00016943831
0.00016943831
0.00016943831
1524.945
0.00016943831
0.00016943831
0.00016943831
0.00016943831
0.00016943831
0.00016943831
0.00016943831
0.00016943831
0.00016943831
0.00016943831
0.00016943831
0.00016943831
0.00016943831
0.00016943831
0.00016943831
0.00016943831
0.00016943831
0.00016943831
0.00016943831
0.00016943831
1524.945
0.00016943831
0.00016943831
0.00016943831
0.00016943831
0.00016943831
1524.945
0.00016943831
0.00016943831
0.00016943831
0.00016943831
0.00016943831
0.00016943831
0.00016943831
0.00016943831
0.00016943831
0.00016943831
0.00016943831
677.7534
0.00016943831
0.00016943831
0.00016943831
0.00016943831
0.00016943831
0.00016943831
0.00016943831
0.00016943831
0.00016943831
0.00016943831
0.00016943831
0.00016943831
0.00016943831
1524.945
0.00016943831
0.00016943831
0.00016943831
0.00016943831
0.00016943831
0.00016943831
0.00016943831
0.00016943831
0.00016943831
0.00016943831
124985.72
0.00016943831
0.00016943831
0.00016943831
0.00016943831
0.00016943831
0.00016943831
0.00016943831
8091.9336
0.00016943831
0.00016943831
0.00016943831
0.00016943831
0.00016943831
0.00016943831
0.00016943831
1524.945
0.00016943831
0.00016943831
0.00016943831
0.00016943831
0.00016943831
1524.945
0.00016943831
0.00016943831
0.00016943831
1524.945
0.00016943831
0.00016943831
0.00016943831
0.00016943831
0.00016943831
0.00016943831
0.00016943831
6099.7793
0.00016943831
0.00016943831
0.00016943831
0.00016943831
0.00016943831
0.00016943831
0.00016943831
0.00016943831
0.00016943831
0.00016943831
169.43849
0.00016943831
0.00016943831
0.00016943831
0.00016943831
0.00016943831
0.00016943831
0.00016943831
0.00016943831
0.00016943831
0.00016943831
0.00016943831
0.00016943831
169.43849
1524.945
0.00016943831
0.00016943831
0.00016943831
0.00016943831
0.00016943831
0.00016943831
0.00016943831
0.00016943831
0.00016943831
0.00016943831
0.00016943831
1524.945
0.00016943831
0.00016943831
0.00016943831
169.43849
0.00016943831
1524.945
145.01492
0.00016943831
0.00016943831
0.00016943831
0.00016943831
0.00016943831
0.00016943831
0.00016943831
0.00016943831
0.00016943831
0.00016943831
0.00016943831
1524.945
0.00016943831
0.00016943831
0.00016943831
0.00016943831
0.00016943831
0.00016943831
0.00016943831
0.00016943831
0.00016943831
0.00016943831
0.00016943831
0.00016943831
0.00016943831
0.00016943831
0.00016943831
0.00016943831
0.00016943831
0.00016943831
0.00016943831
169.43849
0.00016943831
0.00016943831
0.00016943831
0.00016943831
0.00016943831
0.00016943831
0.00016943831
0.00016943831
0.00016943831
0.00016943831
0.00016943831
0.00016943831
0.00016943831
0.00016943831
0.00016943831
0.00016943831
1524.945
0.00016943831
0.00016943831
0.00016943831
0.00016943831
0.00016943831
0.00016943831
0.00016943831
0.00016943831
0.00016943831
0.00016943831
0.00016943831
0.00016943831
0.00016943831
1524.945
0.00016943831
0.00016943831
0.00016943831
0.00016943831
0.00016943831
0.00016943831
0.00016943831
0.00016943831
0.00016943831
217.68103
0.00016943831
0.00016943831
0.00016943831
0.00016943831
0.00016943831
1524.945
0.00016943831
0.00016943831
1524.945
0.00016943831
0.00016943831
0.00016943831
0.00016943831
0.00016943831
0.00016943831
0.00016943831
0.00016943831
0.00016943831
0.00016943831
0.00016943831
0.00016943831
169.43849
0.00016943831
0.00016943831
0.00016943831
1524.945
0.00016943831
0.00016943831
0.00016943831
0.00016943831
0.00016943831
0.00016943831
0.00016943831
0.00016943831
1524.945
0.00016943831
0.00016943831
0.00016943831
0.00016943831
45.8784
0.00016943831
0.00016943831
0.00016943831
0.00016943831
0.00016943831
0.00016943831
0.00016943831
0.00016943831
0.00016943831
0.00016943831
0.00016943831
0.00016943831
0.00016943831
0.00016943831
0.00016943831
0.00016943831
0.00016943831
169.43849
0.00016943831
0.00016943831
0.00016943831
0.00016943831
0.00016943831
0.00016943831
0.00016943831
0.00016943831
0.00016943831
0.00016943831
0.00016943831
0.00016943831
0.00016943831
0.00016943831
0.00016943831
0.00016943831
0.00016943831
0.00016943831
0.00016943831
0.00016943831
1524.945
0.00016943831
0.00016943831
0.00016943831
0.00016943831
0.00016943831
0.00016943831
0.00016943831
0.00016943831
0.00016943831
0.00016943831
0.00016943831
0.00016943831
0.00016943831
0.00016943831
0.00016943831
1524.945
0.00016943831
0.00016943831
0.00016943831
0.00016943831
0.00016943831
0.00016943831
0.00016943831
0.00016943831
169.43849
0.00016943831
0.00016943831
0.00016943831
0.00016943831
0.00016943831
0.00016943831
0.00016943831
0.00016943831
0.00016943831
0.00016943831
1524.945
0.00016943831
0.00016943831
0.00016943831
0.00016943831
0.00016943831
0.00016943831
0.00016943831
0.00016943831
0.00016943831
0.00016943831
0.00016943831
0.00016943831
0.00016943831
0.00016943831
0.00016943831
0.00016943831
0.00016943831
0.00016943831
1524.945
0.00016943831
0.00016943831
0.00016943831
0.00016943831
0.00016943831
0.00016943831
0.00016943831
0.00016943831
0.00016943831
0.00016943831
0.00016943831
0.00016943831
0.00016943831
0.00016943831
0.00016943831
0.00016943831
0.00016943831
0.00016943831
0.00016943831
0.00016943831
1524.945
0.00016943831
0.00016943831
169.43849
0.00016943831
0.00016943831
0.00016943831
0.00016943831
0.00016943831
0.00016943831
0.00016943831
0.00016943831
0.00016943831
0.00016943831
0.00016943831
0.00016943831
0.00016943831
0.00016943831
0.00016943831
1524.945
0.00016943831
169.43849
0.00016943831
0.00016943831
0.00016943831
0.00016943831
0.00016943831
0.00016943831
0.00016943831
1524.945
0.00016943831
0.00016943831
1524.945
0.00016943831
0.00016943831
0.00016943831
1524.945
0.00016943831
0.00016943831
0.00016943831
0.00016943831
0.00016943831
0.00016943831
0.00016943831
0.00016943831
0.00016943831
0.00016943831
0.00016943831
0.00016943831
0.00016943831
0.00016943831
0.00016943831
0.00016943831
0.00016943831
0.00016943831
0.00016943831
5.571753
0.00016943831
0.00016943831
0.00016943831
0.00016943831
0.00016943831
0.00016943831
0.00016943831
0.00016943831
0.00016943831
0.00016943831
0.00016943831
0.00016943831
0.00016943831
0.00016943831
0.00016943831
0.00016943831
0.00016943831
0.00016943831
0.00016943831
0.00016943831
0.00016943831
0.00016943831
224.90912
0.00016943831
0.00016943831
0.00016943831
0.00016943831
0.00016943831
1524.945
0.00016943831
0.00016943831
0.00016943831
0.00016943831
0.00016943831
0.00016943831
0.00016943831
1524.945
0.00016943831
0.00016943831
0.00016943831
0.00016943831
0.00016943831
0.00016943831
0.00016943831
0.00016943831
0.00016943831
0.00016943831
0.00016943831
0.00016943831
0.00016943831
0.00016943831
0.00016943831
1524.945
0.00016943831
0.00016943831
22.40709
0.00016943831
0.00016943831
0.00016943831
0.00016943831
0.00016943831
0.00016943831
0.00016943831
0.00016943831
0.00016943831
0.00016943831
0.00016943831
0.00016943831
0.00016943831
0.00016943831
0.00016943831
0.00016943831
0.00016943831
0.00016943831
0.00016943831
0.00016943831
0.00016943831
0.00016943831
0.00016943831
0.00016943831
0.00016943831
0.00016943831
0.00016943831
1524.945
0.00016943831
0.00016943831
0.00016943831
113.19051
0.00016943831
0.00016943831
0.00016943831
169.43849
0.00016943831
0.00016943831
0.00016943831
0.00016943831
0.00016943831
0.00016943831
0.00016943831
0.00016943831
0.00016943831
0.00016943831
0.00016943831
0.00016943831
169.43849
0.00016943831
0.00016943831
1524.945
1524.945
0.00016943831
169.43849
0.00016943831
0.00016943831
0.00016943831
0.00016943831
0.00016943831
0.00016943831
0.00016943831
1524.945
1.2408835
1.8382167
0.31999728
0.6396901
1.9362668
12.592838
0.9708931
0.5960294
1.9600886
0.5639589
2.661921
0.76099014
0.15585381
0.3761626
0.5370613
1.5559074e-09
0.51285255
0.67912954
0.54544806
1.1051784
3.613767
1.7133503
21.15826
2.6894544e-09
3.0617883
0.84030116
0.8058898
1.8580332
3.7849526
0.576225
0.5534972
0.521388
0.85236067
1.0677902
1.8556658
0.24677183
0.31344816
5.229578e-09
15.39898
0.34613466
0.4753373
1.3690258
0.19917648
0.6075453
0.05072776
2.749578
0.21766402
1.7780513
1.4338377
1.5036273
7.2381705e-09
1.5161574
8.769646e-09
0.19488914
1.8794086
0.96888673
0.1271821
3.0353293
5.869611
2.606587
0.037745237
1.00259365e-08
0.047975354
0.75412995
6.8369846
1.1572866e-08
0.5723702
1.2377699e-08
1.0399535
0.749374
0.051709596
2.9056177
0.68086696
0.3469832
0.5598432
2.8826938
0.7418412
48.20041
1.2815965
3.172862
2.3298728
1.9754584
0.3104671
0.40129277
0.4506502
0.06643991
1.4158759
7.597055
0.33469304
2.7035036
1.959051e-08
0.6903327
0.9396195
1.9590509
3.3258274e-08
1.6167608
1.8785753
0.5347757
0.3500792
4.873905
1.7722758
3.7445178
1.2505829
2.9423976
2.4013367e-08
0.38421392
0.4081622
0.44559723
0.12548698
9.384361
0.12718211
1.383335
0.8804901
7.9356112
3.3612044
0.5377928
1.9028034
0.12376799
4.9575963
3.179552e-08
2.277684
4.646891
3.501255e-08
0.029410573
0.13444823
2.5621088
1.3191565
1.0025938
0.553268
3.6883912
4.3062463
1.5402249
3.6643236e-08
1.3818592
2.4552958
2.2068071
3.2484035
1.1019663
1.8383212
0.04269048
0.04010379
5.257784
0.046307534
38.325336
1.6680443
4.4880075
4.407865e-08
2.7068658
9.224976
0.046334613
5.810642e-08
1.176655
0.051283944
0.8344147
0.047066253
0.04867524
5.601267e-08
0.21612038
0.21612038
0.052150972
5.3082182e-08
4.376436
7.312113
0.48627076
2.9030426
0.054030135
3.584811
0.24299054
2.2208655
0.563959
4.0103745
0.060319867
0.0651436
0.54287827
2.3607585
5.1247888
1.0196646
7.05699e-08
6.26621e-08
0.07056997
7.354094e-08
6.514353e-08
0.7374333
0.08647698
1.3073945e-07
1.0844054
0.0651436
0.067775406
2.7663398e-07
0.3422997
0.29416382
9.163782e-08
2.350485
8.007482e-08
7.5139646e-08
0.7530593
0.73825085
1.4662052
4.0149145
0.083673336
2.841884
0.74533826
0.3202994
0.7206735
0.08007491
0.7530593
3.012237
8.367325e-08
0.7530593
8.367325e-08
0.087519884
2.401337
0.089707874
0.087519884
14.790846
0.117339686
9.605347e-08
3.2989616
0.087519884
9.605347e-08
9.163782e-08
1.6127386
11.622471
1.4657294e-07
9.872162e-08
4.7066207
1.5368557
0.5229579
0.45732355
0.11139941
0.095991716
1.1766552
1.05898955e-07
1.3073945e-07
0.105899066
0.46935838
13.073944
0.7135867
1.179522e-07
1.11399295e-07
1.1733955e-07
4.4646487
0.11139941
1.11399295e-07
1.1733955e-07
10.025204
0.13831714
0.123768084
0.46935838
1.1733955e-07
3.6643238
25.624931
0.5229579
1.2376795e-07
2.213072
1.3073945e-07
0.13073958
0.4225494
2.4894524
1.3073945e-07
3.6643238
6.3461294
16.736357
2.4459586
0.57009405
1.4657294e-07
1.3831699e-07
1.244853
1.3831699e-07
1.400317
0.13831714
1.4250841e-07
6.347326
1.5559075e-07
0.68944657
2.4184537
1.3191566
4.2359582e-07
0.15559092
1.763146e-07
1.5559075e-07
1.400317
0.15559092
1.5559075e-07
6.2544284
1.5559075e-07
2.1839535
5.956816
2.647474
2.3242568e-07
1.6546711e-07
6.347326
2.7110133e-07
0.18826501
1.763146e-07
2.7110133e-07
1.5868316
4.5755596
0.21612054
0.77188003
5.403008
1.882648e-07
0.21612054
2.0147245e-07
8.367325
2.1964227e-07
1.6006237
0.20147265
10.589895
0.9240859
2.0147245e-07
0.21612054
30.32846
0.24172297
0.20147265
2.0147245e-07
0.20147265
4.9144425
2.0918314
0.25064868
2.1612031e-07
2.506484e-07
5.403008
2.0918314
1.0844057
0.07539103
0.23242593
1.2887176
2.3242568e-07
0.23242593
8.007483
2.506484e-07
2.506484e-07
2.3242568e-07
42.359585
2.506484e-07
0.29416406
0.23242593
2.7110133e-07
1.002594
2.7110133e-07
4.7066207
0.25064868
0.18223958
1.1766553
51.877186
4.7066207
0.44712937
0.32029963
2.7110133e-07
152.07207
1.0844057
1.1295892
0.27110162
20.499155
0.2936934
0.25173724
1.0844057
2.7110133e-07
1.1766553
3.5007918e-07
1.1766553
1.4003171
5.124789
4.9205575
2.9416375e-07
0.64059925
2.882694
3.3043997
3.2029928e-07
0.32029963
5.6012673
3.5007918e-07
4.693582e-07
3.2029928e-07
1.536856
1.4003171
3.2029928e-07
1.8774335
0.35007954
3.5007918e-07
3.812363
3.5007918e-07
3.5007918e-07
3.5007918e-07
3.6674962e-07
1.6943839
3.150713
6.6186846e-07
15.712514
83.02478
922.4975
0.35007954
3.150713
0.3842143
0.52295834
0.42359585
16.896896
3.8421388e-07
0.3842143
5.229578e-07
4.954337e-07
4.2359582e-07
6.147423
1.6662222
4.2359582e-07
1.6943839
4.2359582e-07
7.5097327
4.2359582e-07
4.7066207
0.42359626
11.733956
0.5862924
0.86448216
0.46935874
0.52295834
7.5097327
6.6186846e-07
4.693582e-07
0.46935874
1524.945
3.754867
5.229578e-07
4.7066207
5.229578e-07
4.693582e-07
5.862918e-07
4.693582e-07
2.5126796
5.862918e-07
0.52295834
4.693582e-07
5.229578e-07
5.229578e-07
0.75306004
5.229578e-07
6.7775335
5.229578e-07
0.52295834
5.2766266
5.862918e-07
5.862918e-07
5.229578e-07
0.52295834
0.52295834
0.66186917
5.229578e-07
2.0918317
1.4003167e-06
2.3451679
8.6448125e-07
5.862918e-07
58.23588
7.091448e-07
5.862918e-07
5.862918e-07
5.862918e-07
0.75306004
5.9568167
0.5862924
10.589896
5.862918e-07
0.75306004
5.862918e-07
6.6186846e-07
6.6186846e-07
3.0122378
1.0025936e-06
0.5862924
5.862918e-07
0.86448216
7.1278146e-07
6.6186846e-07
2.6474748
3.0122378
7.530592e-07
6.6186846e-07
5.9447827
6.6186846e-07
2.6474748
3.0122378
3.0122378
6.6186846e-07
2.6474748
0.66186917
6.6186846e-07
0.15587789
8.6448125e-07
6.6186846e-07
6.6186846e-07
0.7127822
8.6448125e-07
8.6448125e-07
4.010376
0.7091455
6.6186846e-07
1453.193
6.6186846e-07
5.9568167
6.6186846e-07
7.564211e-07
6.6186846e-07
3.0122378
2.0918312e-06
8.6448125e-07
7.530592e-07
0.75306004
4.010376
8.6448125e-07
12.048949
7.530592e-07
7.530592e-07
0.00016943831
7.530592e-07
0.75306004
6.7775335
7.530592e-07
6.7775354
7.530592e-07
7.530592e-07
13.831701
0.62991816
8.6448125e-07
12.602852
8.6448125e-07
8.6448125e-07
8.6448125e-07
27.07003
8.6448125e-07
15.249452
1.0025936e-06
75.30593
8.6448125e-07
9.3097987e-07
1.0025947
8.6448125e-07
4.706621
8.6448125e-07
8.6448125e-07
1.6943833e-06
7.3829165
1.176655e-06
8.6448125e-07
25.064842
1.0589895e-05
1.0025936e-06
0.41839007
1.176655e-06
0.86448216
8.6448125e-07
1.0025936e-06
2.0051873e-06
1.0589895e-05
1.0937385e-06
25.064842
1.1766562
1.0025936e-06
1.0025936e-06
1.0025936e-06
1.0025947
1.0025936e-06
1.0025936e-06
1.0025947
1.0025936e-06
1.176655e-06
1.0025947
1.0025936e-06
1.0025936e-06
1.176655e-06
4.010376
1.0025947
1.0025936e-06
4.010376
1.0025936e-06
1.0025947
3.457925e-06
1.176655e-06
1.0025947
0.3410606
1.176655e-06
1.1766562
1.176655e-06
2.0918312e-06
1.694385
1.176655e-06
1.694385
1.1766562
18.826483
42.749996
1.176655e-06
1.4003167e-06
57.656094
2.6474767
4.706621
1.1766562
1.1766562
1.176655e-06
1.176655e-06
1.176655e-06
1.1766562
5.6012683
1.1766561
1.600362e-06
1.176655e-06
1.1766562
1.283625
1.176655e-06
1.4003167e-06
1.176655e-06
1.2943218
1.1766562
4.706621
4.70662e-06
1.4003181
68.61552
1.6943833e-06
1.4003167e-06
1.5559092
9.7661915
4.70662e-06
1.4003181
1.4003167e-06
2.6474738e-06
1.4003167e-06
1.4003167e-06
1.4003167e-06
1.4003167e-06
1.4003167e-06
1.6943833e-06
1.4003167e-06
1.4003167e-06
2.0918334
1.4003167e-06
1.4003167e-06
1.4003167e-06
5.083155
1.4003181
1.4003167e-06
1.4003167e-06
1.4003181
1.6943833e-06
1.4003167e-06
1.4003167e-06
1.4003181
1.4003167e-06
1.4003167e-06
6.7170196
1.6337044
1.4003167e-06
1.4003181
50.4114
1.4003181
1.4003167e-06
1.4003167e-06
5.6012683
1.4003167e-06
27.110136
1.694385
1.694385
11.698805
15.249452
1.694385
2.6474767
1.6943833e-06
1.694385
15.249452
42.359596
1.6943833e-06
1.6943833e-06
1.6943833e-06
1.694385
1.6943833e-06
1.6943833e-06
60.9978
1.6943833e-06
6.7775354
1.6943833e-06
1.6943833e-06
1.6943833e-06
1.6943833e-06
1.6943833e-06
1.694385
54.220272
1.6943833e-06
1.6943833e-06
1.6943833e-06
1.6943833e-06
15.249452
1.694385
1.694385
60.9978
1.694385
1.6943833e-06
15.249452
1.9061832
1.6943833e-06
15.249452
1.6943833e-06
1.9364381e-06
1.6943833e-06
6.7775354
2.6474738e-06
1.6943833e-06
1.6943833e-06
1.6943833e-06
1.6943833e-06
1.6943833e-06
2.0918312e-06
2.6474738e-06
1.6943833e-06
137.24504
8.367327
2.0918312e-06
2.0918312e-06
2.0918312e-06
2.0918312e-06
2.0918312e-06
2.0918312e-06
8.367327
2.0918312e-06
2.0918334
2.0918312e-06
2.0918312e-06
2.0918312e-06
2.0918312e-06
2.0918312e-06
8.367327
2.0918312e-06
2.0918312e-06
2.0918312e-06
2.0918312e-06
2.0918312e-06
2.0918312e-06
2.0918334
2.0918312e-06
2.0918312e-06
2.0918312e-06
4.2359577e-05
8.367327
2.0918312e-06
2.0918312e-06
2.0918334
2.6474738e-06
2.0918312e-06
2.0918312e-06
18.826483
3.457925e-06
2.0918334
2.6474738e-06
18.826483
3.0256845e-06
2.0918312e-06
2.0918312e-06
2.0918334
2.0918312e-06
2.0918312e-06
2.0918334
23.827267
2.0918312e-06
2.0918312e-06
2.0918312e-06
2.6474738e-06
2.6474738e-06
2.6474738e-06
4.2359577e-05
4.70662e-06
2.6474738e-06
2.6474767
2.6474738e-06
2.6474738e-06
2.6474738e-06
2.6474738e-06
2.6474738e-06
2.6474738e-06
2.6474767
2.6474738e-06
2.6474738e-06
2.6474738e-06
2.6474738e-06
2.6474738e-06
2.6474738e-06
13.831704
66.186844
3.457925e-06
10.589899
2.6474767
2.6474738e-06
2.6474738e-06
2.6474738e-06
2.6474767
4.706625
2.6474738e-06
2.6474767
2.6474738e-06
2.6474738e-06
2.6474738e-06
2.6474738e-06
2.6474738e-06
2.6474767
3.457925e-06
4.70662e-06
2.6474738e-06
2.6474738e-06
2.6474738e-06
2.6474738e-06
3.457925e-06
2.6474738e-06
2.6474738e-06
2.6474738e-06
23.827267
2.6474738e-06
1.0589895e-05
2.6474738e-06
3.457925e-06
10.589899
2.6474738e-06
2.6474738e-06
42.359585
3.1769687e-06
10.589899
2.6474738e-06
2.6474738e-06
3.457925e-06
2.6474738e-06
1.882648e-05
2.6474738e-06
2.6474738e-06
2.6474767
2.6474738e-06
6.77754
3.457925e-06
4.70662e-06
60.997807
4.70662e-06
3.457925e-06
3.457925e-06
3.457925e-06
3.457925e-06
3.457925e-06
0.00016943831
1.0589895e-05
6.77754
13.831704
3.457925e-06
3.457925e-06
13.831704
4.70662e-06
3.457925e-06
3.457925e-06
3.4579287
3.457925e-06
3.457925e-06
3.457925e-06
3.4579287
13.831704
3.457925e-06
3.457925e-06
6.777533e-06
3.457925e-06
3.457925e-06
3.457925e-06
3.457925e-06
3.457925e-06
3.457925e-06
3.457925e-06
3.457925e-06
3.457925e-06
3.457925e-06
3.457925e-06
3.457925e-06
3.457925e-06
3.457925e-06
30.917921
4.70662e-06
3.457925e-06
3.457925e-06
3.457925e-06
3.457925e-06
3.4579287
3.457925e-06
4.70662e-06
3.457925e-06
13.831704
10.589907
4.70662e-06
3.457925e-06
3.457925e-06
3.457925e-06
31.121328
3.4579287
3.457925e-06
4.70662e-06
3.457925e-06
3.457925e-06
3.457925e-06
3.457925e-06
3.457925e-06
4.70662e-06
3.457925e-06
3.457925e-06
4.706625
31.121328
10.589907
3.457925e-06
4.70662e-06
3.457925e-06
3.457925e-06
3.4579287
3.4579287
3.457925e-06
3.457925e-06
3.457925e-06
3.4579287
3.457925e-06
1.882648e-05
4.70662e-06
4.70662e-06
4.70662e-06
4.2359577e-05
18.826485
4.706625
4.70662e-06
4.70662e-06
4.70662e-06
4.70662e-06
4.706625
6.777533e-06
7.0599294e-06
4.706625
4.706625
4.706625
4.70662e-06
4.70662e-06
4.70662e-06
4.70662e-06
4.70662e-06
1.0589895e-05
4.70662e-06
4.70662e-06
39.221836
4.70662e-06
4.70662e-06
4.706625
4.70662e-06
5.6479444e-06
470.66196
6.777533e-06
4.706625
6.777533e-06
5.6479444e-06
4.70662e-06
4.70662e-06
4.70662e-06
4.70662e-06
4.70662e-06
4.70662e-06
6.777533e-06
18.826485
7.0599294e-06
4.70662e-06
4.70662e-06
4.70662e-06
4.70662e-06
4.70662e-06
4.70662e-06
4.70662e-06
6.777533e-06
4.706625
4.70662e-06
4.70662e-06
4.70662e-06
4.70662e-06
6.777533e-06
4.70662e-06
4.70662e-06
4.70662e-06
4.70662e-06
1.882648e-05
1.882648e-05
4.70662e-06
4.70662e-06
4.70662e-06
677.7534
6.777533e-06
4.70662e-06
4.70662e-06
4.70662e-06
4.70662e-06
4.70662e-06
4.70662e-06
4.70662e-06
4.70662e-06
4.70662e-06
42.359585
1524.945
4.70662e-06
4.70662e-06
4.70662e-06
4.70662e-06
4.70662e-06
4.70662e-06
4.70662e-06
4.706625
4.70662e-06
1.0589895e-05
6.777533e-06
27.110142
4.70662e-06
4.706625
27.110142
6.777533e-06
179.1806
6.777533e-06
1.3555066e-05
6.777533e-06
6.77754
6.777533e-06
6.777533e-06
6.77754
6.777533e-06
1.0589895e-05
6.77754
6.77754
27.110142
6.777533e-06
6.777533e-06
1.4119862e-05
6.777533e-06
1524.945
10.589907
95.30907
6.777533e-06
6.7775373
1.0166299e-05
27.110142
6.777533e-06
6.777533e-06
6.777533e-06
6.777533e-06
6.777533e-06
6.777533e-06
10.589907
6.777533e-06
6.777533e-06
6.77754
6.777533e-06
6.777533e-06
6.777533e-06
6.777533e-06
6.777533e-06
6.777533e-06
10.589907
6.777533e-06
6.777533e-06
6.777533e-06
6.777533e-06
27.110142
6.777533e-06
6.77754
1.882648e-05
6.777533e-06
6.777533e-06
6.777533e-06
6.777533e-06
6.777533e-06
6.77754
6.777533e-06
6.777533e-06
1.882648e-05
6.777533e-06
6.77754
6.777533e-06
4.2359577e-05
6.777533e-06
6.77754
1.0589895e-05
6.77754
27.110142
6.777533e-06
6.777533e-06
6.777533e-06
6.777533e-06
6.777533e-06
6.777533e-06
1.0589895e-05
6.7775393
6.77754
6.77754
6.777533e-06
6.777533e-06
42.359596
1524.945
6.777533e-06
6.777533e-06
6.777533e-06
6.777533e-06
6.777533e-06
6.777533e-06
6.777533e-06
1.882648e-05
6.777533e-06
1.0589895e-05
6.777533e-06
6.777533e-06
6.777533e-06
1524.945
6.777533e-06
6.777533e-06
1.0589895e-05
6.777533e-06
6.777533e-06
6.777533e-06
6.777533e-06
6.777533e-06
6.777533e-06
6.777533e-06
1.0589895e-05
6.777533e-06
6.77754
6.77754
6.777533e-06
6.777533e-06
6.777533e-06
6.777533e-06
6.777533e-06
6.777533e-06
6.777533e-06
1.882648e-05
6.777533e-06
6.777533e-06
1.0589895e-05
6.777533e-06
1.0589895e-05
1.882648e-05
1.882648e-05
1.882648e-05
1.0589895e-05
1.0589895e-05
1.0589895e-05
10.589907
1.0589895e-05
1.0589895e-05
1.0589895e-05
1.0589895e-05
1.0589895e-05
1.0589895e-05
10.589907
1.0589895e-05
1.0589895e-05
1.0589895e-05
1.0589895e-05
1.0589895e-05
1.0589895e-05
1.0589895e-05
1.0589895e-05
1.0589895e-05
1.882648e-05
1.0589895e-05
1.0589895e-05
1.0589895e-05
1.0589895e-05
1.0589895e-05
1.0589895e-05
1.0589895e-05
1.0589895e-05
1.0589895e-05
1.0589895e-05
1.0589895e-05
1.0589895e-05
95.30907
1.0589895e-05
1.0589895e-05
1.0589895e-05
1.0589895e-05
1.0589895e-05
4.2359577e-05
1.882648e-05
1.0589895e-05
1.882648e-05
10.589907
1.0589895e-05
1.882648e-05
10.589907
1.0589895e-05
1.0589895e-05
4.2359577e-05
4.2359577e-05
1.882648e-05
42.359596
1.0589895e-05
1.0589895e-05
1.0589895e-05
169.43834
1.0589895e-05
1.0589895e-05
1.0589895e-05
1.882648e-05
0.00016943831
1.882648e-05
1.0589895e-05
1.0589895e-05
42.359596
1.0589895e-05
38.256485
1.882648e-05
1.882648e-05
1.0589895e-05
1.0589895e-05
1.882648e-05
1.0589895e-05
4.2359577e-05
1.0589895e-05
1.0589895e-05
1.0589895e-05
1.0589895e-05
10.589907
1.0589895e-05
1.0589895e-05
1524.945
1.0589895e-05
1.882648e-05
1.0589895e-05
1.0589895e-05
1.0589895e-05
1.0589895e-05
1.0589895e-05
1.0589895e-05
1.0589895e-05
1.0589895e-05
1.0589895e-05
1.0589895e-05
1.882648e-05
1.0589895e-05
1.0589895e-05
1.0589895e-05
1.0589895e-05
1.0589895e-05
1.0589895e-05
1.0589895e-05
1.0589895e-05
1.0589895e-05
1.0589895e-05
10.589907
1.0589895e-05
1.0589895e-05
1.882648e-05
1.0589895e-05
1.0589895e-05
1.0589895e-05
1.882648e-05
1.0589895e-05
10.589907
1.0589895e-05
1.0589895e-05
1.0589895e-05
1.0589895e-05
1.0589895e-05
1.0589895e-05
1.0589895e-05
1.0589895e-05
1.0589895e-05
1.0589895e-05
1.0589895e-05
1.0589895e-05
1.0589895e-05
1.0589895e-05
1.0589895e-05
1.0589895e-05
1.0589895e-05
1.0589895e-05
42.359596
42.359596
1.0589895e-05
1.0589895e-05
1.0589895e-05
1.0589895e-05
1.882648e-05
1.0589895e-05
1.0589895e-05
1.0589895e-05
10.589907
1.0589895e-05
87.21321
1.0589895e-05
1.0589895e-05
1.0589895e-05
1524.945
7.94243
1.0589895e-05
1.0589895e-05
10.589907
1.0589895e-05
4.2359577e-05
1.0589895e-05
1.0589895e-05
1.882648e-05
1.882648e-05
1.882648e-05
1.882648e-05
1524.945
1.882648e-05
1.882648e-05
1.882648e-05
1.882648e-05
1.882648e-05
18.8265
1.882648e-05
1.882648e-05
1.882648e-05
18.8265
4.2359577e-05
1.882648e-05
1524.945
4.2359577e-05
1.882648e-05
18.8265
1.882648e-05
18.8265
1.882648e-05
18.8265
1.882648e-05
1.882648e-05
1.882648e-05
1.882648e-05
1.882648e-05
1.882648e-05
1.882648e-05
1.882648e-05
1.882648e-05
1.882648e-05
1.882648e-05
1058.9895
1.882648e-05
4.2359577e-05
1.882648e-05
18.8265
1.882648e-05
1.882648e-05
1.882648e-05
1.882648e-05
4.2359577e-05
1.882648e-05
1.882648e-05
1.882648e-05
1.882648e-05
1.882648e-05
1.882648e-05
1.882648e-05
1.882648e-05
1.882648e-05
1.882648e-05
35.131435
1.882648e-05
4.2359577e-05
1.882648e-05
169.43834
1.882648e-05
1.882648e-05
1.882648e-05
1.882648e-05
1.882648e-05
4.2359577e-05
677.7533
1.882648e-05
1.882648e-05
1.882648e-05
1.882648e-05
1.882648e-05
1.882648e-05
18.8265
1.882648e-05
1.882648e-05
1.882648e-05
18.8265
42.359623
4.2359577e-05
1.882648e-05
1.882648e-05
1.882648e-05
1.882648e-05
1.882648e-05
1.882648e-05
1.882648e-05
1.882648e-05
42.359623
1.882648e-05
1.882648e-05
1.882648e-05
1.882648e-05
4.2359577e-05
1.882648e-05
1.882648e-05
1.882648e-05
1.882648e-05
1.882648e-05
1.882648e-05
1.882648e-05
1.882648e-05
1.882648e-05
1524.945
1.882648e-05
1.882648e-05
1.882648e-05
1.882648e-05
1.882648e-05
299.65482
1.882648e-05
1.882648e-05
0.00016943831
1.882648e-05
1.882648e-05
1.882648e-05
1.882648e-05
4.2359577e-05
18.8265
1.882648e-05
1.882648e-05
4.2359577e-05
4.2359577e-05
1.882648e-05
1.882648e-05
1.882648e-05
1.882648e-05
1.882648e-05
1.882648e-05
1.882648e-05
1.882648e-05
1.882648e-05
1.882648e-05
1.882648e-05
1.882648e-05
1.882648e-05
1.882648e-05
1.882648e-05
1.882648e-05
1.882648e-05
1.882648e-05
1.882648e-05
1.882648e-05
1.882648e-05
1.882648e-05
1.882648e-05
1.882648e-05
1.882648e-05
1.882648e-05
1.882648e-05
1.882648e-05
1.882648e-05
1.882648e-05
1.882648e-05
1.882648e-05
1.882648e-05
0.00016943831
1.882648e-05
1.882648e-05
1.882648e-05
1.882648e-05
1.882648e-05
1.882648e-05
1.882648e-05
1.882648e-05
1.882648e-05
1.882648e-05
1.882648e-05
1.882648e-05
1.882648e-05
1.882648e-05
1.882648e-05
1.882648e-05
1.882648e-05
1.882648e-05
1.882648e-05
1.882648e-05
18.8265
1.882648e-05
1.882648e-05
1.882648e-05
1.882648e-05
18.8265
1.882648e-05
1.882648e-05
1.882648e-05
1.882648e-05
1.882648e-05
0.00016943831
1.882648e-05
4.2359577e-05
1.882648e-05
1.882648e-05
1.882648e-05
1.882648e-05
1.882648e-05
1.882648e-05
1.882648e-05
1.882648e-05
1.882648e-05
1.882648e-05
1.882648e-05
18.8265
1.882648e-05
1.882648e-05
1.882648e-05
1.882648e-05
1.882648e-05
1.882648e-05
1.882648e-05
1.882648e-05
1.882648e-05
1.882648e-05
18.8265
1.882648e-05
4.2359577e-05
4.2359577e-05
1524.945
0.00016943831
4.2359577e-05
0.00016943831
4.2359577e-05
4.2359577e-05
1524.945
4.2359577e-05
4.2359577e-05
4.2359577e-05
381.23624
4.2359577e-05
381.23624
4.2359577e-05
4.2359577e-05
0.00016943831
4.2359577e-05
4.2359577e-05
4.2359577e-05
4.2359577e-05
4.2359577e-05
4.2359577e-05
4.2359577e-05
4.2359577e-05
4.2359577e-05
4.2359577e-05
4.2359577e-05
4.2359577e-05
4.2359577e-05
1524.945
4.2359577e-05
1524.945
4.2359577e-05
4.2359577e-05
4.2359577e-05
4.2359577e-05
4.2359577e-05
4.2359577e-05
4.2359577e-05
4.2359577e-05
4.2359577e-05
4.2359577e-05
4.2359577e-05
4.2359577e-05
4.2359577e-05
4.2359577e-05
4.2359577e-05
4.2359577e-05
4.2359577e-05
4.2359577e-05
4.2359577e-05
4.2359577e-05
4.2359577e-05
42.359623
4.2359577e-05
4.2359577e-05
4.2359577e-05
4.2359577e-05
0.00016943831
4.2359577e-05
4.2359577e-05
4.2359577e-05
4.2359577e-05
4.2359577e-05
42.359623
4.2359577e-05
4.2359577e-05
4.2359577e-05
4.2359577e-05
4.2359577e-05
4.2359577e-05
4.2359577e-05
4.2359577e-05
4.2359577e-05
42.359623
4.2359577e-05
4.2359577e-05
4.2359577e-05
4.2359577e-05
4.2359577e-05
0.00016943831
4.2359577e-05
4.2359577e-05
4.2359577e-05
4.2359577e-05
169.43837
4.2359577e-05
4.2359577e-05
1524.945
4.2359577e-05
4.2359577e-05
4.2359577e-05
4.2359577e-05
4.2359577e-05
4.2359577e-05
4.2359577e-05
4.2359577e-05
4.2359577e-05
4.2359577e-05
4.2359577e-05
4.2359577e-05
4.2359577e-05
4.2359577e-05
4.2359577e-05
1524.945
4.2359577e-05
4.2359577e-05
4.2359577e-05
4.2359577e-05
4.2359577e-05
0.00016943831
4.2359577e-05
4.2359577e-05
4.2359577e-05
4.2359577e-05
4.2359577e-05
4.2359577e-05
4.2359577e-05
4.2359577e-05
4.2359577e-05
4.2359577e-05
4.2359577e-05
4.2359577e-05
4.2359577e-05
4.2359577e-05
4.2359577e-05
1524.945
4.2359577e-05
4.2359577e-05
4.2359577e-05
4.2359577e-05
4.2359577e-05
4.2359577e-05
4.2359577e-05
4.2359577e-05
4.2359577e-05
4.2359577e-05
4.2359577e-05
4.2359577e-05
4.2359577e-05
4.2359577e-05
4.2359577e-05
4.2359577e-05
144.16566
4.2359577e-05
4.2359577e-05
4.2359577e-05
4.2359577e-05
169.43837
4.2359577e-05
4.2359577e-05
0.00016943831
4.2359577e-05
0.00016943831
4.2359577e-05
4.2359577e-05
4.2359577e-05
4.2359577e-05
4.2359577e-05
1524.945
4.2359577e-05
4.2359577e-05
4.2359577e-05
4.2359577e-05
4.2359577e-05
56.227283
4.2359577e-05
4.2359577e-05
4.2359577e-05
4.2359577e-05
4.2359577e-05
4.2359577e-05
4.2359577e-05
4.2359577e-05
4.2359577e-05
4.2359577e-05
4.2359577e-05
4.2359577e-05
4.2359577e-05
4.2359577e-05
4.2359577e-05
0.00016943831
4.2359577e-05
4.2359577e-05
4.2359577e-05
4.2359577e-05
169.43837
4.2359577e-05
4.2359577e-05
4.2359577e-05
0.00016943831
4.2359577e-05
4.2359577e-05
4.2359577e-05
4.2359577e-05
42.359623
4.2359577e-05
4.2359577e-05
4.2359577e-05
4.2359577e-05
4.2359577e-05
4.2359577e-05
4.2359577e-05
4.2359577e-05
4.2359577e-05
4.2359577e-05
169.43837
4.2359577e-05
4.2359577e-05
4.2359577e-05
4.2359577e-05
4.2359577e-05
8.4719155e-05
4.2359577e-05
4.2359577e-05
4.2359577e-05
1991.6315
4.2359577e-05
4.2359577e-05
4.2359577e-05
4.2359577e-05
4.2359577e-05
4.2359577e-05
42.359623
4.2359577e-05
4.2359577e-05
4.2359577e-05
4.2359577e-05
4.2359577e-05
4.2359577e-05
4.2359577e-05
4.2359577e-05
4.2359577e-05
4.2359577e-05
4.2359577e-05
0.00016943831
4.2359577e-05
1524.945
4.2359577e-05
4.2359577e-05
4.2359577e-05
4.2359577e-05
4.2359577e-05
4.2359577e-05
4.2359577e-05
4.2359577e-05
4.2359577e-05
4.2359577e-05
4.2359577e-05
4.2359577e-05
4.2359577e-05
4.2359577e-05
4.2359577e-05
4.2359577e-05
4.2359577e-05
4.2359577e-05
4.2359577e-05
4.2359577e-05
1524.945
4.2359577e-05
4.2359577e-05
4.2359577e-05
4.2359577e-05
4.2359577e-05
42.359623
4.2359577e-05
0.00016943831
4.2359577e-05
1524.945
4.2359577e-05
4.2359577e-05
4.2359577e-05
4.2359577e-05
1524.945
4.2359577e-05
4.2359577e-05
4.2359577e-05
4.2359577e-05
1524.945
677.75336
0.00016943831
4.2359577e-05
4.2359577e-05
4.2359577e-05
4.2359577e-05
4.2359577e-05
4.2359577e-05
4.2359577e-05
4.2359577e-05
4.2359577e-05
4.2359577e-05
4.2359577e-05
4.2359577e-05
4.2359577e-05
4.2359577e-05
4.2359577e-05
4.2359577e-05
4.2359577e-05
381.23624
4.2359577e-05
4.2359577e-05
4.2359577e-05
4.2359577e-05
4.2359577e-05
8.4719155e-05
4.2359577e-05
4.2359577e-05
0.00016943831
4.2359577e-05
4.2359577e-05
4.2359577e-05
4.2359577e-05
4.2359577e-05
4.2359577e-05
4.2359577e-05
4.2359577e-05
42.359623
42.359623
4.2359577e-05
4.2359577e-05
4.2359577e-05
1524.945
4.2359577e-05
4.2359577e-05
4.2359577e-05
4.2359577e-05
4.2359577e-05
0.00016943831
4.2359577e-05
0.00016943831
4.2359577e-05
4.2359577e-05
1524.945
4.2359577e-05
4.2359577e-05
169.43837
4.2359577e-05
4.2359577e-05
8.4719155e-05
4.2359577e-05
4.2359577e-05
4.2359577e-05
4.2359577e-05
4.2359577e-05
4.2359577e-05
4.2359577e-05
3431.126
4.2359577e-05
4.2359577e-05
4.2359577e-05
4.2359577e-05
4.2359577e-05
4.2359577e-05
4.2359577e-05
4.2359577e-05
4.2359577e-05
4.2359577e-05
4.2359577e-05
4.2359577e-05
4.2359577e-05
169.43837
4.2359577e-05
42.359623
0.00016943831
4.2359577e-05
4.2359577e-05
4.2359577e-05
4.2359577e-05
4.2359577e-05
4.2359577e-05
0.00016943831
4.2359577e-05
4.2359577e-05
0.00016943831
4.2359577e-05
4.2359577e-05
4.2359577e-05
4.2359577e-05
4.2359577e-05
4.2359577e-05
42.359623
4.2359577e-05
4.2359577e-05
28.239761
4.2359577e-05
4.2359577e-05
0.00016943831
4.2359577e-05
4.2359577e-05
4.2359577e-05
4.2359577e-05
4.2359577e-05
4.2359577e-05
24399120000.0
4.2359577e-05
4.2359577e-05
42.359623
4.2359577e-05
4.2359577e-05
4.2359577e-05
4.2359577e-05
4.2359577e-05
4.2359577e-05
4.2359577e-05
4.2359577e-05
4.2359577e-05
4.2359577e-05
4.2359577e-05
0.00016943831
4.2359577e-05
4.2359577e-05
4.2359577e-05
4.2359577e-05
4.2359577e-05
4.2359577e-05
4.2359577e-05
4.2359577e-05
4.2359577e-05
4.2359577e-05
4.2359577e-05
4.2359577e-05
4.2359577e-05
4.2359577e-05
4.2359577e-05
4.2359577e-05
0.00016943831
4.2359577e-05
4.2359577e-05
4.2359577e-05
4.2359577e-05
4.2359577e-05
4.2359577e-05
4.2359577e-05
4.2359577e-05
4.2359577e-05
4.2359577e-05
4.2359577e-05
169.43849
42.359623
1524.945
4.2359577e-05
4.2359577e-05
4.2359577e-05
4.2359577e-05
4.2359577e-05
4.2359577e-05
1524.945
4.2359577e-05
4.2359577e-05
4.2359577e-05
4.2359577e-05
4.2359577e-05
4.2359577e-05
4.2359577e-05
4.2359577e-05
4.2359577e-05
0.00016943831
0.00016943831
1524.945
0.00016943831
0.00016943831
0.00016943831
0.00016943831
0.00016943831
0.00016943831
0.00016943831
0.00016943831
0.00016943831
0.00016943831
0.00016943831
0.00016943831
0.00016943831
0.00016943831
0.00016943831
0.00016943831
0.00016943831
0.00016943831
0.00016943831
0.00016943831
1524.945
0.00016943831
0.00016943831
1524.945
0.00016943831
0.00016943831
0.00016943831
0.00016943831
0.00016943831
0.00016943831
0.00016943831
0.00016943831
0.00016943831
0.00016943831
1524.945
0.00016943831
1524.945
0.00016943831
0.00016943831
0.00016943831
0.00016943831
0.00016943831
0.00016943831
0.00016943831
0.00016943831
0.00016943831
0.00016943831
0.00016943831
0.00016943831
0.00016943831
0.00016943831
0.00016943831
0.00016943831
0.00016943831
0.00016943831
0.00016943831
0.00016943831
0.00016943831
0.00016943831
0.00016943831
0.00016943831
0.00016943831
0.00016943831
0.00016943831
0.00016943831
0.00016943831
0.00016943831
44.155323
0.00016943831
0.00016943831
0.00016943831
0.00016943831
0.00016943831
0.00016943831
0.00016943831
0.00016943831
0.00016943831
1524.945
0.00016943831
0.00016943831
0.00016943831
0.00016943831
0.00016943831
0.00016943831
0.00016943831
0.00016943831
0.00016943831
0.00016943831
0.00016943831
1524.945
0.00016943831
0.00016943831
0.00016943831
0.00016943831
0.00016943831
0.00016943831
0.00016943831
0.00016943831
0.00016943831
0.00016943831
0.00016943831
0.00016943831
0.00016943831
0.00016943831
0.00016943831
0.00016943831
0.00016943831
0.00016943831
0.00016943831
0.00016943831
0.00016943831
0.00016943831
0.00016943831
0.00016943831
0.00016943831
0.00016943831
0.00016943831
0.00016943831
0.00016943831
169.43831
0.00016943831
1524.945
0.00016943831
0.00016943831
1524.945
0.00016943831
0.00016943831
0.00016943831
0.00016943831
0.00016943831
0.00016943831
0.00016943831
0.00016943831
0.00016943831
0.00016943831
0.00016943831
1524.945
0.00016943831
0.00016943831
0.00016943831
0.00016943831
677.7534
0.00016943831
0.00016943831
0.00016943831
0.00016943831
0.00016943831
0.00016943831
0.00016943831
0.00016943831
0.00016943831
0.00016943831
0.00016943831
0.00016943831
0.00016943831
0.00016943831
0.00016943831
0.00016943831
0.00016943831
0.00016943831
0.00016943831
0.00016943831
0.00016943831
0.00016943831
0.00016943831
0.00016943831
0.00016943831
0.00016943831
0.00016943831
0.00016943831
1524.945
0.00016943831
0.00016943831
0.00016943831
0.00016943831
169.43849
0.00016943831
0.00016943831
0.00016943831
0.00016943831
0.00016943831
0.00016943831
0.00016943831
0.00016943831
0.00016943831
0.00016943831
0.00016943831
0.00016943831
0.00016943831
0.00016943831
0.00016943831
0.00016943831
0.00016943831
0.00016943831
0.00016943831
0.00016943831
169.43849
0.00016943831
0.00016943831
0.00016943831
0.00016943831
0.00016943831
0.00016943831
0.00016943831
0.00016943831
0.00016943831
0.00016943831
0.00016943831
0.00016943831
0.00016943831
0.00016943831
0.00016943831
0.00016943831
0.00016943831
0.00016943831
0.00016943831
0.00016943831
0.00016943831
0.00016943831
0.00016943831
0.00016943831
0.00016943831
0.00016943831
0.00016943831
0.00016943831
0.00016943831
0.00016943831
0.00016943831
1524.945
0.00016943831
0.00016943831
0.00016943831
0.00016943831
0.00016943831
0.00016943831
0.00016943831
0.00016943831
0.00016943831
0.00016943831
1524.945
0.00016943831
0.00016943831
0.00016943831
0.00016943831
0.00016943831
0.00016943831
0.00016943831
0.00016943831
0.00016943831
0.00016943831
0.00016943831
1524.945
0.00016943831
0.00016943831
0.00016943831
0.00016943831
0.00016943831
169.43849
1524.945
0.00016943831
0.00016943831
0.00016943831
0.00016943831
0.00016943831
0.00016943831
1524.945
0.00016943831
0.00016943831
0.00016943831
0.00016943831
0.00016943831
0.00016943831
0.00016943831
0.00016943831
0.00016943831
0.00016943831
0.00016943831
0.00016943831
0.00016943831
0.00016943831
677.7534
0.00016943831
0.00016943831
0.00016943831
1524.945
68.85786
0.00016943831
0.00016943831
0.00016943831
0.00016943831
0.00016943831
19.557137
0.00016943831
0.00016943831
1524.945
0.00016943831
0.00016943831
0.00016943831
0.00016943831
169.43849
0.00016943831
0.00016943831
0.00016943831
0.00016943831
0.00016943831
0.00016943831
0.00016943831
0.00016943831
0.00016943831
0.00016943831
0.00016943831
1524.945
0.00016943831
0.00016943831
0.00016943831
0.00016943831
0.00016943831
0.00016943831
0.00016943831
0.00016943831
0.00016943831
0.00016943831
1524.945
0.00016943831
0.00016943831
0.00016943831
0.00016943831
0.00016943831
0.00016943831
0.00016943831
0.00016943831
0.00016943831
0.00016943831
51.82874
169.43849
0.00016943831
0.00016943831
0.00016943831
0.00016943831
0.00016943831
0.00016943831
0.00016943831
0.00016943831
0.00016943831
0.00016943831
0.00016943831
0.00016943831
0.00016943831
0.00016943831
0.00016943831
0.00016943831
0.00016943831
0.00016943831
0.00016943831
0.00016943831
0.00016943831
0.00016943831
1524.945
0.00016943831
0.00016943831
0.00016943831
0.00016943831
0.00016943831
0.00016943831
0.00016943831
677.7534
0.00016943831
169.43849
0.00016943831
0.00016943831
0.00016943831
0.00016943831
0.00016943831
1524.945
0.00016943831
0.00016943831
0.00016943831
1524.945
0.00016943831
0.00016943831
0.00016943831
0.00016943831
0.00016943831
0.00016943831
0.00016943831
0.00016943831
0.00016943831
169.43849
0.00016943831
169.43849
0.00016943831
0.00016943831
0.00016943831
0.00016943831
0.00016943831
0.00016943831
0.00016943831
0.00016943831
0.00016943831
0.00033887662
0.00016943831
0.00016943831
0.00016943831
0.00016943831
1524.945
0.00016943831
0.00016943831
0.00016943831
0.00016943831
0.00016943831
0.00016943831
0.00016943831
0.00016943831
0.00016943831
169.43849
0.00016943831
0.00016943831
0.00016943831
169.43849
0.00016943831
0.00016943831
0.00016943831
0.00016943831
0.00016943831
0.00016943831
0.00016943831
0.00016943831
0.00016943831
0.00016943831
0.00016943831
1524.945
0.00016943831
0.00016943831
0.00016943831
0.00016943831
0.00016943831
0.00016943831
0.00016943831
0.00016943831
0.00016943831
0.00016943831
0.00016943831
0.00016943831
0.00016943831
0.00016943831
1524.945
0.00016943831
0.00016943831
0.00016943831
0.00016943831
0.00016943831
0.00016943831
0.00016943831
0.00016943831
0.00016943831
0.00016943831
0.00016943831
1524.945
0.00016943831
0.00016943831
0.00016943831
0.00016943831
1524.945
0.00016943831
0.00016943831
1524.945
1524.945
0.00016943831
0.00016943831
0.00016943831
1524.945
0.00016943831
0.00016943831
0.00016943831
0.00016943831
0.00016943831
0.00016943831
0.00016943831
0.00016943831
0.00016943831
0.00016943831
0.00016943831
112.53632
0.00016943831
0.00016943831
0.00016943831
0.00016943831
0.00016943831
0.00016943831
1524.945
0.00016943831
0.00016943831
0.00016943831
1524.945
0.00016943831
0.00016943831
0.00016943831
0.00016943831
0.00016943831
0.00016943831
0.00016943831
0.00016943831
1524.945
0.00016943831
0.00016943831
0.00016943831
1524.945
0.00016943831
0.00016943831
0.00016943831
0.00016943831
0.00016943831
0.00016943831
0.00016943831
0.00016943831
0.00016943831
0.00016943831
0.00016943831
0.00016943831
0.00016943831
0.00016943831
0.00016943831
0.00016943831
0.00016943831
0.00016943831
0.00016943831
0.00016943831
0.00016943831
1524.945
0.00016943831
0.00016943831
0.00016943831
0.00016943831
0.00016943831
0.00016943831
0.00016943831
0.00016943831
0.00016943831
0.00016943831
0.00016943831
0.00016943831
0.00016943831
0.00016943831
169.43849
0.00016943831
0.00016943831
0.00016943831
0.00016943831
0.00016943831
0.00016943831
0.00016943831
0.00016943831
0.00016943831
1524.945
0.00016943831
0.00016943831
0.00016943831
0.00016943831
0.00016943831
0.00016943831
0.00016943831
0.00016943831
0.00016943831
0.00016943831
0.00016943831
0.00016943831
0.00016943831
1524.945
0.00016943831
0.00016943831
0.00016943831
0.00016943831
0.00016943831
0.00016943831
0.00016943831
0.00016943831
0.00016943831
0.00016943831
0.00016943831
0.00016943831
0.00016943831
0.00016943831
0.00016943831
0.00016943831
0.00016943831
0.00016943831
0.00016943831
0.00016943831
0.00016943831
0.00016943831
0.00016943831
1524.945
0.00016943831
1524.945
0.00016943831
0.00016943831
0.00016943831
0.00016943831
0.00016943831
0.00016943831
0.00016943831
0.00016943831
0.00016943831
0.00016943831
0.00016943831
0.00016943831
0.00016943831
0.00016943831
1524.945
0.00016943831
0.00016943831
0.00016943831
0.00016943831
0.00016943831
169.43849
0.00016943831
0.00016943831
0.00016943831
0.00016943831
0.00016943831
0.00016943831
0.00016943831
0.00016943831
0.00016943831
1524.945
169.43849
0.00016943831
1524.945
0.00016943831
0.00016943831
0.00016943831
0.00016943831
0.00016943831
0.00016943831
0.00016943831
0.00016943831
0.00016943831
0.00016943831
0.00016943831
0.00016943831
0.00016943831
0.00016943831
0.00016943831
0.00016943831
169.49466
0.00016943831
0.00016943831
0.00016943831
0.00016943831
0.00016943831
0.00016943831
0.00016943831
0.00016943831
0.00016943831
0.00016943831
0.00016943831
0.00016943831
0.00016943831
0.00016943831
0.00016943831
0.00016943831
0.00016943831
0.00016943831
0.00016943831
0.00016943831
0.00016943831
0.00016943831
0.00016943831
1524.945
0.00016943831
0.00016943831
0.00016943831
0.00016943831
0.00016943831
0.00016943831
0.00016943831
0.00016943831
0.00016943831
0.00016943831
0.00016943831
0.00016943831
0.00016943831
0.00016943831
0.00016943831
0.00016943831
0.00016943831
0.00016943831
0.00016943831
0.00016943831
0.00016943831
0.00016943831
0.00016943831
0.00016943831
0.00016943831
0.00016943831
1524.945
0.00016943831
0.00016943831
0.00016943831
0.00016943831
0.00016943831
0.00016943831
0.00016943831
0.00016943831
1524.945
0.00016943831
0.00016943831
0.00016943831
0.00016943831
0.00016943831
0.00016943831
0.00016943831
0.00016943831
0.00016943831
0.00016943831
0.00016943831
0.00016943831
0.00016943831
0.00016943831
0.00016943831
0.00016943831
0.00016943831
0.00016943831
0.00016943831
0.00016943831
0.00016943831
0.00016943831
0.00016943831
1524.945
0.00016943831
0.00016943831
0.00016943831
0.00016943831
0.00016943831
0.00016943831
0.00016943831
169.43849
169.43849
0.00016943831
0.00016943831
0.00016943831
0.00016943831
0.00016943831
0.00016943831
0.00016943831
0.00016943831
0.00016943831
0.00016943831
0.00016943831
0.00016943831
0.00016943831
0.00016943831
0.00016943831
0.00016943831
0.00016943831
0.00016943831
0.00016943831
0.00016943831
0.00016943831
0.00016943831
0.00016943831
0.00016943831
1524.945
0.00016943831
0.00016943831
0.00016943831
0.00016943831
0.00016943831
0.00016943831
0.00016943831
0.00016943831
0.00016943831
0.00016943831
0.00016943831
1524.945
0.00016943831
0.00016943831
0.00016943831
0.00016943831
0.00016943831
0.00016943831
0.00016943831
0.00016943831
0.00016943831
0.00016943831
0.00016943831
0.00016943831
0.00016943831
0.00016943831
0.00016943831
0.00016943831
0.00016943831
0.00016943831
0.00016943831
0.00016943831
0.00016943831
0.00016943831
0.00016943831
0.00016943831
0.00016943831
0.00016943831
0.00016943831
0.00016943831
0.00016943831
0.00016943831
0.00016943831
0.00016943831
0.00016943831
0.00016943831
0.00016943831
0.00016943831
0.00016943831
0.00016943831
0.00016943831
0.00016943831
0.00016943831
0.00016943831
0.00016943831
0.00016943831
0.00016943831
0.00016943831
0.00016943831
0.00033887662
0.00016943831
0.00016943831
0.00016943831
0.00016943831
0.00016943831
169.43849
0.00016943831
0.00016943831
0.00016943831
0.00016943831
0.00016943831
169.43849
169.43831
0.00016943831
0.00016943831
0.00016943831
0.00016943831
0.00016943831
0.00016943831
0.00016943831
0.00016943831
0.00016943831
0.00016943831
0.00016943831
1271.3158
0.00016943831
0.00016943831
0.00016943831
0.00016943831
0.00016943831
0.00016943831
0.00016943831
1524.945
1524.945
0.00016943831
0.00016943831
0.00016943831
0.00016943831
0.00016943831
574.21564
0.00016943831
0.00016943831
0.00016943831
0.00016943831
0.00016943831
1524.945
0.00016943831
0.00016943831
0.00016943831
0.00016943831
0.00016943831
0.00016943831
169.43849
0.00016943831
0.00016943831
0.00016943831
0.00016943831
0.00016943831
0.00016943831
0.00016943831
0.00016943831
0.00016943831
0.00016943831
0.00016943831
0.00016943831
0.00016943831
0.00016943831
0.00016943831
0.00016943831
0.00016943831
0.00016943831
0.00016943831
0.00016943831
0.00016943831
0.00016943831
0.00016943831
0.00016943831
1524.945
0.00016943831
0.00016943831
0.00016943831
0.00016943831
0.00016943831
0.00016943831
0.00016943831
0.00016943831
0.00016943831
0.00016943831
0.00016943831
0.00016943831
0.00016943831
0.00016943831
0.00016943831
0.00016943831
0.00016943831
0.00016943831
0.00016943831
0.00016943831
0.00016943831
0.00016943831
0.00016943831
0.00016943831
0.00016943831
0.00016943831
0.00016943831
0.00016943831
0.00016943831
0.00016943831
0.00016943831
0.00016943831
0.00016943831
0.00016943831
0.00016943831
0.00016943831
0.00016943831
0.00016943831
0.00016943831
0.00016943831
0.00016943831
0.00016943831
0.00016943831
0.00016943831
0.00016943831
0.00016943831
0.00016943831
0.00016943831
0.00016943831
0.00016943831
0.00016943831
0.00016943831
0.00016943831
0.00016943831
0.00016943831
0.00016943831
0.00016943831
0.00016943831
0.00016943831
0.00016943831
677.7534
0.00016943831
0.00016943831
0.00016943831
0.00016943831
0.00016943831
0.00016943831
0.00016943831
0.00016943831
0.00016943831
0.00016943831
169.43849
0.00016943831
0.00016943831
0.00016943831
0.00016943831
0.00016943831
0.00016943831
0.00016943831
0.00016943831
0.00016943831
64423.64
0.00016943831
0.00016943831
0.00016943831
1524.945
0.00016943831
1524.945
0.00016943831
0.00016943831
169.43849
0.00016943831
1524.945
0.00016943831
0.00016943831
0.00016943831
0.00016943831
0.00016943831
0.00016943831
0.00016943831
0.00016943831
0.00016943831
0.00016943831
0.00016943831
0.00016943831
0.00016943831
0.00016943831
0.00016943831
0.00016943831
0.00016943831
0.00016943831
0.00033887662
0.00016943831
0.00016943831
0.00016943831
0.00016943831
0.00016943831
0.00016943831
0.00016943831
169.43849
0.00016943831
0.00016943831
0.00016943831
0.00016943831
1524.945
0.00016943831
0.00016943831
0.00016943831
0.00016943831
2711.0132
0.00016943831
0.00016943831
0.00016943831
0.00016943831
1524.945
245.35995
0.00016943831
0.00016943831
0.00016943831
0.00016943831
0.00016943831
0.00016943831
0.00016943831
0.00016943831
0.00016943831
0.00016943831
0.00016943831
1524.945
1524.945
14.975576
0.00016943831
0.00016943831
0.00016943831
0.00016943831
0.00016943831
0.00016943831
0.00016943831
0.00016943831
0.00016943831
0.00016943831
0.00016943831
0.00016943831
0.00016943831
0.00016943831
0.00016943831
0.00016943831
0.00016943831
0.00016943831
0.00016943831
0.00016943831
0.00016943831
0.00016943831
0.00016943831
0.00016943831
0.00016943831
0.00016943831
0.00016943831
0.00016943831
0.00016943831
0.00016943831
0.00016943831
0.00016943831
0.00016943831
1.172342
0.7433923
1.1126916
0.7558426
0.44554397
0.91762424
0.6118713
0.66694033
1.2362067
1.050247
1.7929387
0.5017479
4.9729185
1.4824079
1.0317878
0.80243486
0.16681719
3.9702582
0.7765318
0.75044185
2.084109
0.9454019
0.7528843
0.07291362
1.610732
0.0016767352
1.2267653
0.43385163
1.5587838
0.50079507
0.017982407
1.5532486
0.60826814
0.18755433
1.2508165
7.774108
3.0533936
1.6441991
1.3176142
0.8199662
0.11733956
0.23417284
1.0303777
1.402016
4.2786374e-09
0.19862835
1.5967207
0.8456884
4.152493e-09
1.7031624
1.1723328
0.8386129
0.1511694
3.5267448
0.1524945
1.3758358
0.38231605
0.8884225
0.11026546
0.38882065
3.1126165
4.793977e-09
8.275961
0.48976272
0.42169225
5.354187
0.08100593
0.1905942
1.7443322
1.8779298
0.5862918
8.384541
0.9971613
0.4508631
0.43265447
1.4888144
0.8058898
0.2229224
0.38882905
0.49805865
1.5037535
0.19731298
0.43632483
0.86448133
3.840813
2.4194944
0.109984726
0.062283527
7.1444735e-09
1.3588282
2.151171
0.7105273
0.019406963
1.3907936
2.6814282
5.6936555
0.6135864
1.4945244
0.9160809
1.176655e-08
2.9178355
46.599133
2.3235018
4.135032
1.1482421
1.3025182
0.15448594
0.1618099
1.2685543
0.095609106
0.17631462
0.09691045
1.0025936
0.22405072
1.0505197e-08
5.5007977
0.27751452
0.42031014
0.13589889
0.9821585
1.0477482
0.9377196
0.2802049
0.6996582
6.6611824
1.1965138e-08
0.6926284
0.20869955
0.48208487
1.40031675e-08
1.8385235e-08
7.8259654
1.35075195e-08
4.087384
1.7256155
1.4799399e-08
4.344528
1.9150699
0.24467751
0.609978
4.407865e-08
2.6474738
3.4728818
0.14098975
2.4664326
1.821275
0.016475271
15.045512
0.412101
0.8823975
1.877433
0.0740984
3.2989616
2.204572
0.88168794
0.297469
4.662022
0.46935827
179.25882
0.16546713
2.071062
0.779703
1.7326733
0.18826483
1.7326733
1.0249972
2.2909456e-08
1.8348383
0.80643237
2.1167338e-08
1.2634327
0.26401404
0.086559065
2.7086854
0.08857003
0.5727364
0.21570592
2.6636505
0.5802724
1.2814468
1.1745152
0.25387275
0.8644813
2.5199038e-08
7.234401
0.24434306
0.46350992
0.9661466
0.44050577
2.376126
0.24144965
2.0918312
0.13831703
0.032773875
2.9334888e-08
0.83120984
1.6817106
0.25064844
2.2890098
0.11772389
1.5544462
0.030122401
3.0941987e-08
0.49673146
0.48195794
1.0198797
24.927687
3.2684863e-08
0.29321602
0.034579284
5.5237417
0.7052585
4.0103745
3.8108227
0.32029933
0.037745267
3.5588812e-08
3.6643236
0.8058899
3.6643236e-08
1.1019663
4.5535696e-08
0.33970708
5.956816
4.0103746e-08
0.71831876
4.0103746e-08
4.70662e-08
0.6942444
1.6406224
2.0715423
4.269043e-08
0.047921997
4.5535696e-08
0.1854545
1.6943833
0.75841266
3.192033
4.079817
1.8132521
4.70662e-08
0.1947008
1.0025938
4.8675187e-08
0.19027577
0.21612038
0.5251189
5.036811e-08
3.457925
0.22004981
0.21294965
5.2150916e-08
0.25598142
0.20860372
6.0319806e-08
1.3037729
87.10179
0.13853265
5.810642e-08
0.26057422
0.060430743
10.425077
117.667694
0.6370882
2.0132236
1.0025938
0.26057422
6.077441
0.9575131
0.2506485
1.035709
0.598257
6.26621e-08
0.0651436
0.27674937
3.3209913
1.5368557
0.609978
1.9643614
2.6474738
0.27110142
1.1291184
4.28847
5.601267
6.212994
0.41438428
9.163782e-08
8.007482e-08
5.355088
7.6703635e-08
1.6127386
0.3346931
0.073681585
8.367325e-08
1.0079615e-07
3.912688
0.08785699
8.96036e-08
0.9530907
1.5368557
1.1733955e-07
10.709381
0.42359596
0.11139941
9.163782e-08
9.163782e-08
2.006401
0.11139941
9.605347e-08
32.65795
9.605347e-08
1.6204584
1.0079615e-07
7.6239467
1.0079615e-07
1.7823889
0.10079626
1.0079615e-07
6.450954
1.05898955e-07
0.10868588
1.08685775e-07
1.11399295e-07
1.14582136e-07
2.1612031e-07
1.05898955e-07
1.05898955e-07
0.11139941
0.47344708
1.11399295e-07
0.53293055
4.0103745
1.6374545
0.44559732
5.512988
4.5948853
1.9802874
1.9281745
2.15522
0.55326813
1.2376795e-07
101.86587
0.12776059
0.46935838
0.017702818
0.58629197
2.213072
1.2376795e-07
9.224976
1.2740819e-07
2.213072
1.9802874
1.1766552
6.7775326
10.025204
4.590666
1.3831699e-07
0.13073958
1.3073945e-07
7.6239467
1.3073945e-07
0.55326813
0.13073958
0.1465731
1.4657294e-07
1.1766553
6.7775326
1.3831699e-07
0.15559092
1.4657294e-07
1.5559075e-07
8.107888
1.882648e-07
0.15602943
38.018017
1.6546711e-07
1.5559075e-07
1.763146e-07
1.2299898
0.053665183
0.18826501
1.6546711e-07
2.1157758
53.13586
3.3093423e-07
5.5818186
0.7313793
2.1612031e-07
2.1612031e-07
1.344749
0.18219194
0.17631479
3.0122373
0.17631479
2.255836
0.8644815
1.882648e-07
1.882648e-07
1.6943834
1.882648e-07
0.75305945
0.83573776
0.20866808
0.75305945
2.7110133e-07
3.2029928e-07
2.0147245e-07
1.8888046
0.80589
9.872149
3.857608
0.8644815
0.80589
2.506484e-07
1.945083
2.1612031e-07
2.1612031e-07
2.3242568e-07
2.506484e-07
7.780331
1.1766553
0.929703
1.002594
1.2811975
2.3242568e-07
8.367326
2.3242568e-07
8.367325
2.0918314
2.3242568e-07
2.882694
18.82648
2.7110133e-07
0.25064868
2.506484e-07
4.010375
5.5674796
2.255836
1.4003171
2.506484e-07
2.506484e-07
0.25231847
0.7384698
0.29416406
0.46935874
0.27110162
0.27110162
2.7110133e-07
2.7110133e-07
2.506484e-07
0.3081719
2.506484e-07
1.1783131
3.2029928e-07
2.7110133e-07
2.7110133e-07
2.7110133e-07
2.7110133e-07
0.27110162
1.0566003
12.788276
15.694665
0.3842143
0.27110162
0.29416406
1.1766553
1.1766553
3.2029928e-07
2.9416375e-07
11.530774
2.9416375e-07
2.9416375e-07
2.9416375e-07
95.30905
4.2359582e-07
1.1766553
2.9416375e-07
2.9416375e-07
3.2029928e-07
3.2029928e-07
1.1766553
2.9416375e-07
2.9416375e-07
0.29416406
8.2733555e-07
2.9416375e-07
3.5299659
2.9416375e-07
7.3540936
0.42359626
0.86448216
1.4003171
5.124789
6.6186846e-07
0.35007954
3.150713
24.190504
5.6012673
1.9650705
15.694665
3.5007918e-07
3.8421388e-07
3.5007918e-07
3.2029928e-07
2.659957
3.4579253
3.150713
3.5007918e-07
3.2029928e-07
0.3842143
0.3842143
6.6186846e-07
1.0502375e-06
3.5007918e-07
1.8774335
0.42359626
6.147423
14.111536
1.4003171
3.6674962e-07
11.733956
1.4003171
3.5007918e-07
3.4579253
0.3842143
24.58969
19.96341
5.229578e-07
1.8774335
6.147423
0.42359626
4.4712894e-07
18.82648
3.8421388e-07
3.8421388e-07
4.2359582e-07
3.8421388e-07
0.42359626
9.38067
286.35077
0.46935874
4.693582e-07
0.42359626
2.5015123
7.5097327
1.6943839
4.2359582e-07
4.2359582e-07
0.42359626
0.42359626
4.2359577e-05
6.2293503e-07
11.733956
4.2359582e-07
5.862918e-07
7.530592e-07
4.693582e-07
4.693582e-07
1.0459156e-06
4.010376
5.229578e-07
4.693582e-07
4.693582e-07
2.0918317
0.52295834
0.52295834
0.46935874
1.8774335
0.5537206
4.693582e-07
1.9817353
5.2766266
5.229578e-07
0.46935874
2.0918317
5.862918e-07
0.49696806
5.229578e-07
5.229578e-07
0.79113847
0.5537206
5.862918e-07
1.0025936e-06
5.862918e-07
5.229578e-07
0.52295834
5.229578e-07
6.6186846e-07
5.229578e-07
5.229578e-07
5.229578e-07
6.313912e-07
5.862918e-07
0.86448216
4.526752
0.5862924
5.862918e-07
6.7775335
0.5862924
5.862918e-07
3.0122378
5.862918e-07
6.2293503e-07
3.457926
5.9568167
7.530592e-07
6.6186846e-07
7.530592e-07
5.862918e-07
5.862918e-07
5.862918e-07
5.862918e-07
6.6186846e-07
2.8680973
10.589896
2.6474748
6.6186846e-07
6.6186846e-07
6.6186846e-07
2.6474748
3.457925e-06
0.66186917
6.6186846e-07
32.431553
0.93098086
2.6474748
6.6186846e-07
7.530592e-07
7.780332
6.6186846e-07
0.66186917
5.9568167
0.7059938
6.6186846e-07
0.66186917
6.6186846e-07
6.6186846e-07
5.9568167
12.048949
7.530592e-07
0.75306004
7.530592e-07
8.6448125e-07
1.0025936e-06
11.602691
8.1581413e-07
1.0025936e-06
7.530592e-07
7.530592e-07
7.530592e-07
7.530592e-07
4.010376
0.75306004
7.530592e-07
1524.945
3.0122378
0.88997996
3.0122378
7.530592e-07
8.428693
1.0025936e-06
7.530592e-07
7.780332
0.86448216
7.530592e-07
7.530592e-07
2.6474738e-06
7.530592e-07
7.530592e-07
7.530592e-07
4.706621
8.6448125e-07
0.86448216
7.780332
8.6448125e-07
64.16599
8.6448125e-07
8.6448125e-07
1.0025936e-06
8.6448125e-07
8.6448125e-07
8.6448125e-07
142.37526
1.0025947
8.6448125e-07
8.6448125e-07
1.0937385e-06
0.86448216
3.457926
0.86448216
1.0025947
8.6448125e-07
1.176655e-06
8.6448125e-07
49.12709
3.457926
8.6448125e-07
8.6448125e-07
8.6448125e-07
1.0025936e-06
1.0025947
1.0025936e-06
1.0025936e-06
1.0025947
9.023344
1.176655e-06
1.0025936e-06
4.010376
1.0025936e-06
1.0025947
4.2359577e-05
2.0918312e-06
1.0025936e-06
1.0025936e-06
1.0025936e-06
4.706621
1.0025936e-06
16.0415
3.4579287
1.0025947
1.0025936e-06
18.826483
1.0025936e-06
3.4264352
1.0025936e-06
1.0025947
1.0025936e-06
1.4003167e-06
1.176655e-06
1.4003167e-06
1.176655e-06
1.176655e-06
1.176655e-06
1.176655e-06
1.176655e-06
1.2836235e-06
1.176655e-06
1.176655e-06
1.176655e-06
1.176655e-06
1.1766562
1.176655e-06
4.706621
1.176655e-06
1.4003167e-06
1.176655e-06
4.706621
1.4003167e-06
1.4003167e-06
5.6012683
1.6943833e-06
1.4003167e-06
1.4003167e-06
1.4003167e-06
4.70662e-06
1.5403484e-06
1.4003167e-06
1.694385
1.3419715
1.4003181
1.4003167e-06
6.223632
1.4003167e-06
1.4003167e-06
1.4003167e-06
1.6943833e-06
3.0887195e-06
2.6474738e-06
1.4003167e-06
12.18104
2.0918312e-06
1.6943833e-06
5.6012683
1.4003167e-06
1.6943833e-06
2.0918312e-06
1.4003167e-06
1.4003167e-06
5.6012683
1.4003167e-06
2.0918334
1.4003167e-06
1.6943833e-06
1.4003167e-06
1.4003167e-06
1.4003167e-06
1.4003167e-06
1.4003181
1.4003181
1.4003167e-06
1.4003181
1.4003167e-06
1.694385
1.6943833e-06
1.6943833e-06
1.6943833e-06
2.0918312e-06
1.6943833e-06
1.6943833e-06
1.6943833e-06
1.6943833e-06
1.694385
2.6474738e-06
1.694385
1.6943833e-06
1.6943833e-06
1.6943833e-06
1.694385
1.6943833e-06
2.0918312e-06
1.6943833e-06
1.6943833e-06
1.6943833e-06
2.0918312e-06
1.6943833e-06
1.6943833e-06
1.6943833e-06
2.0918312e-06
1.6943833e-06
1.9061832
2.0918334
1.6943833e-06
1.6943833e-06
1.694385
2.0918312e-06
1.6943833e-06
1.6943833e-06
1.694385
1.6943833e-06
1.9767806e-06
1.6943833e-06
1.6943833e-06
2.0918312e-06
1.6943833e-06
2.0918334
1.6943833e-06
1.6943833e-06
1.6943833e-06
1.6943833e-06
1.694385
1.6943833e-06
1.6943833e-06
27.110136
1.6943833e-06
2.0918312e-06
2.0918312e-06
4.70662e-06
2.0918312e-06
2.0918312e-06
2.0918312e-06
2.0918312e-06
2.0918312e-06
2.0918334
8.367327
2.6474738e-06
2.0918312e-06
2.6474767
2.0918334
2.0918312e-06
2.0918312e-06
2.0918312e-06
13.831704
2.6474738e-06
1524.945
2.0918312e-06
2.0918312e-06
4.2245502
2.0918334
2.0918312e-06
3.457925e-06
2.0918312e-06
2.0918334
2.6474738e-06
2.0918312e-06
2.0918312e-06
2.0918312e-06
3.1377467e-06
2.0918334
6.777533e-06
2.0918312e-06
2.0918312e-06
2.0918312e-06
2.6474767
2.3533098e-06
2.0918334
2.6474738e-06
52.29578
2.0918312e-06
2.0918312e-06
2.4404721
2.0918312e-06
3.457925e-06
2.0918312e-06
2.0918312e-06
2.0918334
2.0918312e-06
2.0918312e-06
2.0918334
2.3906641e-06
3.4579287
2.0918312e-06
2.0918312e-06
2.0918312e-06
1.0589895e-05
2.0918312e-06
2.0918312e-06
2.4404721
2.0918312e-06
2.0918334
2.0918312e-06
2.6474738e-06
38.643833
2.6474738e-06
2.6474767
2.6474738e-06
3.457925e-06
2.6474738e-06
2.6474738e-06
4.70662e-06
10.589899
2.6474738e-06
2.6474738e-06
2.6474738e-06
3.0256845e-06
2.6474738e-06
2.6474738e-06
1.882648e-05
2.6474767
2.6474738e-06
4.0342456e-06
2.6474738e-06
2.6474767
2.6474738e-06
2.6474738e-06
10.589899
2.6474738e-06
10.589899
2.6474738e-06
2.6474767
2.6474738e-06
2.6474767
3.4579287
3.457925e-06
2.6474738e-06
2.6474738e-06
3.457925e-06
3.971211e-06
0.94806385
2.6474738e-06
2.6474738e-06
2.6474738e-06
2.6474738e-06
2.6474767
2.6474738e-06
4.0342456e-06
3.364323
4.70662e-06
2.6474767
2.6474738e-06
2.6474767
2.6474738e-06
2.6474738e-06
4.70662e-06
10.589907
2.6474738e-06
2.6474738e-06
2.6474738e-06
2.6474738e-06
2.6474738e-06
2.6474738e-06
2.6474738e-06
2.6474738e-06
2.6474738e-06
10.589899
3.457925e-06
3.457925e-06
3.4579287
3.457925e-06
4.706625
3.457925e-06
3.4579287
3.457925e-06
3.457925e-06
3.457925e-06
18.8265
4.70662e-06
2.0994833
3.457925e-06
3.457925e-06
3.457925e-06
3.457925e-06
3.4579282
3.457925e-06
3.457925e-06
13.831704
3.457925e-06
3.457925e-06
6.77754
3.457925e-06
3.457925e-06
3.457925e-06
3.4579287
3.457925e-06
13.831704
13.831704
6.777533e-06
3.457925e-06
3.4579287
4.70662e-06
3.457925e-06
3.457925e-06
3.457925e-06
1.0589895e-05
4.0342456e-06
13.831704
4.70662e-06
3.457925e-06
3.457925e-06
3.457925e-06
3.457925e-06
3.457925e-06
55.326805
3.457925e-06
3.457925e-06
3.457925e-06
169.43834
3.457925e-06
3.4579287
3.457925e-06
3.457925e-06
4.70662e-06
3.457925e-06
3.457925e-06
3.457925e-06
3.457925e-06
3.457925e-06
4.70662e-06
3.457925e-06
169.43832
3.457925e-06
3.457925e-06
13.831704
3.457925e-06
2.7492335
3.457925e-06
3.457925e-06
3.457925e-06
3.457925e-06
1.0589895e-05
3.457925e-06
3.457925e-06
4.70662e-06
4.70662e-06
4.70662e-06
4.706625
4.70662e-06
4.706625
6.777533e-06
4.70662e-06
4.70662e-06
4.70662e-06
4.70662e-06
18.826485
1.0589895e-05
6.777533e-06
4.70662e-06
4.70662e-06
4.70662e-06
4.706625
4.70662e-06
5.6479444e-06
6.777533e-06
4.70662e-06
6.77754
4.70662e-06
4.70662e-06
4.70662e-06
4.70662e-06
4.70662e-06
4.70662e-06
4.70662e-06
4.70662e-06
6.777533e-06
4.70662e-06
10.589907
5.8832748e-06
4.70662e-06
4.70662e-06
6.777533e-06
4.70662e-06
5.8832748e-06
1.882648e-05
4.70662e-06
4.706625
4.706625
4.70662e-06
4.70662e-06
4.70662e-06
4.70662e-06
4.70662e-06
4.70662e-06
4.70662e-06
4.70662e-06
4.706625
4.70662e-06
4.70662e-06
4.70662e-06
4.70662e-06
4.70662e-06
5.6479444e-06
4.70662e-06
4.70662e-06
4.706625
4.70662e-06
4.70662e-06
4.70662e-06
4.70662e-06
18.826485
6.77754
4.70662e-06
301.2237
6.777533e-06
4.70662e-06
4.70662e-06
1.882648e-05
18.8265
4.70662e-06
4.70662e-06
4.70662e-06
4.70662e-06
4.706625
1.0589895e-05
4.70662e-06
1.0589895e-05
4.70662e-06
4.70662e-06
4.70662e-06
4.70662e-06
6.777533e-06
6.777533e-06
1.0589895e-05
1.0589895e-05
6.777533e-06
27.110142
1.0589895e-05
6.777533e-06
6.777533e-06
6.777533e-06
6.777533e-06
6.777533e-06
6.777533e-06
6.777533e-06
6.777533e-06
6.777533e-06
6.777533e-06
6.777533e-06
6.777533e-06
6.777533e-06
6.777533e-06
6.77754
6.777533e-06
29.864447
6.77754
6.777533e-06
6.777533e-06
6.77754
6.777533e-06
6.777533e-06
6.777533e-06
6.77754
6.777533e-06
6.777533e-06
6.777533e-06
6.777533e-06
5.6555953
6.777533e-06
6.777533e-06
6.777533e-06
6.777533e-06
1.9933984
1524.945
60.9978
9.036711e-06
6.777533e-06
6.777533e-06
1.0589895e-05
6.777533e-06
6.777533e-06
6.777533e-06
6.777533e-06
6.777533e-06
6.777533e-06
6.777533e-06
6.777533e-06
6.777533e-06
6.77754
6.777533e-06
6.777533e-06
1.882648e-05
1.882648e-05
6.777533e-06
6.777533e-06
6.777533e-06
6.777533e-06
6.777533e-06
6.777533e-06
6.777533e-06
27.110142
6.77754
6.777533e-06
6.777533e-06
6.777533e-06
1524.945
6.777533e-06
6.77754
6.777533e-06
6.777533e-06
6.77754
6.77754
1524.945
6.777533e-06
6.777533e-06
332.09912
6.77754
6.777533e-06
1524.945
6.777533e-06
42.359596
6.7775335
6.777533e-06
6.777533e-06
6.77754
6.777533e-06
6.777533e-06
6.1737776
6.77754
6.777533e-06
1.4996934
6.777533e-06
6.77754
6.777533e-06
6.777533e-06
6.777533e-06
1.0589895e-05
6.777533e-06
4.42423
6.777533e-06
6.777533e-06
6.777533e-06
60.997807
6.77754
6.777533e-06
6.777533e-06
6.777533e-06
6.777533e-06
6.777533e-06
6.777533e-06
6.777533e-06
6.777533e-06
1.0589895e-05
6.777533e-06
6.777533e-06
6.777533e-06
6.777533e-06
1.0589895e-05
1.4119862e-05
1.0589895e-05
1.0589895e-05
1.0589895e-05
10.589907
1.0589895e-05
1.0589895e-05
1.0589895e-05
1.0589895e-05
1.0589895e-05
1.0589895e-05
1.0589895e-05
1.882648e-05
1.0589895e-05
1.0589895e-05
1.0589895e-05
1.0589895e-05
1.0589895e-05
1.0589895e-05
1.0589895e-05
1.0589895e-05
1.0589895e-05
1.0589895e-05
1524.945
1.0589895e-05
1.0589895e-05
1.0589895e-05
95.30907
169.43837
0.00016943831
1.0589895e-05
1.0589895e-05
1.0589895e-05
1.0589895e-05
1.0589895e-05
10.589907
1.0589895e-05
1.0589895e-05
10.589907
1.0589895e-05
1.882648e-05
1.0589895e-05
1.0589895e-05
1.0589895e-05
1.0589895e-05
1.0589895e-05
10.589907
10.589906
1.0589895e-05
1.0589895e-05
0.00016943831
10.589907
1.0589895e-05
1.0589895e-05
1.0589895e-05
1.0589895e-05
1.0589895e-05
1.0589895e-05
10.589907
1.0589895e-05
1.0589895e-05
1.0589895e-05
1.0589895e-05
42.359596
0.00016943831
1.0589895e-05
1.882648e-05
100.53237
1.5884843e-05
1.0589895e-05
1.0589895e-05
1.0589895e-05
1.0589895e-05
1.0589895e-05
1.0589895e-05
1.0589895e-05
1.0589895e-05
1.0589895e-05
1.0589895e-05
1.0589895e-05
1.0589895e-05
1.0589895e-05
1.0589895e-05
1.0589895e-05
1.0589895e-05
1.0589895e-05
1.882648e-05
1.0589895e-05
1.0589895e-05
1.0589895e-05
1.0589895e-05
1.0589895e-05
1.0589895e-05
1.0589895e-05
1.0589895e-05
0.00016943831
1.0589895e-05
1.0589895e-05
1.0589895e-05
1.0589895e-05
1.0589895e-05
1.0589895e-05
1.0589895e-05
1.0589895e-05
0.00016943831
1.882648e-05
1.882648e-05
1.0589895e-05
1.0589895e-05
1.0589895e-05
1.0589895e-05
1.882648e-05
1.0589895e-05
1.0589895e-05
1.0589895e-05
14.119875
1.0589895e-05
1.0589895e-05
1.0589895e-05
1.0589895e-05
1.0589895e-05
1.0589895e-05
1.0589895e-05
1.0589895e-05
1.0589895e-05
1.0589895e-05
1.882648e-05
1.0589895e-05
1.0589895e-05
1.0589895e-05
95.30907
1.0589895e-05
1.0589895e-05
1.0589895e-05
1.0589895e-05
1.0589895e-05
1.0589895e-05
1.0589895e-05
1.0589895e-05
1.0589895e-05
1.0589895e-05
1.0589895e-05
1.0589895e-05
1.0589895e-05
1.882648e-05
10.085625
1.882648e-05
1.0589895e-05
10.589907
1.0589895e-05
1.0589895e-05
1.0589895e-05
1.0589895e-05
3060.4797
1.0589895e-05
1.0589895e-05
42.359596
1.0589895e-05
1.0589895e-05
1.0589895e-05
1.0589895e-05
1.0589895e-05
1.0589895e-05
1.0589895e-05
1.882648e-05
1.0589895e-05
4.2359577e-05
1.882648e-05
10.589907
1.0589895e-05
1.0589895e-05
1.0589895e-05
1.0589895e-05
1.0589895e-05
1.0589895e-05
1.0589895e-05
1.0589895e-05
1524.945
10.589907
1.0589895e-05
10.589907
1.0589895e-05
1.0589895e-05
1.882648e-05
4.2359577e-05
1.0589895e-05
1.0589895e-05
1.0589895e-05
10.589907
1.882648e-05
1.0589895e-05
1.0589895e-05
1.0589895e-05
1.0589895e-05
18.8265
1.882648e-05
1.882648e-05
1.882648e-05
1.882648e-05
1.882648e-05
1.882648e-05
1.882648e-05
1.882648e-05
1.882648e-05
1.882648e-05
1.882648e-05
1.882648e-05
1.882648e-05
1.882648e-05
4.2359577e-05
4.2359577e-05
1.882648e-05
1.882648e-05
1.882648e-05
15.217428
71.54064
1.882648e-05
1.882648e-05
169.43834
1.882648e-05
1.882648e-05
4.2359577e-05
1.882648e-05
1.882648e-05
1.882648e-05
4.2359577e-05
1.882648e-05
0.00016943831
1.882648e-05
1.882648e-05
1.882648e-05
1.882648e-05
1.882648e-05
1.882648e-05
3.1776037
1.882648e-05
1.882648e-05
1.882648e-05
0.00016943831
1.882648e-05
18.8265
18.8265
1.882648e-05
1.882648e-05
18.8265
42.359623
1.882648e-05
1.882648e-05
1.882648e-05
1.882648e-05
1.882648e-05
1.882648e-05
1.882648e-05
1.882648e-05
1.882648e-05
1.882648e-05
1.882648e-05
1.882648e-05
4.2359577e-05
1.882648e-05
1.882648e-05
1.882648e-05
1.882648e-05
1.882648e-05
18.8265
1.882648e-05
1.882648e-05
4.2359577e-05
1.882648e-05
1.882648e-05
1.882648e-05
1.882648e-05
1.882648e-05
4.2359577e-05
1.882648e-05
1.882648e-05
29.317316
1.882648e-05
1.882648e-05
1.882648e-05
1.882648e-05
1.882648e-05
1.882648e-05
2.8239718e-05
1.882648e-05
1.882648e-05
1.882648e-05
1524.945
4.2359577e-05
1.882648e-05
1.882648e-05
1.882648e-05
1.882648e-05
1.882648e-05
1.882648e-05
1.882648e-05
1.882648e-05
1.882648e-05
1.882648e-05
1524.945
1.882648e-05
2.8239718e-05
8.4719155e-05
1.882648e-05
1.882648e-05
1.882648e-05
1524.945
1.882648e-05
169.43849
1.882648e-05
1.882648e-05
1.882648e-05
4.2359577e-05
1524.945
1.882648e-05
1.882648e-05
1.882648e-05
1.882648e-05
169.43849
1.882648e-05
1.882648e-05
1.882648e-05
1.882648e-05
1.882648e-05
1.882648e-05
1.882648e-05
1.882648e-05
1.882648e-05
1.882648e-05
1.882648e-05
18.8265
1.882648e-05
1.882648e-05
18.8265
1.882648e-05
1.882648e-05
1.882648e-05
1.882648e-05
1.882648e-05
1.882648e-05
1.882648e-05
18.8265
1.882648e-05
1.882648e-05
42.359623
3.643854
1.882648e-05
1.882648e-05
1.882648e-05
1.882648e-05
169.43849
1.882648e-05
1.882648e-05
1.882648e-05
1.882648e-05
1.882648e-05
18.8265
1.882648e-05
1.882648e-05
1.882648e-05
1.882648e-05
0.00016943831
1.882648e-05
1.882648e-05
1.882648e-05
1.882648e-05
1.882648e-05
4.2359577e-05
1.882648e-05
18.8265
1.882648e-05
1.882648e-05
1.882648e-05
1.882648e-05
2.8239718e-05
7.9078283
1.882648e-05
4.2359577e-05
1.882648e-05
1.882648e-05
169.43834
1.882648e-05
1.882648e-05
1.882648e-05
1.882648e-05
1.882648e-05
1.882648e-05
1.882648e-05
1.882648e-05
18.8265
1.882648e-05
1.882648e-05
1.882648e-05
1.882648e-05
1.882648e-05
1.882648e-05
1.882648e-05
1.882648e-05
1.882648e-05
1.882648e-05
1.882648e-05
1.882648e-05
1.882648e-05
1.882648e-05
1.882648e-05
1.882648e-05
1.882648e-05
1.882648e-05
1.882648e-05
75.30594
1.882648e-05
1.882648e-05
922.4975
1.882648e-05
1.882648e-05
1.882648e-05
1.882648e-05
1.882648e-05
1.882648e-05
1.882648e-05
18.8265
1.882648e-05
1.882648e-05
4.2359577e-05
1524.945
4.2359577e-05
4.2359577e-05
4.2359577e-05
4.2359577e-05
4.2359577e-05
4.2359577e-05
4.2359577e-05
4.2359577e-05
4.2359577e-05
0.00016943831
4.2359577e-05
4.2359577e-05
4.2359577e-05
4.2359577e-05
4.2359577e-05
4.2359577e-05
4.2359577e-05
4.2359577e-05
4.2359577e-05
4.2359577e-05
169.43837
4.2359577e-05
4.2359577e-05
4.2359577e-05
1524.945
4.2359577e-05
4.2359577e-05
4.2359577e-05
4.2359577e-05
4.2359577e-05
4.2359577e-05
4.2359577e-05
4.2359577e-05
8.4719155e-05
4.2359577e-05
4.2359577e-05
4.2359577e-05
4.2359577e-05
4.2359577e-05
4.2359577e-05
4.2359577e-05
4.2359577e-05
41.37451
4.2359577e-05
4.2359577e-05
4.2359577e-05
4.2359577e-05
4.2359577e-05
4.2359577e-05
4.2359577e-05
0.00016943831
4.2359577e-05
4.2359577e-05
4.2359577e-05
4.2359577e-05
4.2359577e-05
4.2359577e-05
4.2359577e-05
4.2359577e-05
8.4719155e-05
4.2359577e-05
4.2359577e-05
4.2359577e-05
4672.128
4.2359577e-05
4.2359577e-05
4.2359577e-05
4.2359577e-05
4.2359577e-05
381.23624
4.2359577e-05
4.2359577e-05
4.2359577e-05
4.2359577e-05
4.2359577e-05
4.2359577e-05
4.2359577e-05
4.2359577e-05
4.2359577e-05
4.2359577e-05
4.2359577e-05
42.359623
4.2359577e-05
4.2359577e-05
4.2359577e-05
4.2359577e-05
4.2359577e-05
4.2359577e-05
4.2359577e-05
4.2359577e-05
4.2359577e-05
0.00016943831
4.2359577e-05
4.2359577e-05
4.2359577e-05
4.2359577e-05
4.2359577e-05
4.2359577e-05
4.2359577e-05
4.2359577e-05
4.2359577e-05
4.2359577e-05
4.2359577e-05
4.2359577e-05
4.2359577e-05
4.2359577e-05
4.2359577e-05
4.2359577e-05
0.00016943831
4.2359577e-05
4.2359577e-05
42.359623
4.2359577e-05
4.2359577e-05
4.2359577e-05
4.2359577e-05
4.2359577e-05
4.2359577e-05
4.2359577e-05
4.2359577e-05
4.2359577e-05
4.2359577e-05
4.2359577e-05
4.2359577e-05
1524.945
4.2359577e-05
4.2359577e-05
4.2359577e-05
4.2359577e-05
4.2359577e-05
4.2359577e-05
4.2359577e-05
42.359623
4.2359577e-05
4.2359577e-05
4.2359577e-05
4.2359577e-05
4.2359577e-05
42.359623
4.2359577e-05
4.2359577e-05
4.2359577e-05
4.2359577e-05
4.2359577e-05
0.00016943831
4.2359577e-05
4.2359577e-05
4.2359577e-05
4.2359577e-05
4.2359577e-05
4.2359577e-05
4.2359577e-05
42.359623
4.2359577e-05
42.359623
4.2359577e-05
4.2359577e-05
4.2359577e-05
42.359623
4.2359577e-05
4.2359577e-05
0.00016943831
4.2359577e-05
4.2359577e-05
4.2359577e-05
1524.9448
4.2359577e-05
4.2359577e-05
4.2359577e-05
169.43837
4.2359577e-05
42.359623
4.2359577e-05
4.2359577e-05
4.2359577e-05
4.2359577e-05
1524.945
1524.945
4.2359577e-05
4.2359577e-05
169.43837
4.2359577e-05
4.2359577e-05
4.2359577e-05
4.2359577e-05
169.43837
4.2359577e-05
1524.945
4.2359577e-05
4.2359577e-05
42.359623
4.2359577e-05
42.359623
4.2359577e-05
4.2359577e-05
4.2359577e-05
4.2359577e-05
4.2359577e-05
42.359623
4.2359577e-05
4.2359577e-05
4.2359577e-05
4.2359577e-05
1524.945
4.2359577e-05
4.2359577e-05
4.2359577e-05
4.2359577e-05
4.2359577e-05
4.2359577e-05
4.2359577e-05
4.2359577e-05
4.2359577e-05
4.2359577e-05
4.2359577e-05
4.2359577e-05
4.2359577e-05
4.2359577e-05
4.2359577e-05
4.2359577e-05
4.2359577e-05
4.2359577e-05
4.2359577e-05
4.2359577e-05
4.2359577e-05
4.2359577e-05
4.2359577e-05
4.2359577e-05
0.00016943831
4.2359577e-05
4.2359577e-05
4.2359577e-05
4.2359577e-05
4.2359577e-05
4.2359577e-05
4.2359577e-05
4.2359577e-05
4.2359577e-05
4.2359577e-05
4.2359577e-05
4.2359577e-05
4.2359577e-05
4.2359577e-05
4.2359577e-05
4.2359577e-05
4.2359577e-05
4.2359577e-05
4.2359577e-05
4.2359577e-05
4.2359577e-05
4.2359577e-05
0.00016943831
4.2359577e-05
4.2359577e-05
4.2359577e-05
4.2359577e-05
4.2359577e-05
4.2359577e-05
4.2359577e-05
4.2359577e-05
42.359623
28.744041
4.2359577e-05
4.2359577e-05
4.2359577e-05
4.2359577e-05
4.2359577e-05
4.2359577e-05
4.2359577e-05
4.2359577e-05
4.2359577e-05
4.2359577e-05
4.2359577e-05
4.2359577e-05
4.2359577e-05
4.2359577e-05
4.2359577e-05
4.2359577e-05
4.2359577e-05
4.2359577e-05
42.359623
4.2359577e-05
4.2359577e-05
42.359623
4.2359577e-05
4.2359577e-05
4.2359577e-05
4.2359577e-05
4.2359577e-05
4.2359577e-05
4.2359577e-05
169.43837
42.359623
4.2359577e-05
4.2359577e-05
4.2359577e-05
4.2359577e-05
1524.945
4.2359577e-05
4.2359577e-05
4.2359577e-05
4.2359577e-05
4.2359577e-05
4.2359577e-05
4.2359577e-05
42.359623
4.2359577e-05
4.2359577e-05
4.2359577e-05
4.2359577e-05
4.2359577e-05
4.2359577e-05
42.359623
4.2359577e-05
4.2359577e-05
4.2359577e-05
4.2359577e-05
4.2359577e-05
4.2359577e-05
4.2359577e-05
677.75336
4.2359577e-05
4.2359577e-05
1524.945
4.2359577e-05
4.2359577e-05
4.2359577e-05
4.2359577e-05
4.2359577e-05
4.2359577e-05
4.2359577e-05
4.2359577e-05
4.2359577e-05
42.359623
4.2359577e-05
4.2359577e-05
4.2359577e-05
4.2359577e-05
4.2359577e-05
4.2359577e-05
4.2359577e-05
4.2359577e-05
4.2359577e-05
4.2359577e-05
4.2359577e-05
4.2359577e-05
4.2359577e-05
4.2359577e-05
4.2359577e-05
4.2359577e-05
4.2359577e-05
4.2359577e-05
4.2359577e-05
4.2359577e-05
4.2359577e-05
4.2359577e-05
4.2359577e-05
4.2359577e-05
4.2359577e-05
4.2359577e-05
4.2359577e-05
4.2359577e-05
4.2359577e-05
4.2359577e-05
4.2359577e-05
1524.945
0.00016943831
4.2359577e-05
4.2359577e-05
4.2359577e-05
4.2359577e-05
4.2359577e-05
4.2359577e-05
4.2359577e-05
0.00016943831
4.2359577e-05
4.2359577e-05
4.2359577e-05
42.359623
4.2359577e-05
4.2359577e-05
1524.945
1524.945
4.2359577e-05
4.2359577e-05
4.2359577e-05
4.2359577e-05
42.359623
4.2359577e-05
4.2359577e-05
4.2359577e-05
4.2359577e-05
4.2359577e-05
4.2359577e-05
4.2359577e-05
4.2359577e-05
4.2359577e-05
42.359623
4.2359577e-05
4.2359577e-05
4.2359577e-05
1058.9895
4.2359577e-05
4.2359577e-05
4.2359577e-05
4.2359577e-05
4.2359577e-05
42.359623
381.23624
4.2359577e-05
4.2359577e-05
4.2359577e-05
4.2359577e-05
4.2359577e-05
4.2359577e-05
677.75336
4.2359577e-05
4.2359577e-05
4.2359577e-05
4.2359577e-05
4.2359577e-05
4.2359577e-05
42.359623
4.2359577e-05
4.2359577e-05
0.00016943831
4.2359577e-05
4.2359577e-05
4.2359577e-05
1524.945
4.2359577e-05
4.2359577e-05
4.2359577e-05
381.23624
4.2359577e-05
4.2359577e-05
4.2359577e-05
4.2359577e-05
4.2359577e-05
4.2359577e-05
42.359623
4.2359577e-05
4.2359577e-05
4.2359577e-05
4.2359577e-05
4.2359577e-05
4.2359577e-05
0.9150501
4.2359577e-05
0.00016943831
4.2359577e-05
4.2359577e-05
4.2359577e-05
4.2359577e-05
4.2359577e-05
4.2359577e-05
4.2359577e-05
4.2359577e-05
4.2359577e-05
4.2359577e-05
4.2359577e-05
4.2359577e-05
8.4719155e-05
4.2359577e-05
4.2359577e-05
0.00016943831
0.00016943831
0.00016943831
1524.945
0.00016943831
0.00016943831
0.00016943831
0.00016943831
0.00016943831
0.00016943831
0.00016943831
169.43849
0.00016943831
0.00016943831
0.00016943831
0.00016943831
0.00016943831
0.00016943831
0.00016943831
0.00016943831
0.00016943831
0.00016943831
0.00016943831
0.00016943831
0.00016943831
0.00016943831
0.00016943831
0.00016943831
0.00016943831
0.00016943831
0.00016943831
0.00016943831
0.00016943831
0.00016943831
0.00016943831
0.00016943831
1524.945
0.00016943831
0.00016943831
0.00016943831
0.00016943831
0.00016943831
0.00016943831
0.00016943831
0.00016943831
0.00016943831
0.00016943831
0.00016943831
0.00016943831
0.00016943831
0.00016943831
0.00016943831
0.00016943831
0.00016943831
0.00016943831
0.00016943831
0.00016943831
0.00016943831
0.00016943831
0.00016943831
0.00016943831
194.52676
0.00016943831
0.00016943831
1524.945
0.00016943831
0.00016943831
0.00016943831
0.00016943831
0.00016943831
0.00016943831
169.43849
0.00016943831
0.00016943831
0.00016943831
0.00016943831
0.00016943831
0.00016943831
0.00016943831
0.00016943831
0.00016943831
0.00016943831
0.00016943831
0.00016943831
0.00016943831
0.00016943831
0.00016943831
0.00016943831
0.00016943831
0.00016943831
0.00016943831
0.00016943831
0.00016943831
0.00016943831
0.00016943831
0.00016943831
0.00016943831
0.00016943831
0.00016943831
0.00016943831
0.00016943831
0.00016943831
0.00016943831
0.00016943831
0.00016943831
1524.945
1524.945
0.00016943831
0.00016943831
0.00016943831
0.00016943831
169.43849
0.00016943831
0.00016943831
0.00016943831
0.00016943831
0.00016943831
0.00016943831
0.00016943831
0.00016943831
0.00016943831
0.00016943831
0.00016943831
0.00016943831
0.00016943831
0.00016943831
0.00016943831
1524.945
0.00016943831
0.00016943831
0.00016943831
0.00016943831
0.00016943831
0.00016943831
0.00016943831
0.00016943831
1524.945
0.00016943831
0.00016943831
0.00016943831
0.00016943831
0.00016943831
0.00016943831
0.00016943831
0.00016943831
0.00016943831
0.00016943831
0.00016943831
0.00016943831
0.00016943831
0.00016943831
0.00016943831
169.43849
0.00016943831
0.00016943831
0.00016943831
0.00016943831
0.00016943831
0.00016943831
0.00016943831
0.00016943831
0.00016943831
0.00016943831
0.00016943831
0.00016943831
0.00016943831
0.00016943831
0.00016943831
1524.945
0.00016943831
0.00016943831
0.00016943831
0.00016943831
0.00016943831
7.060078
0.00016943831
0.00016943831
0.00016943831
0.00016943831
1524.945
0.00016943831
0.00016943831
0.00016943831
0.00016943831
0.00016943831
0.00016943831
0.00016943831
0.00016943831
0.00016943831
0.00016943831
0.00016943831
0.00016943831
0.00016943831
0.00016943831
169.43849
0.00016943831
0.00016943831
169.43849
0.00016943831
0.00016943831
0.00016943831
0.00016943831
0.00016943831
0.00016943831
0.00016943831
0.00016943831
0.00016943831
0.00016943831
0.00016943831
0.00016943831
0.00016943831
0.00016943831
0.00016943831
0.00016943831
0.00016943831
0.00016943831
0.00016943831
0.00016943831
0.00016943831
0.00016943831
0.00016943831
0.00016943831
0.00016943831
0.00016943831
0.00016943831
0.00016943831
0.00016943831
0.00016943831
0.00016943831
0.00016943831
0.00016943831
0.00016943831
0.00016943831
0.00016943831
0.00016943831
0.00016943831
0.00016943831
0.00016943831
0.00016943831
0.00016943831
0.00016943831
0.00016943831
0.00016943831
0.00016943831
0.00016943831
0.00016943831
0.00016943831
0.00016943831
0.00016943831
0.00016943831
0.00016943831
0.00016943831
0.00016943831
0.00016943831
0.00016943831
0.00016943831
1524.945
0.00016943831
0.00016943831
0.00016943831
0.00016943831
0.00016943831
0.00016943831
0.00016943831
0.00016943831
0.00016943831
0.00016943831
0.00016943831
0.00016943831
0.00016943831
0.00016943831
0.00016943831
0.00016943831
0.00016943831
0.00016943831
0.00016943831
0.00016943831
1524.945
0.00016943831
0.00016943831
0.00016943831
0.00016943831
0.00016943831
0.00016943831
0.00016943831
0.00016943831
139.39621
0.00016943831
0.00016943831
0.00016943831
0.00016943831
1524.945
1524.945
0.00016943831
0.00016943831
0.00016943831
0.00016943831
0.00016943831
0.00016943831
0.00016943831
0.00016943831
1524.945
0.00016943831
0.00016943831
0.00016943831
169.43849
0.00016943831
0.00016943831
0.00016943831
0.00016943831
0.00033887662
0.00016943831
0.00016943831
0.00016943831
0.00016943831
0.00016943831
0.00016943831
0.00016943831
0.00016943831
0.00016943831
0.00016943831
0.00016943831
0.00016943831
0.00016943831
0.00016943831
0.00016943831
169.43849
0.00016943831
0.00016943831
0.00016943831
0.00016943831
0.00016943831
0.00016943831
0.00016943831
0.00016943831
0.00016943831
0.00016943831
0.00016943831
0.00016943831
0.00016943831
0.00016943831
0.00016943831
0.00016943831
0.00016943831
0.00016943831
0.00016943831
0.00016943831
0.00016943831
0.00016943831
0.00016943831
0.00016943831
0.00016943831
0.00016943831
0.00016943831
0.00016943831
0.00016943831
0.00016943831
0.00016943831
0.00016943831
11046.761
0.00016943831
169.43849
0.00016943831
0.00016943831
0.00016943831
0.00016943831
0.00016943831
0.00016943831
0.00016943831
0.00016943831
0.00016943831
0.00016943831
0.00016943831
0.00016943831
0.00016943831
0.00016943831
0.00016943831
0.00016943831
0.00016943831
0.00016943831
169.43849
0.00016943831
0.00016943831
0.00016943831
0.00016943831
0.00016943831
0.00016943831
0.00016943831
0.00016943831
0.00016943831
0.00016943831
0.00016943831
0.00016943831
0.00016943831
0.00016943831
0.00016943831
18857.947
0.00016943831
0.00016943831
0.00016943831
0.00016943831
0.00016943831
0.00016943831
0.00016943831
0.00016943831
1524.945
0.00016943831
0.00016943831
0.00016943831
0.00016943831
0.00016943831
0.00016943831
0.00016943831
0.00016943831
0.00016943831
0.00016943831
0.00016943831
0.00016943831
0.00016943831
0.00016943831
0.00016943831
0.00016943831
0.00016943831
0.00016943831
0.00016943831
0.00016943831
0.00016943831
0.00016943831
0.00016943831
0.00016943831
0.00016943831
0.00016943831
0.00016943831
0.00016943831
0.00016943831
0.00016943831
0.00016943831
1524.945
0.00016943831
0.00016943831
0.00016943831
1524.945
0.00016943831
1524.945
0.00016943831
0.00016943831
0.00016943831
0.00016943831
0.00016943831
0.00016943831
0.00016943831
0.00016943831
0.00016943831
0.00016943831
169.43849
0.00016943831
0.00016943831
0.00016943831
0.00016943831
0.00016943831
0.00016943831
0.00016943831
0.00016943831
0.00016943831
0.00016943831
0.00016943831
0.00016943831
0.00016943831
0.00016943831
0.00016943831
0.00016943831
0.00016943831
0.00016943831
0.00016943831
0.00016943831
0.00016943831
0.00016943831
0.00016943831
0.00016943831
0.00016943831
0.00016943831
0.00016943831
0.00016943831
0.00016943831
0.00016943831
0.00016943831
0.00016943831
1524.945
1524.945
0.00016943831
0.00016943831
0.00016943831
0.00016943831
0.00016943831
0.00016943831
0.00016943831
0.00016943831
0.00016943831
0.00016943831
0.00016943831
0.00016943831
0.00016943831
0.00016943831
0.00016943831
0.00016943831
0.00016943831
0.00016943831
0.00016943831
0.00016943831
0.00016943831
0.00016943831
0.00016943831
0.00016943831
0.00016943831
0.00016943831
0.00016943831
0.00016943831
1524.945
0.00016943831
0.00016943831
0.00016943831
0.00016943831
0.00016943831
0.00016943831
0.00016943831
0.00016943831
0.00016943831
0.00016943831
0.00016943831
0.00016943831
0.00016943831
0.00016943831
0.00016943831
0.00016943831
0.00016943831
0.00016943831
0.00016943831
1524.945
0.00016943831
0.00016943831
0.00016943831
0.00016943831
0.00016943831
1524.945
0.00016943831
1524.945
0.00016943831
0.00016943831
1524.945
0.00016943831
0.00016943831
1524.945
0.00016943831
0.00016943831
0.00016943831
0.00016943831
0.00016943831
0.00016943831
0.00016943831
0.00016943831
0.00016943831
0.00016943831
0.00016943831
0.00016943831
0.00016943831
0.00016943831
0.00016943831
0.00016943831
0.00016943831
0.00016943831
0.00016943831
0.00016943831
1524.945
0.00016943831
0.00016943831
0.00016943831
0.00016943831
0.00016943831
0.00016943831
0.00016943831
1524.945
0.00016943831
0.00016943831
0.00016943831
0.00016943831
0.00016943831
0.00016943831
169.43849
0.00016943831
0.00016943831
0.00016943831
0.00016943831
0.00016943831
0.00016943831
0.00016943831
169.43849
0.00016943831
0.00016943831
0.00016943831
0.00016943831
0.00016943831
0.00016943831
0.00016943831
0.00016943831
0.00016943831
0.00016943831
0.00016943831
0.00016943831
0.00016943831
0.00016943831
0.00016943831
0.00016943831
0.00016943831
0.00016943831
0.00016943831
0.00016943831
0.00016943831
0.00016943831
0.00016943831
0.00016943831
0.00016943831
0.00016943831
0.00016943831
0.00016943831
0.00016943831
0.00016943831
0.00016943831
0.00016943831
0.00016943831
0.00016943831
0.00016943831
0.00016943831
0.00016943831
0.00016943831
0.00016943831
0.00016943831
0.00016943831
0.00016943831
0.00016943831
0.00016943831
0.00016943831
0.00016943831
0.00016943831
0.00016943831
0.00016943831
0.00016943831
0.00016943831
0.00016943831
0.00016943831
0.00016943831
0.00016943831
0.00016943831
0.00016943831
0.00016943831
0.00016943831
0.00016943831
0.00016943831
0.00016943831
0.00016943831
0.00016943831
1524.945
0.00016943831
0.00016943831
0.00016943831
228.78036
0.00016943831
0.00016943831
0.00016943831
0.00016943831
0.00016943831
0.00016943831
0.00016943831
0.00016943831
0.00016943831
0.00016943831
0.00016943831
0.00016943831
0.00016943831
0.00016943831
0.00016943831
0.00016943831
0.00016943831
0.00016943831
0.00016943831
0.00016943831
1524.945
0.00016943831
0.00016943831
0.00016943831
0.00016943831
0.00016943831
0.00016943831
0.00016943831
0.00016943831
0.00016943831
0.00016943831
1524.945
0.00016943831
0.00016943831
0.00016943831
1524.945
0.00016943831
0.00016943831
0.00016943831
0.00016943831
0.00016943831
0.00016943831
0.00016943831
0.00016943831
0.00016943831
0.00016943831
0.00016943831
0.00016943831
0.00016943831
0.00016943831
0.00016943831
0.00016943831
0.00016943831
0.00016943831
0.00016943831
0.00016943831
0.00016943831
0.00016943831
1524.945
1524.945
0.00016943831
0.00016943831
0.00016943831
0.00016943831
0.00016943831
0.00016943831
0.00016943831
0.00016943831
0.00016943831
0.00016943831
0.00016943831
0.00016943831
0.00016943831
0.00016943831
1524.945
0.00016943831
0.00016943831
0.00016943831
0.00016943831
0.00016943831
0.00016943831
0.00016943831
0.00016943831
0.00016943831
0.00016943831
0.00016943831
0.00016943831
0.00016943831
0.00016943831
0.00016943831
0.00016943831
0.00016943831
0.00016943831
0.00016943831
0.00016943831
1524.945
0.00016943831
0.00016943831
0.00016943831
169.43849
0.00016943831
0.00016943831
0.00016943831
0.00016943831
0.00016943831
0.00016943831
0.00016943831
0.00016943831
0.00016943831
0.00016943831
0.00016943831
0.00016943831
0.00016943831
0.00016943831
0.00016943831
0.00016943831
0.00016943831
169.43849
0.00016943831
0.00016943831
0.00016943831
0.00016943831
0.00016943831
1524.945
0.00016943831
1524.945
0.00016943831
0.00016943831
0.00016943831
0.00016943831
0.00016943831
0.00016943831
0.00016943831
0.00016943831
0.00016943831
0.00016943831
0.00016943831
0.00016943831
0.00016943831
0.00016943831
0.00016943831
0.00016943831
0.00016943831
0.00016943831
0.00016943831
0.00016943831
0.00016943831
0.00016943831
0.00016943831
0.00016943831
0.00016943831
0.00016943831
0.00016943831
677.7534
0.00016943831
0.00016943831
0.00016943831
0.00016943831
0.00016943831
0.00016943831
0.00016943831
0.00016943831
0.00016943831
1524.945
0.00016943831
0.00016943831
0.00016943831
0.00016943831
0.00016943831
0.00016943831
0.00016943831
0.00016943831
0.00016943831
0.00016943831
0.00016943831
0.00016943831
0.00016943831
0.00016943831
0.00016943831
0.00016943831
0.00016943831
0.00016943831
0.00016943831
0.00016943831
0.00016943831
0.00016943831
0.00016943831
0.00016943831
0.00016943831
0.00016943831
0.00016943831
1524.945
0.00016943831
0.00016943831
0.00016943831
0.00016943831
0.00016943831
0.00016943831
0.00016943831
0.00016943831
0.00016943831
0.00016943831
0.00016943831
0.00016943831
0.00016943831
0.00016943831
0.00016943831
0.00016943831
0.00016943831
0.00016943831
0.00016943831
0.00016943831
1524.945
0.00016943831
0.00016943831
0.00016943831
0.00016943831
0.00016943831
0.00016943831
0.00016943831
1524.945
0.00016943831
0.00016943831
0.00016943831
1524.945
0.00016943831
0.00016943831
0.00016943831
0.00016943831
0.00016943831
0.00016943831
0.00016943831
0.00016943831
0.00016943831
0.00016943831
0.00016943831
0.00016943831
0.00016943831
0.00016943831
0.00016943831
0.00016943831
0.00016943831
0.00016943831
0.00016943831
0.00016943831
0.00016943831
0.00016943831
0.00016943831
0.00016943831
0.00016943831
0.00016943831
0.00016943831
0.00016943831
0.00016943831
0.00016943831
0.00016943831
0.00016943831
0.00016943831
0.00016943831
0.00016943831
1524.945
0.00016943831
0.00016943831
0.00016943831
0.00016943831
0.00016943831
0.00016943831
0.00016943831
169.43849
169.43849
1524.945
0.00016943831
0.00016943831
0.00016943831
0.00016943831
0.00016943831
0.00016943831
0.00016943831
0.00016943831
0.00016943831
0.00016943831
0.00016943831
0.00016943831
1524.945
0.00016943831
0.00016943831
0.00016943831
0.00016943831
0.00016943831
0.00016943831
0.00016943831
0.00016943831
1524.945
0.00016943831
0.00016943831
0.00016943831
0.00016943831
0.00016943831
0.00016943831
0.00016943831
0.00016943831
0.00016943831
0.00016943831
0.00016943831
0.00016943831
0.00016943831
0.00016943831
0.00016943831
0.00016943831
0.00016943831
0.00016943831
0.00016943831
0.00016943831
0.00016943831
0.00016943831
1524.945
0.00016943831
1524.945
0.00016943831
0.00016943831
0.00016943831
0.00016943831
0.00016943831
0.00016943831
0.00016943831
0.00016943831
1524.945
0.00016943831
0.00016943831
0.00016943831
0.00016943831
0.00016943831
0.00016943831
0.00016943831
0.00016943831
0.00016943831
0.00016943831
0.00016943831
0.00016943831
0.00016943831
0.00016943831
0.00016943831
0.00016943831
0.00016943831
0.00016943831
0.00016943831
0.00016943831
0.00016943831
1524.945
0.00016943831
0.00016943831
1524.945
0.00016943831
0.00016943831
0.00016943831
0.00016943831
0.00016943831
0.00016943831
0.00016943831
0.00016943831
0.00016943831
0.00016943831
0.00016943831
0.00016943831
0.00016943831
0.00016943831
0.00016943831
0.00016943831
0.00016943831
0.00016943831
0.00016943831
0.00016943831
0.00016943831
1524.945
0.00016943831
0.00016943831
0.00016943831
0.00016943831
0.00016943831
0.00016943831
0.00016943831
0.00016943831
0.00016943831
0.00016943831
0.00016943831
0.00016943831
0.00016943831
0.00016943831
0.00016943831
0.00016943831
0.00016943831
0.00016943831
0.00016943831
0.00016943831
0.00016943831
0.00016943831
0.00016943831
0.00016943831
0.00016943831
0.00016943831
0.00016943831
0.00016943831
0.00016943831
1524.945
0.00016943831
0.00016943831
0.00016943831
0.00016943831
0.00016943831
0.00016943831
0.00016943831
0.00016943831
0.00016943831
0.00016943831
0.00016943831
0.00016943831
0.00016943831
0.00016943831
0.00016943831
0.00016943831
0.00016943831
0.00016943831
0.00016943831
0.00016943831
0.00016943831
0.00016943831
0.00016943831
169.43849
0.00016943831
0.00016943831
0.00016943831
0.00016943831
0.00016943831
0.00016943831
0.00016943831
0.00016943831
0.00016943831
0.00016943831
0.00016943831
0.00016943831
0.00016943831
0.00016943831
0.00016943831
0.00016943831
1524.945
0.00016943831
0.00016943831
0.00016943831
0.00016943831
0.00016943831
0.00016943831
0.00016943831
169.43849
0.00016943831
0.00016943831
0.00016943831
0.00016943831
0.00016943831
0.00016943831
48411.703
0.00016943831
0.00016943831
0.00016943831
0.00016943831
1524.945
169.43849
0.00016943831
0.00016943831
0.00016943831
0.00016943831
0.00016943831
0.00016943831
0.00016943831
0.00016943831
0.00016943831
0.00016943831
1524.945
0.00016943831
0.00016943831
0.00016943831
1.1711872
0.61458975
0.7033169
0.7087582
0.95088136
0.43886432
1.1869001
0.9793161
1.460044
5.5071626
1.3453741
0.90698
0.45195246
0.578291
0.6700743
5.2704235e-10
0.299857
3.1006231
1.2058517
1.1881592
1.2458113
0.61751825
0.22212774
1.6715331
0.20033698
0.3296887
0.76926905
1.0474764
0.77200335
3.932953
0.73124355
1.0599703
2.462365
3.9088066
0.90835667
1.3208365
0.20260306
0.29868627
0.6088672
1.4113894
0.9517892
4.1711364
1.1159841
0.60382223
2.1150737
3.4463503
0.58222115
1.1673553
0.64149714
2.2289648
0.42459333
1.4695535
4.046479
0.12910992
0.42832637
5.538474
0.4842958
0.90484077
0.99818856
0.6114285
0.21262671
0.5350283
0.5841764
0.29317376
0.60628194
0.3085006
4.797544
0.24610882
3.8789936e-09
2.308944
1.2885238
0.87333864
1.5610198
2.114144
4.2867703
1.8213918
2.4104955
0.66914165
5.1152735e-09
0.4063077
0.61220217
0.94068104
1.0600374
5.596457e-09
5.8629177e-09
0.047883756
0.6233257
1.2612326
0.7848071
7.447285
5.794546e-09
4.3508506
0.50134695
3.6762354
0.25200957
0.010772363
0.10795011
0.44322196
0.7293317
7.841099e-09
46.257942
1.3619537
0.71464527
3.654081
0.271465
0.78410995
7.94888e-09
0.21306565
5.7947335
0.31000865
0.38726318
1.2320342
1.6727245
9.297027e-09
2.4694922
0.71149963
1.3114617
9.297027e-09
0.6366513
4.3624096
0.15325986
0.27549157
1.5652995
0.89259267
0.30825648
0.9616769
3.161493
0.54469997
0.9220978
0.91412675
1.1965138e-08
0.57222563
0.13310128
0.6016917
0.58629173
0.20328754
0.37064028
0.20147248
3.039192
2.695391
0.84924847
0.5229578
0.05310782
0.7537976
0.84810257
3.457925
2.213072
1.6598089
0.22818057
0.68680626
0.12962238
5.601267
11.731648
0.55264777
0.68833905
0.22879213
2.35331
1.1064231
0.39317003
0.13073948
11.2178755
0.13974296
0.4028527
0.5369369
0.26057416
0.46479526
0.14814903
0.26875687
1.0630382
0.30038932
0.07056992
0.17452233
0.81759
1.3082064
0.32737756
0.9005013
2.0918312
4.0582595
2.345167e-08
14.167002
0.5333442
0.18005788
2.75263
0.40318465
1.0025936
1.6943834
2.6814158e-08
1.7375505
2.9334888e-08
0.54397494
0.794888
0.5457015
0.26072434
3.3660527e-08
0.2784779
1.625462
5.229196
0.033739246
0.036253877
2.6203291
3.5588812e-08
1.7230052
3.6643236e-08
2.7321877
0.1423553
3.6643236e-08
2.3451672
4.851338
0.33519554
0.036080036
0.36093375
4.456008
0.31722647
0.037745267
0.683047
0.1611476
0.7052585
0.1993784
0.04010379
15.946602
0.66204363
0.45331305
2.1598537
0.047877733
0.21246673
5.0746472e-08
0.047921997
1.4294901
0.5041141
1.2382284
6.0319806e-08
0.050368164
1.9450828
0.8344147
0.9729448
0.054030135
5.601267e-08
3.584811
0.9297028
5.601267e-08
2.805612
2.0117886
0.05711102
1.5079951
0.89620286
7.0250006
6.514353e-08
8.751979
0.06547042
6.179101e-08
1.7833678
0.54287827
1.1291184
0.073541015
0.7206735
6.514353e-08
5.489802
6.777533e-08
0.384214
0.7206735
0.050193835
7.2138114e-08
0.07056997
42.35958
7.354094e-08
1.0832938
8.007482e-08
9.504504
1.7642474
1.7642474
8.7519794e-08
0.31448495
0.07670371
7.6703635e-08
1.6014964e-07
1.2811973
0.3346931
8.007482e-08
8.007482e-08
0.35007927
0.09450161
12.78869
0.7530593
0.59238887
0.384214
3.6286614
17.508398
8.367325e-08
1.6943834
0.86448133
8.367325e-08
0.3346931
0.3700838
0.77098936
0.08955523
1.0079615e-07
9.392876e-08
0.36803204
1.0079615e-07
1.4392145
0.117339686
11.147259
0.10079626
0.108614415
9.163782e-08
0.384214
0.060615927
2.519904
0.90716547
0.86448133
9.605347e-08
9.605347e-08
0.09845491
2.401337
1.0447344
2.8979645
112.763306
0.42359596
0.42359596
0.44712904
5.0602026
0.1348252
1.2376795e-07
0.9819722
0.12051102
1.11399295e-07
0.9530907
1.3831699e-07
1.05898955e-07
0.58629197
0.1389108
1.2376795e-07
0.114582255
1.0025938
0.48276863
11.872409
3.0941987
0.52701205
1.2079072e-07
3.194012
77.354965
1.2376795e-07
0.46935838
0.49507195
31.658539
0.5127705
1.2376795e-07
0.49507195
0.13408208
1.4657294e-07
0.49507195
2.0918314
0.13073958
8.606392
1.244853
95.30907
0.1429277
1.3617101
0.14669998
1.3191566
0.14250857
0.58629197
11.872409
0.1429277
0.13831714
5.135019
0.7052586
1.882648e-07
3.6643238
1.882648e-07
4.70662
0.96546084
3.8897688
1.5559075e-07
0.1444773
0.18261172
1.5559075e-07
0.21612054
1.002594
10.931504
0.6618687
0.20147265
1.6546711e-07
3.7371454
2.7328763
1.763146e-07
1.9523756e-07
2.0147245e-07
1.882648e-07
0.17631479
2.0147245e-07
2.0147245e-07
1.763146e-07
2.7110133e-07
1.763146e-07
0.18826501
0.7484676
4.2359582e-07
1.882648e-07
2.0147245e-07
0.18826501
1.882648e-07
2.0893437e-07
0.80589
2.1612031e-07
2.1612031e-07
2.0147245e-07
0.83467174
0.20147265
2.9416375e-07
2.3242568e-07
3.7188113
2.1612031e-07
2.3242568e-07
0.18968013
0.8644815
0.23242593
4.2359582e-07
3.2029928e-07
0.8644815
2.3242568e-07
0.929703
2.506484e-07
0.23242593
0.23242593
2.620415e-07
5.8106422
2.1722863
6.0527534
2.506484e-07
0.929703
2.3242568e-07
5.394515
0.23242593
0.5705352
0.25064868
3.2029928e-07
2.5415754
1.6943839
2.506484e-07
2.506484e-07
2.506484e-07
0.32217968
1.002594
2.9416375e-07
2.6067437e-07
2.7110133e-07
0.27110162
0.29416406
2.7110133e-07
2.7110133e-07
1.4003171
0.27110162
1.0844057
0.13117833
0.29416406
2.9416375e-07
3.075348e-07
3.5007918e-07
2.9416375e-07
0.29416406
4.7066207
2.9416375e-07
3.0964608e-07
3.5007918e-07
2.9416375e-07
5.4664416
1.1766553
0.32029963
0.29416406
0.3842143
3.5007918e-07
0.32029963
0.32029963
5.124789
5.6012673
15.445811
3.31654
0.32029963
0.66186917
3.2029928e-07
3.5007918e-07
0.33914077
0.35007954
3.5007918e-07
9.605348
4.2359582e-07
3.5007918e-07
1.6943839
3.5007918e-07
0.3842143
3.4579253
0.42359626
3.5007918e-07
3.8421388e-07
38.421387
3.5007918e-07
0.1595278
214.44539
0.42359626
3.5007918e-07
4.0555912e-07
1.555908
0.3842143
4.2359582e-07
3.8421388e-07
0.3842143
4.693582e-07
3.812363
3.8421388e-07
0.3842143
3.812363
3.8421388e-07
3.8421388e-07
3.8421388e-07
3.8421388e-07
4.2242246
0.46935874
0.67310303
3.2820385
4.2359582e-07
1.6943839
4.2359582e-07
0.42359626
1.6943839
4.2359582e-07
4.2359582e-07
3.591787
4.2359582e-07
1.8774335
4.2359582e-07
4.693582e-07
4.693582e-07
1.893723
4.693582e-07
4.693582e-07
0.46935874
0.5862924
1.8774335
1524.945
4.693582e-07
4.7066207
1.8774335
8.367326
2.0918317
4.693582e-07
4.693582e-07
9.3097987e-07
0.4954342
0.46935874
0.5862924
21.348783
80.68491
0.52295834
5.229578e-07
5.862918e-07
5.229578e-07
9.38067
0.52295834
0.5537206
0.66186917
5.862918e-07
0.52295834
2.0918317
0.75306004
6.6186846e-07
5.229578e-07
7.530592e-07
0.7059938
2.6474748
5.862918e-07
5.862918e-07
2.3451679
5.89063
48.19579
5.862918e-07
6.7775335
7.05993e-07
7.091448e-07
27.110132
5.862918e-07
0.5862924
9.38067
6.6186846e-07
5.2766266
5.862918e-07
7.530592e-07
1.694385
2.3451679
0.49594334
5.862918e-07
4.71802
7.091448e-07
7.530592e-07
6.6186846e-07
7.530592e-07
6.6186846e-07
6.6186846e-07
0.8045515
6.6186846e-07
42.35958
6.6186846e-07
6.382303
2.6474748
6.6186846e-07
10.589896
9.023344
6.6186846e-07
6.6186846e-07
18.81743
23.827265
2.6474748
16.546711
7.530592e-07
8.6448125e-07
6.6186846e-07
6.6186846e-07
2.5494199
8.0684913e-07
0.75306004
7.530592e-07
0.423377
0.75306004
7.530592e-07
3.457926
8.1581413e-07
0.75306004
7.530592e-07
7.530592e-07
7.530592e-07
7.530592e-07
7.530592e-07
7.530592e-07
7.530592e-07
7.530592e-07
7.530592e-07
7.530592e-07
7.530592e-07
1524.945
7.530592e-07
3.0122378
6.7775335
3.0122378
7.530592e-07
7.530592e-07
7.530592e-07
7.530592e-07
18.82648
7.530592e-07
7.530592e-07
7.530592e-07
7.530592e-07
7.530592e-07
8.6448125e-07
8.6448125e-07
0.86448216
8.6448125e-07
1524.945
0.86448216
1.176655e-06
1.176655e-06
7.780332
8.6448125e-07
8.6448125e-07
0.9365223
9.365213e-07
0.86448216
8.6448125e-07
1.0025936e-06
0.86448216
3.457925e-06
1.0025947
1.0025936e-06
4.0103755
0.96053576
8.6448125e-07
0.86448216
3.457926
1.6943833e-06
1.0025936e-06
8.6448125e-07
1.0025947
8.6448125e-07
0.86448216
8.6448125e-07
0.86448216
8.6448125e-07
1.0025936e-06
8.6448125e-07
1.176655e-06
1.0025936e-06
1.0025936e-06
1.0025936e-06
1.0025936e-06
1.176655e-06
5.6012683
4.010376
1.4003181
17.64565
1.0025936e-06
1.4003167e-06
1.0025936e-06
1.0025936e-06
2.0918312e-06
1.0025936e-06
1.0025936e-06
1.0025947
1.0025936e-06
0.74167573
1.0025936e-06
1.0025936e-06
1.1766562
1.0025936e-06
1.4003167e-06
1.176655e-06
1.176655e-06
100.8228
1.176655e-06
6.777533e-06
1.176655e-06
1.1766562
1.283625
1.176655e-06
1.176655e-06
1.694385
1.4003181
1.176655e-06
6.777533e-06
1.176655e-06
1.4003167e-06
29.416374
1.176655e-06
1.176655e-06
2.0918312e-06
42.35958
1.176655e-06
1.4003167e-06
1.4003167e-06
1.6943833e-06
1.3503067
1.4003167e-06
1.4003167e-06
1.6943833e-06
5.6012683
12.396247
15.249452
1.5403484e-06
3.3887666e-06
22.40507
6.7775354
22.40507
1.6943833e-06
1.694385
1.6943833e-06
1.0589895e-05
1.4003167e-06
1.4003167e-06
1.4003167e-06
1.4003167e-06
1.4003167e-06
1.4003181
1.4003181
1.6943833e-06
22.40507
1.6943833e-06
1.4003167e-06
5.6012683
1.4003167e-06
201.6456
1524.945
1.4003167e-06
1.4003167e-06
1.6943833e-06
1.4003167e-06
1.4003181
1.4003167e-06
2.0918312e-06
2.1784927e-06
1.6943833e-06
1.6943833e-06
1.6943833e-06
1.6943833e-06
1.6943833e-06
1.6943833e-06
6.7775354
6.7775354
1.6943833e-06
15.249452
2.6474738e-06
1.694385
1.6943833e-06
2.0918334
1.694385
2.6474738e-06
1.6943833e-06
1.6943833e-06
21.96423
1.6943833e-06
1.6943833e-06
0.00016943831
2.0918334
1.694385
1.6943833e-06
137.24504
1.694385
1.6943833e-06
1.6943833e-06
2.0918312e-06
1.6943833e-06
1.6943833e-06
1.0589895e-05
1.694385
1.6943833e-06
1.6943833e-06
1.6943833e-06
1.6943833e-06
1.6943833e-06
2.0918312e-06
1.8768573
1.6943833e-06
3.457925e-06
2.0918312e-06
2.0918312e-06
23.827267
33.469303
2.0918312e-06
2.0918334
2.0918334
2.0918334
2.0918312e-06
2.0918334
1.0589895e-05
2.0918312e-06
2.0918312e-06
2.0918312e-06
2.0918312e-06
2.0918312e-06
3.457925e-06
2.6474738e-06
2.0918312e-06
2.0918312e-06
2.0918312e-06
10.589899
2.0918312e-06
2.0918312e-06
2.6474738e-06
2.3906641e-06
23.827267
2.0918312e-06
2.0918312e-06
2.0918312e-06
2.0918312e-06
2.0918312e-06
2.0918312e-06
2.0918312e-06
52.29578
2.0918312e-06
8.367327
2.0918312e-06
2.0918312e-06
2.0918312e-06
2.0918312e-06
2.0918312e-06
2.0918312e-06
2.073844
2.0918334
2.0918312e-06
2.6474738e-06
22.59178
33.469303
2.0918312e-06
209.1831
18.826483
9.413242
2.0918312e-06
2.6474738e-06
3.457925e-06
10.589899
2.6474738e-06
2.6474738e-06
3.457925e-06
2.6474738e-06
2.6474738e-06
2.6474738e-06
2.6474738e-06
2.6474738e-06
2.6474767
2.6474738e-06
2.6474738e-06
2.6474738e-06
2.6474738e-06
2.6474738e-06
3.4579287
2.6474738e-06
2.6474738e-06
2.6474767
4.322406e-06
3.457925e-06
2.6474738e-06
10.589899
2.6474738e-06
5.1868874e-06
2.6474767
4.70662e-06
2.6474738e-06
2.6474738e-06
10.589899
3.4579287
2.6474738e-06
3.457925e-06
2.6474738e-06
3.457925e-06
2.6474738e-06
10.589899
6.777533e-06
2.6474738e-06
2.6474738e-06
2.6474738e-06
2.6474738e-06
2.6474738e-06
10.589899
2.6474738e-06
3.457925e-06
2.6474767
2.6474738e-06
2.6474767
2.6474738e-06
2.6474738e-06
2.6474767
2.6474738e-06
3.457925e-06
2.6474738e-06
3.457925e-06
3.457925e-06
3.457925e-06
16.136988
3.457925e-06
3.457925e-06
4.2359577e-05
4.706625
3.457925e-06
3.457925e-06
3.457925e-06
3.457925e-06
3.457925e-06
1524.945
3.457925e-06
4.70662e-06
3.457925e-06
3.457925e-06
13.831704
3.4579287
4.70662e-06
3.457925e-06
4.0342456e-06
13.831704
3.4579287
3.4579287
3.457925e-06
3.457925e-06
3.4579287
3.457925e-06
3.457925e-06
4.70662e-06
3.457925e-06
3.457925e-06
4.70662e-06
3.4579287
3.457925e-06
3.4579287
3.457925e-06
55.326805
4.70662e-06
3.457925e-06
4.70662e-06
3.457925e-06
3.457925e-06
13.831704
3.457925e-06
13.831704
13.831704
3.457925e-06
3.457925e-06
3.457925e-06
3.457925e-06
3.4579287
3.457925e-06
3.457925e-06
4.70662e-06
3.457925e-06
3.457925e-06
4.70662e-06
3.457925e-06
3.457925e-06
3.4579287
3.457925e-06
3.457925e-06
3.457925e-06
3.457925e-06
3.457925e-06
3.457925e-06
4.14951e-06
3.4579287
3.457925e-06
3.4579287
4.706625
3.457925e-06
4.706625
4.70662e-06
4.70662e-06
4.70662e-06
4.70662e-06
8.471917e-06
4.70662e-06
4.70662e-06
4.70662e-06
22.413668
6.77754
230.62437
4.70662e-06
4.70662e-06
4.70662e-06
4.70662e-06
4.70662e-06
4.70662e-06
4.70662e-06
4.70662e-06
6.777533e-06
4.706625
4.70662e-06
4.70662e-06
4.70662e-06
6.777533e-06
4.70662e-06
4.70662e-06
4.70662e-06
4.70662e-06
4.70662e-06
4.70662e-06
4.70662e-06
4.70662e-06
4.70662e-06
5.6479444e-06
4.70662e-06
4.70662e-06
4.70662e-06
4.70662e-06
4.70662e-06
18.826485
4.70662e-06
4.70662e-06
4.706625
230.62437
4.70662e-06
381.23624
10.589907
4.70662e-06
6.777533e-06
4.70662e-06
11.593492
4.706625
4.70662e-06
6.777533e-06
4.70662e-06
4.70662e-06
4.70662e-06
4.70662e-06
4.70662e-06
6.777533e-06
6.777533e-06
6.777533e-06
6.777533e-06
6.777533e-06
6.77754
6.777533e-06
6.777533e-06
6.777533e-06
6.777533e-06
6.777533e-06
6.777533e-06
6.777533e-06
6.777533e-06
6.777533e-06
6.777533e-06
6.777533e-06
1.0589895e-05
6.777533e-06
6.777533e-06
6.77754
6.777533e-06
6.777533e-06
6.777533e-06
6.777533e-06
6.777533e-06
6.77754
6.777533e-06
6.777533e-06
27.110142
6.777533e-06
6.777533e-06
6.777533e-06
6.777533e-06
6.77754
6.777533e-06
6.777533e-06
6.777533e-06
1.0589895e-05
6.777533e-06
6.777533e-06
1.0589895e-05
1.0589895e-05
8.471917e-06
6.777533e-06
6.777533e-06
6.777533e-06
6.777533e-06
1.882648e-05
677.7533
6.777533e-06
6.777533e-06
6.777533e-06
6.77754
6.777533e-06
33.887676
6.777533e-06
1524.945
6.777533e-06
6.777533e-06
6.777533e-06
6.777533e-06
6.777533e-06
6.777533e-06
6.777533e-06
1.882648e-05
6.777533e-06
6.777533e-06
95.30907
6.777533e-06
6.777533e-06
6.777533e-06
6.777533e-06
6.777533e-06
6.777533e-06
1.0589895e-05
6.777533e-06
6.777533e-06
6.777533e-06
6.777533e-06
6.777533e-06
6.777533e-06
1524.945
6.777533e-06
6.77754
4.2359577e-05
6.777533e-06
6.777533e-06
6.777533e-06
6.777533e-06
1.0589895e-05
6.777533e-06
6.777533e-06
169.43834
27.110142
6.77754
1.0589895e-05
6.777533e-06
1.882648e-05
6.777533e-06
1.0589895e-05
6.777533e-06
6.777533e-06
6.777533e-06
6.777533e-06
1.0589895e-05
6.77754
6.777533e-06
6.77754
6.777533e-06
27.110142
6.77754
6.777533e-06
169.43834
6.777533e-06
6.777533e-06
6.777533e-06
6.777533e-06
1524.945
6.777533e-06
1.0589895e-05
1.0589895e-05
1.882648e-05
1.0589895e-05
1.0589895e-05
10.589907
10.589907
10.589907
1.0589895e-05
1.0589895e-05
4.2359577e-05
42.359596
1.0589895e-05
1.0589895e-05
1.0589895e-05
1.0589895e-05
1.0589895e-05
1.0589895e-05
18.8265
1.0589895e-05
1.0589895e-05
1.0589895e-05
1.0589895e-05
1.0589895e-05
10.589907
1.0589895e-05
1.0589895e-05
1.0589895e-05
1.0589895e-05
10.589907
1.0589895e-05
1.0589895e-05
1.0589895e-05
18.8265
1.0589895e-05
1.0589895e-05
10.589907
1.0589895e-05
1.0589895e-05
1.0589895e-05
10.589907
1.0589895e-05
1.0589895e-05
1.0589895e-05
1.0589895e-05
1.0589895e-05
4.2359577e-05
1.0589895e-05
1.0589895e-05
1.0589895e-05
1.0589895e-05
2.117979e-05
1.0589895e-05
1.882648e-05
1.0589895e-05
1.0589895e-05
1.0589895e-05
1.0589895e-05
1.0589895e-05
1.0589895e-05
1.0589895e-05
1.0589895e-05
10.589907
1.0589895e-05
1.0589895e-05
95.30907
10.589907
1.0589895e-05
1.0589895e-05
1.0589895e-05
1.0589895e-05
1.0589895e-05
1524.945
10.589907
1.0589895e-05
1.0589895e-05
1.0589895e-05
1.0589895e-05
1.882648e-05
1.882648e-05
42.359596
1.0589895e-05
1.0589895e-05
1.0589895e-05
1.882648e-05
1.0589895e-05
1.0589895e-05
1.0589895e-05
1.0589895e-05
1.0589895e-05
264.74738
1.5884843e-05
1.0589895e-05
42.359596
1.0589895e-05
1.0589895e-05
1.0589895e-05
1.0589895e-05
1.0589895e-05
1.0589895e-05
1.0589895e-05
1.882648e-05
1524.945
1.0589895e-05
1.0589895e-05
1.0589895e-05
1.0589895e-05
1.0589895e-05
1.0589895e-05
1.0589895e-05
1.0589895e-05
1.0589895e-05
1.0589895e-05
1.0589895e-05
1.0589895e-05
4.2359577e-05
1.0589895e-05
1.0589895e-05
1.0589895e-05
1.0589895e-05
1.0589895e-05
1.0589895e-05
10.589907
1.0589895e-05
1.0589895e-05
1.0589895e-05
1524.945
1.0589895e-05
1.0589895e-05
1.0589895e-05
1.0589895e-05
1.882648e-05
1.882648e-05
1.882648e-05
0.00016943831
1.882648e-05
1.882648e-05
1.882648e-05
1.882648e-05
1.882648e-05
1.882648e-05
1.882648e-05
1.882648e-05
1.882648e-05
42.359623
1.882648e-05
1.882648e-05
1524.945
1.882648e-05
1.882648e-05
1.882648e-05
4.2359577e-05
18.8265
4.2359577e-05
1.882648e-05
4.2359577e-05
1.882648e-05
1.882648e-05
4.2359577e-05
1.882648e-05
1.882648e-05
1.882648e-05
2.8239718e-05
1.882648e-05
1.882648e-05
1.882648e-05
1.882648e-05
1.882648e-05
1.882648e-05
2.8239718e-05
18.8265
1.882648e-05
1.882648e-05
1.882648e-05
1.882648e-05
1.882648e-05
1.882648e-05
1.882648e-05
1.882648e-05
1.882648e-05
1.882648e-05
1.882648e-05
1.882648e-05
1.882648e-05
1.882648e-05
4.2359577e-05
1.882648e-05
1.882648e-05
1.882648e-05
1.882648e-05
1.882648e-05
1.882648e-05
18.8265
1.882648e-05
1.882648e-05
1.882648e-05
1.882648e-05
1.882648e-05
1.882648e-05
1.882648e-05
4.2359577e-05
1.882648e-05
1.882648e-05
1.882648e-05
1.882648e-05
1.882648e-05
1.882648e-05
1.882648e-05
1.882648e-05
1.882648e-05
1.882648e-05
1.882648e-05
1.882648e-05
1.882648e-05
1.882648e-05
1.882648e-05
3.765296e-05
1.882648e-05
1.882648e-05
1.882648e-05
1.882648e-05
1.882648e-05
1.882648e-05
18.8265
1.882648e-05
1.882648e-05
1.882648e-05
1.882648e-05
1.882648e-05
15.807531
1.882648e-05
1.882648e-05
1.882648e-05
1.882648e-05
1.882648e-05
1.882648e-05
4.2359577e-05
1.882648e-05
1.882648e-05
1.882648e-05
1.882648e-05
1.882648e-05
4.2359577e-05
4.2359577e-05
1.882648e-05
1.882648e-05
75.30594
1.882648e-05
18.8265
18.8265
1.882648e-05
1.882648e-05
1.882648e-05
42.359623
4.2359577e-05
1.882648e-05
0.00016943831
1.882648e-05
1.882648e-05
1.882648e-05
1.882648e-05
1.882648e-05
1.882648e-05
1.882648e-05
1.882648e-05
1.882648e-05
1.882648e-05
1204.8948
1.882648e-05
1.882648e-05
1.882648e-05
1.882648e-05
1.882648e-05
1.882648e-05
1.882648e-05
1.882648e-05
3.765296e-05
1524.945
1.882648e-05
1.882648e-05
1.882648e-05
1.882648e-05
1.882648e-05
1.882648e-05
18.8265
33.679756
1.882648e-05
1.882648e-05
1.882648e-05
1.882648e-05
1.882648e-05
1.882648e-05
1.882648e-05
1.882648e-05
1.882648e-05
1.882648e-05
1.882648e-05
1.882648e-05
0.00016943831
1.882648e-05
75.30594
1.882648e-05
1.882648e-05
1.882648e-05
1.882648e-05
1.882648e-05
1.882648e-05
1.882648e-05
1.882648e-05
1.882648e-05
1.882648e-05
1.882648e-05
1.882648e-05
1.882648e-05
1.882648e-05
1.882648e-05
3.765296e-05
1.882648e-05
1.882648e-05
1.882648e-05
1.882648e-05
1.882648e-05
1.882648e-05
1.882648e-05
1.882648e-05
1.882648e-05
1.882648e-05
4.2359577e-05
1.882648e-05
18.8265
4.2359577e-05
1.882648e-05
1.882648e-05
1.882648e-05
4.2359577e-05
1.882648e-05
4.2359577e-05
2.8239718e-05
1.882648e-05
1.882648e-05
1.882648e-05
4.2359577e-05
1.882648e-05
1.882648e-05
18.8265
1.882648e-05
1524.945
1.882648e-05
0.00016943831
1.882648e-05
1.882648e-05
1.882648e-05
1.882648e-05
1.882648e-05
1.882648e-05
1.882648e-05
4.2359577e-05
4.2359577e-05
0.00016943831
4.2359577e-05
42.359623
4.2359577e-05
4.2359577e-05
4.2359577e-05
4.2359577e-05
1524.945
4.2359577e-05
4.2359577e-05
4.2359577e-05
4.2359577e-05
4.2359577e-05
4.2359577e-05
4.2359577e-05
4.2359577e-05
4.2359577e-05
4.2359577e-05
4.2359577e-05
4.2359577e-05
4.2359577e-05
4.2359577e-05
4.2359577e-05
4.2359577e-05
4.2359577e-05
11.469601
4.2359577e-05
4.2359577e-05
4.2359577e-05
4.2359577e-05
4.2359577e-05
4.2359577e-05
4.2359577e-05
4.2359577e-05
1058.9895
4.2359577e-05
4.2359577e-05
4.2359577e-05
0.00016943831
42.359623
4.2359577e-05
4.2359577e-05
110.605606
4.2359577e-05
4.2359577e-05
0.00016943831
4.2359577e-05
4.2359577e-05
4.2359577e-05
4.2359577e-05
4.2359577e-05
4.2359577e-05
4.2359577e-05
4.2359577e-05
4.2359577e-05
4.2359577e-05
4.2359577e-05
4.2359577e-05
4.2359577e-05
4.2359577e-05
4.2359577e-05
4.2359577e-05
4.2359577e-05
4.2359577e-05
4.2359577e-05
4.2359577e-05
4.2359577e-05
4.2359577e-05
4.2359577e-05
1524.945
1524.945
4.2359577e-05
4.2359577e-05
42.359623
4.2359577e-05
4.2359577e-05
42.359623
4.2359577e-05
4.2359577e-05
4.2359577e-05
4.2359577e-05
4.2359577e-05
4.2359577e-05
4.2359577e-05
4.2359577e-05
4.2359577e-05
4.2359577e-05
0.00016943831
4.2359577e-05
4.2359577e-05
169.43837
4.2359577e-05
4.2359577e-05
4.2359577e-05
4.2359577e-05
169.43849
4.2359577e-05
4.2359577e-05
4.2359577e-05
0.00016943831
4.2359577e-05
4.2359577e-05
4.2359577e-05
4.2359577e-05
4.2359577e-05
4.2359577e-05
4.2359577e-05
4.2359577e-05
4.2359577e-05
4.2359577e-05
4.2359577e-05
4.2359577e-05
4.2359577e-05
4.2359577e-05
4.2359577e-05
4.2359577e-05
169.43837
4.2359577e-05
4.2359577e-05
4.2359577e-05
1524.945
4.2359577e-05
4.2359577e-05
4.2359577e-05
4.2359577e-05
42.359623
4.2359577e-05
0.00016943831
4.2359577e-05
4.2359577e-05
4.2359577e-05
4.2359577e-05
4.2359577e-05
4.2359577e-05
4.2359577e-05
4.2359577e-05
4.2359577e-05
4.2359577e-05
4.2359577e-05
4.2359577e-05
4.2359577e-05
4.2359577e-05
4.2359577e-05
4.2359577e-05
4.2359577e-05
4.2359577e-05
0.00016943831
4.2359577e-05
4.2359577e-05
4.2359577e-05
4.2359577e-05
4.2359577e-05
4.2359577e-05
4.2359577e-05
0.00016943831
4.2359577e-05
4.2359577e-05
4.2359577e-05
4.2359577e-05
4.2359577e-05
4.2359577e-05
4.2359577e-05
4.2359577e-05
4.2359577e-05
4.2359577e-05
4.2359577e-05
4.2359577e-05
4.2359577e-05
4.2359577e-05
42.359623
4.2359577e-05
4.2359577e-05
4.2359577e-05
4.2359577e-05
4.2359577e-05
4.2359577e-05
42.359623
4.2359577e-05
169.43837
4.2359577e-05
4.2359577e-05
4.2359577e-05
4.2359577e-05
4.2359577e-05
42.359623
4.2359577e-05
4.2359577e-05
4.2359577e-05
4.2359577e-05
4.2359577e-05
4.2359577e-05
4.2359577e-05
4.2359577e-05
4.2359577e-05
4.2359577e-05
4.2359577e-05
4.2359577e-05
4.2359577e-05
4.2359577e-05
1524.945
4.2359577e-05
4.2359577e-05
4.2359577e-05
4.2359577e-05
4.2359577e-05
4.2359577e-05
4.2359577e-05
4.2359577e-05
4.2359577e-05
4.2359577e-05
4.2359577e-05
4.2359577e-05
4.2359577e-05
4.2359577e-05
4.2359577e-05
4.2359577e-05
4.2359577e-05
4.2359577e-05
4.2359577e-05
4.2359577e-05
4.2359577e-05
4.2359577e-05
4.2359577e-05
4.2359577e-05
4.2359577e-05
4.2359577e-05
4.2359577e-05
1524.945
4.2359577e-05
0.00016943831
4.2359577e-05
4.2359577e-05
4.2359577e-05
4.2359577e-05
4.2359577e-05
4.2359577e-05
4.2359577e-05
4.2359577e-05
4.2359577e-05
4.2359577e-05
4.2359577e-05
4.2359577e-05
4.2359577e-05
4.2359577e-05
4.2359577e-05
4.2359577e-05
38.829655
4.2359577e-05
4.2359577e-05
4.2359577e-05
4.2359577e-05
1524.945
4.2359577e-05
4.2359577e-05
0.00016943831
4.2359577e-05
4.2359577e-05
4.2359577e-05
4.2359577e-05
4.2359577e-05
4.2359577e-05
4.2359577e-05
0.00016943831
4.2359577e-05
4.2359577e-05
4.2359577e-05
169.43837
379.63263
4.2359577e-05
4.2359577e-05
4.2359577e-05
4.2359577e-05
4.2359577e-05
4.2359577e-05
4.2359577e-05
4.2359577e-05
4.2359577e-05
4.2359577e-05
4.2359577e-05
4.2359577e-05
0.00016943831
4.2359577e-05
4.2359577e-05
4.2359577e-05
4.2359577e-05
4.2359577e-05
4.2359577e-05
1524.945
0.00016943831
4.2359577e-05
4.2359577e-05
4.2359577e-05
4.2359577e-05
42.359623
4.2359577e-05
4.2359577e-05
4.2359577e-05
4.2359577e-05
4.2359577e-05
4.2359577e-05
4.2359577e-05
4.2359577e-05
42.359623
4.2359577e-05
4.2359577e-05
4.2359577e-05
4.2359577e-05
4.2359577e-05
4.2359577e-05
4.2359577e-05
4.2359577e-05
4.2359577e-05
141.36302
4.2359577e-05
4.2359577e-05
42.359623
4.2359577e-05
4.2359577e-05
0.00016943831
1524.9448
4.2359577e-05
4.2359577e-05
4.2359577e-05
4.2359577e-05
4.2359577e-05
4.2359577e-05
4.2359577e-05
4.2359577e-05
4.2359577e-05
4.2359577e-05
4.2359577e-05
4.2359577e-05
4.2359577e-05
4.2359577e-05
4.2359577e-05
4.2359577e-05
4.2359577e-05
4.2359577e-05
4.2359577e-05
4.2359577e-05
4.2359577e-05
4.2359577e-05
4.2359577e-05
677.75336
4.2359577e-05
4.2359577e-05
4.2359577e-05
42.359623
4.2359577e-05
4.2359577e-05
4.2359577e-05
4.2359577e-05
4.2359577e-05
4.2359577e-05
169.43837
4.2359577e-05
4.2359577e-05
4.2359577e-05
4.2359577e-05
4.2359577e-05
1524.945
4.2359577e-05
4.2359577e-05
4.2359577e-05
4.2359577e-05
4.2359577e-05
4.2359577e-05
24.312935
4.2359577e-05
4.2359577e-05
4.2359577e-05
4.2359577e-05
4.2359577e-05
4.2359577e-05
4.2359577e-05
4.2359577e-05
4.2359577e-05
4.2359577e-05
4.2359577e-05
4.2359577e-05
4.2359577e-05
4.2359577e-05
4.2359577e-05
4.2359577e-05
0.00016943831
4.2359577e-05
4.2359577e-05
4.2359577e-05
0.00016943831
4.2359577e-05
4.2359577e-05
0.00016943831
4.2359577e-05
4.2359577e-05
42.359623
4.2359577e-05
4.2359577e-05
0.00016943831
0.00016943831
0.00016943831
1524.945
0.00016943831
0.00016943831
0.00016943831
0.00016943831
0.00016943831
0.00016943831
0.00016943831
0.00016943831
0.00016943831
0.00016943831
0.00016943831
0.00016943831
0.00016943831
0.00016943831
1524.945
0.00016943831
0.00016943831
0.00016943831
1524.945
0.00016943831
0.00016943831
0.00016943831
0.00016943831
0.00016943831
0.00016943831
0.00016943831
0.00016943831
0.00016943831
1524.945
0.00016943831
0.00016943831
0.00016943831
0.00016943831
0.00016943831
0.00016943831
0.00016943831
0.00016943831
0.00016943831
0.00016943831
0.00016943831
0.00016943831
0.00016943831
0.00016943831
0.00016943831
0.00016943831
677.7534
677.7534
0.00016943831
0.00016943831
0.00016943831
1524.945
0.00016943831
0.00016943831
0.00016943831
0.00016943831
0.00016943831
0.00016943831
0.00016943831
1524.945
0.00016943831
0.00016943831
0.00016943831
0.00016943831
0.00016943831
0.00016943831
0.00016943831
0.00016943831
1524.945
0.00016943831
0.00016943831
0.00016943831
0.00016943831
0.00016943831
0.00016943831
0.00016943831
1524.945
0.00016943831
0.00016943831
0.00016943831
45.8784
1524.945
0.00016943831
0.00016943831
0.00016943831
0.00016943831
0.00016943831
0.00016943831
0.00016943831
0.00016943831
0.00016943831
0.00016943831
0.00016943831
0.00016943831
0.00016943831
0.00016943831
0.00016943831
0.00016943831
0.00016943831
0.00016943831
0.00016943831
0.00016943831
0.00016943831
0.00016943831
0.00016943831
0.00016943831
0.00016943831
0.00016943831
0.00016943831
1524.945
0.00016943831
0.00016943831
0.00016943831
0.00016943831
0.00016943831
0.00016943831
0.00016943831
0.00016943831
0.00016943831
0.00016943831
0.00016943831
0.00016943831
0.00016943831
0.00016943831
0.00016943831
1524.945
0.00016943831
0.00016943831
0.00016943831
0.00016943831
0.00016943831
1524.945
0.00016943831
0.00016943831
0.00016943831
0.00016943831
0.00016943831
0.00016943831
0.00016943831
0.00016943831
0.00016943831
0.00016943831
0.00016943831
0.00016943831
0.00016943831
0.00016943831
0.00016943831
0.00016943831
0.00016943831
0.00016943831
0.00016943831
0.00016943831
0.00016943831
0.00016943831
0.00016943831
0.00016943831
0.00016943831
0.00016943831
0.00016943831
0.00016943831
1197.023
0.00016943831
0.00016943831
1524.945
0.00016943831
0.00016943831
0.00016943831
0.00016943831
0.00016943831
0.00016943831
0.00016943831
0.00016943831
0.00016943831
169.43849
0.00016943831
0.00016943831
0.00016943831
0.00016943831
169.43849
0.00016943831
0.00016943831
0.00016943831
0.00016943831
0.00016943831
0.00016943831
0.00016943831
0.00016943831
0.00016943831
0.00016943831
0.00016943831
0.00016943831
0.00016943831
0.00016943831
0.00016943831
0.00016943831
0.00016943831
1524.945
0.00016943831
0.00016943831
0.00016943831
169.43849
0.00016943831
0.00016943831
0.00016943831
0.00016943831
0.00016943831
0.00016943831
0.00016943831
0.00016943831
0.00016943831
0.00016943831
0.00016943831
0.00016943831
0.00016943831
0.00016943831
0.00016943831
1524.945
0.00016943831
0.00016943831
0.00016943831
0.00016943831
0.00016943831
0.00016943831
0.00016943831
0.00016943831
0.00016943831
0.00016943831
0.00016943831
0.00016943831
0.00016943831
0.00016943831
0.00016943831
0.00016943831
0.00016943831
0.00016943831
0.00016943831
0.00016943831
0.00016943831
0.00016943831
0.00016943831
0.00016943831
0.00016943831
0.00016943831
0.00016943831
0.00016943831
0.00016943831
0.00016943831
0.00016943831
0.00016943831
0.00016943831
0.00016943831
0.00016943831
0.00016943831
0.00016943831
169.43849
0.00016943831
0.00016943831
0.00016943831
0.00016943831
0.00016943831
0.00016943831
0.00016943831
0.00016943831
0.00016943831
0.00016943831
0.00016943831
0.00016943831
0.00016943831
0.00016943831
0.00016943831
0.00016943831
0.00016943831
0.00016943831
0.00016943831
0.00016943831
0.00016943831
0.00016943831
0.00016943831
0.00016943831
0.00016943831
0.00016943831
0.00016943831
0.00016943831
0.00016943831
0.00016943831
0.00016943831
0.00016943831
0.00016943831
0.00016943831
169.43849
0.00016943831
0.00016943831
0.00016943831
6.321741
0.00016943831
0.00016943831
169.43849
0.00016943831
0.00016943831
0.00016943831
0.00016943831
0.00016943831
0.00016943831
0.00016943831
0.00016943831
0.00016943831
0.00033887662
0.00016943831
0.00016943831
0.00016943831
0.00016943831
0.00016943831
0.00016943831
1524.945
0.00016943831
0.00016943831
0.00016943831
0.00016943831
0.00016943831
0.00016943831
0.00016943831
0.00016943831
1524.945
0.00016943831
0.00016943831
0.00016943831
0.00016943831
0.00016943831
0.00016943831
0.00016943831
0.00016943831
0.00016943831
0.00016943831
0.00016943831
0.00016943831
0.00016943831
0.00016943831
0.00016943831
1524.945
0.00016943831
0.00016943831
0.00016943831
0.00016943831
0.00016943831
0.00016943831
0.00016943831
0.00016943831
0.00016943831
0.00016943831
1524.945
0.00016943831
0.00016943831
677.7534
0.00016943831
0.00016943831
0.00016943831
0.00016943831
677.7534
0.00016943831
0.00016943831
0.00016943831
0.00016943831
0.00016943831
0.00016943831
0.00016943831
0.00016943831
0.00016943831
0.00016943831
0.00016943831
0.00016943831
0.00016943831
0.00016943831
0.00016943831
169.43849
0.00016943831
1524.945
1524.945
0.00016943831
0.00016943831
1524.945
0.00016943831
0.00016943831
0.00016943831
0.00016943831
0.00016943831
1524.945
0.00016943831
0.00016943831
0.00016943831
0.00016943831
0.00016943831
0.00016943831
0.00016943831
0.00016943831
1524.945
0.00016943831
0.00016943831
0.00016943831
0.00016943831
0.00016943831
1524.945
0.00016943831
0.00016943831
0.00016943831
0.00016943831
0.00016943831
0.00016943831
0.00016943831
0.00016943831
0.00016943831
0.00016943831
0.00016943831
0.00016943831
0.00016943831
0.00016943831
0.00016943831
169.43849
0.00016943831
0.00016943831
0.00016943831
0.00016943831
0.00016943831
0.00016943831
0.00016943831
0.00016943831
0.00016943831
0.00016943831
0.00016943831
0.00016943831
0.00016943831
0.00016943831
0.00016943831
0.00016943831
0.00016943831
0.00016943831
0.00016943831
0.00016943831
0.00016943831
0.00016943831
0.00016943831
0.00016943831
0.00016943831
0.00016943831
0.00016943831
0.00016943831
0.00016943831
0.00016943831
0.00016943831
0.00016943831
0.00016943831
0.00016943831
1524.945
0.00016943831
1524.945
0.00016943831
0.00016943831
0.00016943831
0.00016943831
0.00016943831
0.00016943831
0.00016943831
0.00016943831
0.00016943831
0.00016943831
0.00016943831
0.00016943831
2711.0132
0.00016943831
0.00016943831
0.00016943831
0.00016943831
0.00016943831
0.00016943831
0.00016943831
0.00016943831
0.00016943831
0.00016943831
0.00016943831
0.00016943831
0.00016943831
0.00016943831
0.00016943831
0.00016943831
0.00016943831
0.00016943831
0.00016943831
0.00016943831
0.00016943831
0.00016943831
1524.945
1524.945
0.00016943831
0.00016943831
0.00016943831
0.00016943831
0.00016943831
0.00016943831
0.00016943831
0.00016943831
0.00016943831
0.00016943831
1524.945
0.00016943831
0.00016943831
0.00016943831
0.00016943831
0.00016943831
2711.0132
0.00016943831
0.00016943831
0.00016943831
0.00016943831
0.00016943831
0.00016943831
1524.945
0.00016943831
0.00016943831
0.00016943831
0.00016943831
0.00016943831
0.00016943831
0.00016943831
1524.945
0.00016943831
0.00016943831
0.00016943831
0.00016943831
0.00016943831
0.00016943831
0.00016943831
0.00016943831
0.00016943831
0.00016943831
0.00016943831
0.00016943831
0.00016943831
0.00016943831
0.00016943831
0.00016943831
0.00016943831
0.00016943831
0.00016943831
0.00016943831
0.00016943831
0.00016943831
0.00016943831
0.00016943831
0.00016943831
0.00016943831
0.00016943831
0.00016943831
0.00016943831
0.00016943831
0.00016943831
1524.945
0.00016943831
0.00016943831
0.00016943831
0.00016943831
0.00016943831
0.00016943831
0.00016943831
0.00016943831
0.00016943831
0.00016943831
0.00016943831
0.00016943831
0.00016943831
0.00016943831
0.00016943831
0.00016943831
0.00016943831
0.00016943831
0.00016943831
0.00016943831
0.00016943831
0.00016943831
0.00016943831
0.00016943831
0.00016943831
0.00016943831
0.00016943831
0.00016943831
0.00016943831
0.00016943831
0.00016943831
0.00016943831
0.00016943831
0.00016943831
0.00016943831
0.00016943831
0.00016943831
0.00016943831
0.00016943831
0.00016943831
0.00016943831
0.00016943831
0.00016943831
0.00016943831
0.00016943831
1524.945
0.00016943831
0.00016943831
1524.945
0.00016943831
0.00016943831
0.00016943831
0.00016943831
0.00016943831
0.00016943831
0.00016943831
0.00016943831
0.00016943831
0.00016943831
0.00016943831
0.00016943831
0.00016943831
0.00016943831
0.00016943831
0.00016943831
0.00016943831
677.7534
0.00016943831
0.00016943831
0.00016943831
0.00016943831
169.43849
0.00016943831
0.00016943831
0.00033887662
0.00033887662
0.00016943831
1524.945
0.00016943831
0.00016943831
1524.945
0.00016943831
0.00016943831
0.00016943831
0.00016943831
0.00016943831
0.00016943831
0.00016943831
0.00016943831
0.00016943831
0.00016943831
1524.945
0.00016943831
0.00016943831
0.00016943831
0.00016943831
0.00016943831
0.00016943831
0.00016943831
0.00016943831
0.00016943831
0.00016943831
0.00016943831
0.00016943831
0.00016943831
0.00016943831
0.00016943831
0.00016943831
0.00016943831
0.00016943831
0.00016943831
0.00016943831
1524.945
0.00016943831
0.00016943831
0.00016943831
0.00016943831
0.00016943831
0.00016943831
0.00016943831
0.00016943831
0.00016943831
0.00016943831
0.00016943831
0.00016943831
0.00016943831
0.00016943831
0.00016943831
0.00016943831
0.00016943831
1524.945
0.00016943831
0.00016943831
0.00016943831
0.00016943831
0.00016943831
0.00016943831
0.00016943831
1524.945
0.00016943831
0.00016943831
0.00016943831
0.00016943831
0.00016943831
169.43849
0.00016943831
273.53372
0.00016943831
0.00016943831
0.00016943831
0.00016943831
0.00016943831
0.00016943831
0.00016943831
0.00016943831
0.00016943831
0.00016943831
0.00016943831
0.00016943831
0.00016943831
0.00016943831
0.00016943831
0.00016943831
0.00016943831
0.00033887662
0.00016943831
0.00016943831
0.00016943831
0.00016943831
0.00016943831
0.00016943831
0.00016943831
0.00016943831
0.00016943831
0.00016943831
0.00016943831
0.00016943831
0.00016943831
0.00016943831
0.00016943831
0.00016943831
0.00016943831
0.00016943831
0.00016943831
0.00016943831
0.00016943831
0.00016943831
169.43849
0.00016943831
0.00016943831
0.00016943831
0.00016943831
0.00016943831
0.00016943831
0.00016943831
0.00016943831
0.00016943831
0.00016943831
0.00016943831
0.00016943831
166.83173
0.00016943831
0.00016943831
0.00016943831
0.00016943831
0.00016943831
0.00016943831
1524.945
0.00016943831
0.00016943831
0.00016943831
0.00016943831
0.00016943831
0.00016943831
0.00016943831
0.00016943831
0.00016943831
0.00016943831
0.00016943831
0.00016943831
0.00016943831
0.00016943831
0.00016943831
0.00016943831
0.00016943831
0.00016943831
0.00016943831
0.00016943831
0.00016943831
0.00016943831
0.00016943831
0.00016943831
0.00016943831
0.00016943831
0.00016943831
0.00016943831
0.00016943831
0.00016943831
0.00016943831
0.00016943831
0.00016943831
0.00016943831
0.00016943831
0.00016943831
0.00016943831
0.00016943831
0.00016943831
169.43849
0.00016943831
0.00016943831
0.00016943831
0.00016943831
0.00016943831
0.00016943831
0.00016943831
169.43849
0.00016943831
0.00016943831
0.00016943831
0.00016943831
0.00016943831
0.00016943831
0.00016943831
677.7534
0.00016943831
0.00016943831
0.00016943831
0.00016943831
0.00016943831
0.00016943831
70.37596
0.00016943831
1524.945
0.00016943831
0.00016943831
0.00016943831
0.00016943831
0.00016943831
0.00016943831
0.00016943831
0.00016943831
0.00016943831
0.00016943831
0.00016943831
0.00016943831
0.00016943831
0.00016943831
0.00016943831
1524.945
0.00016943831
0.00016943831
0.00016943831
0.00016943831
0.00016943831
0.00016943831
0.00016943831
0.00016943831
0.00016943831
0.00016943831
0.00016943831
0.00016943831
0.00016943831
0.00016943831
0.00016943831
0.00016943831
0.00016943831
0.00016943831
0.00016943831
0.00016943831
0.00016943831
1524.945
0.00016943831
0.00016943831
0.00016943831
0.00016943831
0.00016943831
0.00016943831
0.00016943831
0.00016943831
0.00016943831
0.00016943831
0.00016943831
0.00016943831
0.00016943831
0.00016943831
0.00016943831
0.00016943831
169.43849
0.00016943831
0.00016943831
0.00016943831
0.00016943831
0.00016943831
0.00016943831
0.00016943831
0.00016943831
0.00016943831
0.00016943831
0.00016943831
169.43849
0.00016943831
0.00016943831
0.00016943831
0.00016943831
0.00016943831
0.00016943831
0.00016943831
0.00016943831
0.00016943831
0.00016943831
0.00016943831
0.00016943831
0.00016943831
1524.945
0.00016943831
0.00016943831
0.00016943831
0.00016943831
0.00016943831
0.00016943831
0.00016943831
169.43849
0.00016943831
0.00016943831
1524.945
0.00016943831
0.00016943831
0.00016943831
0.00016943831
0.00016943831
0.00016943831
0.00016943831
0.00016943831
0.00016943831
0.00016943831
0.00016943831
0.00016943831
0.00016943831
0.00016943831
0.00016943831
1524.945
0.00016943831
0.00016943831
0.00016943831
0.00016943831
677.7534
0.00016943831
0.00016943831
0.00016943831
0.00016943831
1524.945
0.00016943831
0.00016943831
0.00016943831
0.00016943831
0.00016943831
0.00016943831
169.43849
0.00016943831
0.00016943831
0.00016943831
1524.945
0.00016943831
0.00016943831
0.00016943831
0.00016943831
0.00016943831
0.00016943831
0.00016943831
0.00016943831
1.0177406
1.0500271
0.6342734
0.9831347
1.190668
1.0884424
0.47703403
1.2725981
1.6615018
1.1560838
0.9629691
0.42726657
0.943557
1.2187144
0.7749763
1.1460465
0.36151156
0.35072678
0.35344058
1.0343426
0.65892047
1.0916276
0.9070107
1.0459813
1.3448921
1.114689
0.6682454
0.9099847
0.88750786
0.31440082
3.0905907
0.71634835
0.4810387
1.8008091
0.10522554
0.9590012
1.72653
0.009046399
1.3966116
0.3995978
1.4444424
0.66237277
0.96172863
1.109663
1.6770191
3.6201754
0.36208847
1.2151495
1.9266328
1.0864904
0.943334
0.029526155
0.8739774
0.27593967
0.84808546
2.0789354
0.44296408
0.5765718
2.0254958
1.1511697
2.3459778
0.5329214
0.96699995
1.0047204
1.4284408
0.7102075
0.2949536
0.33715114
0.14667071
0.47246143
2.1767232e-09
4.152493e-09
1.6819016
0.19482486
0.3314192
1.1939509
1.225496
0.653247
0.23254457
0.037769474
0.5844473
2.545495e-09
2.6894544e-09
1.6002792
2.276471
0.95490646
0.39822066
0.12781768
2.1448488
0.6710131
0.7809503
0.3454787
0.7803275
0.35328352
1.7826375
0.934311
1.723597
0.28978568
0.56848925
0.67621803
3.0468245
0.46169633
1.0903634
2.4664326
0.18884996
0.017924026
0.68699515
2.5092487
2.3043635
4.548802e-09
1.9336628
0.08609889
1.617376
0.07801999
1.4870075
0.08231207
0.15012813
0.05515571
0.79266804
6.8740444e-09
0.5503149
0.28904545
0.27209213
0.6923498
0.73137736
0.15372181
0.9965057
0.69565874
0.1742887
0.53002477
0.45775327
0.5229578
0.8062721
1.4123565
0.5294743
0.3173852
10.808949
1.4050753
7.4311792e-09
7.632013e-09
0.302021
0.94042444
1.0354849
2.4727721
0.8220046
0.6769879
3.390106
8.522626e-09
1.3809354
8.285897e-09
8.285897e-09
4.1040425
1.4740176
3.0999808
0.8522626
1.8236021
0.008904573
6.1636295
0.8064324
0.55016774
0.08139206
1.4146833
1.018198e-08
0.01216881
0.8370689
0.8644812
1.6693895
1.0672608e-08
1.10196625e-08
5.712183
1.8674839
2.692156
0.31928036
0.4476001
0.2269803
1.3037729e-08
0.88012767
0.46378478
0.06528883
0.66811246
1.0025936
0.6927529
0.054030094
1.5079952e-08
0.13387606
0.1340656
3.6360507
0.5229578
1.2807283
1.9175909e-08
0.080384955
1.5971187e-08
0.42408442
0.0694741
1.7551755
0.069448814
1.6943833e-08
0.017642492
0.9719342
3.3039813
0.018774351
1.3039616
0.1708056
0.01959053
0.07934862
0.5072307
0.5204864
8.466053
0.024013394
0.8247404
0.086626455
2.2385828e-08
0.1779857
0.023451697
3.457925
1.285515
1.6269797
0.25064844
0.09838198
1.7606468
0.028216295
2.9334888e-08
1.0085378
2.3526657
2.376126
2.9334888e-08
3.369829
1.0902253
2.506301
2.7849824e-08
0.029896902
0.2615462
0.027849853
0.41332242
1.6257187
3.0970885e-08
0.81712157
0.12718211
0.71262467
15.410007
0.03189408
1.6712106
0.8059282
0.29030696
0.031795554
3.889769e-08
1.2656004
0.2941638
3.4579248e-08
5.7749395
5.0224485
1.2634584
0.553268
2.151171
1.2643038
2.3829923
1.350743
3.3938138
2.3451672
2.026972
3.2484035
5.036811e-08
0.36093375
11.694563
0.16842194
4.136678e-08
0.72857124
28.308485
0.043401983
4.269043e-08
4.269043e-08
0.47821414
6.0319806e-08
5.4030078e-08
5.036811e-08
0.44604176
0.767268
0.19162674
0.049730375
0.19162674
0.04867524
0.21850996
0.19156773
4.8675187e-08
0.43224066
0.7530593
4.8675187e-08
1.4876268
5.4030078e-08
5.810642e-08
1.9811027
2.7446208
5.601267e-08
5.4030078e-08
5.601267e-08
0.86448133
0.48091057
2.7190962
6.0319806e-08
7.422663
0.965117
3.1782265
3.6035058
4.9995294
7.857445e-08
0.965117
0.965117
6.580342e-08
6.26621
0.2506485
8.538959
1.9175909
1.5443598
0.28227967
7.078757e-08
6.777533e-08
12.919084
7.6703635e-08
12.428419
0.3202994
0.11139941
0.9788499
4.3265457
9.163782e-08
0.081420414
1.2376795e-07
2.9621916
1.0025938
7.6703635e-08
7.6703635e-08
0.07670371
8.007482e-08
0.09225068
0.3665514
2.6561148
1.2342718
5.8648205
1.05898955e-07
0.7235194
5.229578e-07
2.4680407
1.0560561
0.10225058
1.0079615e-07
1.0079615e-07
2.4233396
1.05898955e-07
1.0079615e-07
0.00076811016
1.03676044e-07
0.90716547
1.05898955e-07
1.1733955e-07
1.2376795e-07
1.05898955e-07
0.117339686
20.021523
0.11139941
6.5218186
1.3661518
1.11399295e-07
1.9014729
1.5559075e-07
1.8774332
0.49507195
2.0452056
7.921149
0.46935838
1.3831699e-07
1.1220596
0.35007954
1.0880579
1.9802874
0.5717104
1.513011e-07
0.13073958
0.516041
1.3945541e-07
1.3073945e-07
0.5229579
1.3447487e-07
0.48139572
2.4289231
0.5393004
4.1366777
0.5700338
0.15115352
1.4325688e-07
1.3831699e-07
1.3831699e-07
1.3831699e-07
21.3913
1.3646449
1.4657294e-07
1.0511585
0.6863823
1.5559075e-07
0.15559092
1.6546711e-07
0.18239462
3.1238012
2.647474
4.70662
0.6618687
1.4892042
1.6546711e-07
1.5868316
0.7052586
3.2235596
3.0122373
1.882648e-07
11.284135
0.011028274
0.08514249
1.882648e-07
0.7820233
1.9475671e-07
0.68811333
1.882648e-07
0.25064868
12.048947
0.18826501
3.3667963
0.83812565
0.25064868
2.0147245e-07
0.80589
3.4579253
2.1612031e-07
0.929703
0.8644815
0.929703
0.25064868
6.9733963
2.3242568e-07
2.3242568e-07
0.8644815
9.453027
0.24253139
2.0496924
5.403008
2.3242568e-07
2.255836
2.506484e-07
2.3242568e-07
2.3242568e-07
2.0918314
1.9383619
4.183663
2.3242568e-07
2.9416375e-07
0.25064868
2.3583739
2.4438224
4.1926646
2.7110133e-07
2.7110133e-07
45.816128
2.834241e-07
29.416372
0.1529732
0.5632956
3.6850443e-07
2.9416375e-07
5.6012673
2.9416375e-07
0.32029963
1.2784351
5.6012673
3.5007918e-07
0.3842143
3.2029928e-07
3.2029928e-07
3.380937e-07
0.101361595
0.36952838
4.9398926e-07
5.124789
0.32029963
1.2811975
1.0666959
0.32029963
0.335552
3.2029928e-07
1.6943839
1.4003171
1.4003171
6.2816974e-07
4.693582e-07
3.5007918e-07
3.5007918e-07
0.35007954
0.35007954
3.8421388e-07
3.8421388e-07
12.60285
8.6448125e-07
0.42359626
3.8421388e-07
4.2359582e-07
4.2359582e-07
1.536856
3.8421388e-07
11.458656
24.185514
0.3842143
5.5782164e-07
4.693582e-07
3.812363
0.46935874
28.704845
0.42359626
4.693582e-07
0.52295834
5.229578e-07
4.693582e-07
4.693582e-07
1.8194578
4.693582e-07
0.46935874
4.693582e-07
5.229578e-07
4.7066207
4.693582e-07
13.073945
4.693582e-07
5.229578e-07
5.229578e-07
1.8774335
5.862918e-07
4.2242246
5.5372004e-07
1524.945
5.229578e-07
2.0918317
5.862918e-07
5.229578e-07
5.229578e-07
5.229578e-07
5.229578e-07
14.657295
5.229578e-07
5.229578e-07
5.862918e-07
1.0025947
6.2816974e-07
5.862918e-07
2.0918334
6.6186846e-07
5.862918e-07
6.6186846e-07
6.6186846e-07
1.0025936e-06
5.862918e-07
5.9568167
5.862918e-07
7.530592e-07
6.777533e-06
1.0025936e-06
5.9568167
6.6186846e-07
7.530592e-07
7.636944e-07
1.0025947
6.6186846e-07
6.6186846e-07
6.6186846e-07
6.6186846e-07
5.9568167
6.6186846e-07
6.6186846e-07
6.6186846e-07
6.6186846e-07
6.6186846e-07
6.6186846e-07
5.9568167
3.457925e-06
4.2359577e-05
6.6186846e-07
7.3540946e-07
7.530592e-07
7.530592e-07
3.457925e-06
7.530592e-07
0.75306004
7.530592e-07
0.75306004
7.530592e-07
1.0937397
8.6448125e-07
7.530592e-07
7.530592e-07
0.75306004
7.530592e-07
3.457926
1.176655e-06
3.0122378
7.530592e-07
0.9365223
0.75306004
6.7775335
8.6448125e-07
3.7722828
7.780332
6.7775335
7.14682
8.6448125e-07
1524.945
3.457926
8.6448125e-07
8.6448125e-07
57.656094
8.6448125e-07
1.176655e-06
8.6448125e-07
8.6448125e-07
8.6448125e-07
8.6448125e-07
0.21650586
7.780332
8.6448125e-07
21.612032
8.6448125e-07
4.70662e-06
324.84033
8.6448125e-07
0.86448216
0.86448216
50.4114
0.6914449
1.1766562
1524.945
1.0025936e-06
0.1692215
1.0025936e-06
1.0025936e-06
1.0025947
1.0025936e-06
1.0025936e-06
1.0025936e-06
1.0025936e-06
1.0025936e-06
1.0025936e-06
1.0861442
1.176655e-06
1.176655e-06
1.0025936e-06
1.0025936e-06
1.0025936e-06
1.0025936e-06
1.0025936e-06
1.0025936e-06
1.0025936e-06
4.010376
1.0025936e-06
1.0025936e-06
2.6474767
1.0025936e-06
8.367327
1.0025936e-06
1.4003167e-06
1.176655e-06
1.4003167e-06
1.1766562
1.54035
1.176655e-06
1.176655e-06
1.176655e-06
13.831704
2.0918312e-06
4.706621
1.176655e-06
1.4381338e-06
1.176655e-06
1.176655e-06
29.416374
1.1766562
1.4003167e-06
1.4003181
1.176655e-06
1.1766562
127.60385
1.4003167e-06
1.4003181
1.1766562
6.161395
1.176655e-06
1.176655e-06
1.176655e-06
1.4003167e-06
1.4003167e-06
1.4003167e-06
1.4003167e-06
1.4003167e-06
1.4003167e-06
1.4003181
1.4003167e-06
1.4003167e-06
1.4003167e-06
0.9011289
1.4003167e-06
1.4003167e-06
1.4003167e-06
1.4003167e-06
1.4003167e-06
1.6943833e-06
1.4003167e-06
5.6012683
1.4003167e-06
1.4003167e-06
2.0918334
1524.945
1.4003167e-06
1.6943833e-06
2.382729
1.6943833e-06
1.6943833e-06
2.03326e-06
6.777533e-06
1.6943833e-06
1.6943833e-06
8.367327
1.9364401
1.6943833e-06
1.6943833e-06
1.6943833e-06
1.6943833e-06
1.6943833e-06
1.6943833e-06
1.6943833e-06
2.6474738e-06
2.6474738e-06
1.6943833e-06
1.6943833e-06
1.6943833e-06
1.0589895e-05
161.42032
15.249452
10.589897
6.7775354
1.6943833e-06
2.6474738e-06
1.694385
1.694385
1.6943833e-06
1.6943833e-06
1.6943833e-06
1.6943833e-06
27.110136
2.3906641e-06
23.827267
2.0918312e-06
2.0918334
2.0918312e-06
2.0918334
3.457925e-06
2.0918312e-06
3.457925e-06
2.6474738e-06
2.0918334
10.589899
2.0918312e-06
2.3533098e-06
2.6474738e-06
2.0918312e-06
2.0918312e-06
2.0918312e-06
2.0918312e-06
27.798477
2.0918334
2.0918334
2.0918312e-06
2.0918312e-06
2.0918312e-06
2.0918312e-06
2.0918312e-06
1524.945
2.0918312e-06
2.0918312e-06
2.6474738e-06
2.0918312e-06
2.0918312e-06
2.6147889e-06
2.6474738e-06
2.0918312e-06
2.0918334
2.6474767
2.6474738e-06
3.457925e-06
2.6474738e-06
2.6474738e-06
3.457925e-06
401.63156
3.4579287
2.6474738e-06
2.6474738e-06
214.44539
2.6474738e-06
2.6474738e-06
2.6474767
2.6474738e-06
23.827267
4.706625
2.6474738e-06
3.457925e-06
107.36956
2.6474767
2.6474738e-06
2.6474738e-06
3.0256845e-06
6.777533e-06
2.6474738e-06
2.6474738e-06
2.6474738e-06
2.6474738e-06
3.457925e-06
1524.945
2.6474738e-06
1.0589895e-05
2.6474767
2.6474738e-06
2.6474738e-06
2.6474738e-06
2.6474738e-06
2.6474738e-06
2.6474738e-06
2.6474738e-06
2.6474738e-06
1750.3446
3.457925e-06
3.0887225
2.6474738e-06
2.6474738e-06
1.8682662
2.6474738e-06
23.827267
42.359585
2.6474767
2.6474738e-06
2.6474738e-06
2.6474738e-06
3.4579287
3.457925e-06
3.457925e-06
3.457925e-06
3.457925e-06
3.457925e-06
3.457925e-06
3.457925e-06
3.4579287
4.70662e-06
3.457925e-06
3.457925e-06
13.831704
3.457925e-06
6.777533e-06
3.457925e-06
3.457925e-06
75.30594
13.831704
3.457925e-06
3.457925e-06
3.457925e-06
3.457925e-06
13.831704
3.457925e-06
4.70662e-06
3.457925e-06
13.831704
3.457925e-06
3.457925e-06
3.457925e-06
4.70662e-06
3.457925e-06
3.457925e-06
3.457925e-06
4.70662e-06
3.457925e-06
3.457925e-06
3.457925e-06
3.4579287
3.457925e-06
3.457925e-06
31.121328
3.457925e-06
381.2362
36.308216
4.0342456e-06
27.110142
13.831704
3.457925e-06
3.457925e-06
3.457925e-06
3.457925e-06
3.457925e-06
0.00016943831
3.457925e-06
3.457925e-06
4.706625
6.777533e-06
3.457925e-06
4.70662e-06
4.70662e-06
0.00016943831
10.589907
4.70662e-06
6.777533e-06
4.70662e-06
4.70662e-06
4.70662e-06
4.70662e-06
4.70662e-06
4.70662e-06
4.70662e-06
4.70662e-06
4.70662e-06
4.70662e-06
18.8265
4.70662e-06
4.70662e-06
4.70662e-06
5.6479444e-06
4.70662e-06
4.706625
6.777533e-06
6.777533e-06
4.706625
4.70662e-06
4.70662e-06
4.706625
4.706625
6.777533e-06
4.706625
4.70662e-06
4.70662e-06
4.70662e-06
18.826485
4.70662e-06
4.70662e-06
4.70662e-06
4.70662e-06
1.882648e-05
4.70662e-06
4.70662e-06
4.70662e-06
4.70662e-06
4.70662e-06
4.70662e-06
4.70662e-06
6.777533e-06
6.777533e-06
4.70662e-06
4.70662e-06
4.70662e-06
6.777533e-06
42.359585
6.777533e-06
4.70662e-06
4.70662e-06
4.70662e-06
75.30593
75.30593
4.706625
4.70662e-06
4.70662e-06
4.70662e-06
4.70662e-06
4.706625
6.777533e-06
117.436874
4.706625
4.70662e-06
4.70662e-06
4.706625
5.8832748e-06
4.70662e-06
6.777533e-06
6.777533e-06
6.77754
6.777533e-06
6.777533e-06
6.777533e-06
6.777533e-06
27.110142
6.777533e-06
6.777533e-06
6.777533e-06
6.77754
6.777533e-06
6.777533e-06
6.777533e-06
6.777533e-06
6.777533e-06
6.777533e-06
18.001375
6.777533e-06
6.77754
6.777533e-06
6.777533e-06
8.471925
6.777533e-06
6.777533e-06
6.777533e-06
6.777533e-06
6.77754
6.777533e-06
6.777533e-06
6.777533e-06
6.777533e-06
6.77754
6.77754
6.777533e-06
48.230824
6.777533e-06
6.777533e-06
6.777533e-06
1.0589895e-05
6.777533e-06
6.77754
6.777533e-06
1.882648e-05
6.777533e-06
17.135056
1.0589895e-05
1.0589895e-05
6.777533e-06
8.471925
6.777533e-06
1.882648e-05
27.110142
6.777533e-06
33.887676
6.777533e-06
6.777533e-06
6.777533e-06
6.777533e-06
6.777533e-06
6.777533e-06
6.777533e-06
6.77754
6.777533e-06
6.777533e-06
6.777533e-06
1.882648e-05
6.777533e-06
6.777533e-06
6.777533e-06
6.777533e-06
6.777533e-06
6.77754
6.777533e-06
6.77754
4.2359577e-05
6.777533e-06
6.777533e-06
6.777533e-06
6.777533e-06
60.997807
6.777533e-06
6.777533e-06
1.0589895e-05
6.777533e-06
6.777533e-06
6.777533e-06
1.0589895e-05
1.0589895e-05
95.30907
1.882648e-05
1.0589895e-05
1.882648e-05
1.0589895e-05
1.0589895e-05
1.0589895e-05
1.0589895e-05
1524.945
1.0589895e-05
1.0589895e-05
1.0589895e-05
1.0589895e-05
1.0589895e-05
1.0589895e-05
1.0589895e-05
1.0589895e-05
1.0589895e-05
1.0589895e-05
10.589907
1.0589895e-05
1.0589895e-05
1.0589895e-05
1.882648e-05
1.0589895e-05
1.0589895e-05
1.0589895e-05
1.0589895e-05
1.0589895e-05
95.30906
75.30594
1.0589895e-05
1.0589895e-05
1.0589895e-05
1.0589895e-05
1.0589895e-05
1.0589895e-05
1.0589895e-05
1.0589895e-05
1.882648e-05
1.0589895e-05
1.882648e-05
1.0589895e-05
1.0589895e-05
10.589907
1524.945
248.53162
1.0589895e-05
0.00016943831
1.0589895e-05
1.0589895e-05
1.5884843e-05
0.43820715
1.0589895e-05
1.0589895e-05
1.0589895e-05
1.0589895e-05
1.0589895e-05
1.0589895e-05
10.589907
1.0589895e-05
1.0589895e-05
1.0589895e-05
4.2359577e-05
10.589907
1.882648e-05
1.0589895e-05
1.0589895e-05
1.0589895e-05
52.533558
10.589907
1.0589895e-05
10.589907
95.30907
4.2359577e-05
1.0589895e-05
1.0589895e-05
1524.945
1.0589895e-05
1.0589895e-05
1.0589895e-05
1.0589895e-05
10.589907
1.4119862e-05
1.0589895e-05
1.0589895e-05
1.0589895e-05
1.0589895e-05
0.00016943831
10.589907
1.0589895e-05
1.0589895e-05
1.0589895e-05
1.0589895e-05
1.0589895e-05
1.0589895e-05
1.0589895e-05
10.589907
1.0589895e-05
1.0589895e-05
1.0589895e-05
1.0589895e-05
1.0589895e-05
1.882648e-05
1.0589895e-05
1.0589895e-05
1.0589895e-05
1.0589895e-05
1.0589895e-05
1.0589895e-05
1.0589895e-05
1.0589895e-05
1.0589895e-05
10.589907
1.0589895e-05
1.0589895e-05
1524.945
1.882648e-05
1.0589895e-05
1525.8705
1.882648e-05
1.882648e-05
1.882648e-05
1.882648e-05
1.882648e-05
1.882648e-05
1.882648e-05
18.8265
1.882648e-05
1.882648e-05
1.882648e-05
1.882648e-05
1.882648e-05
1.882648e-05
1524.945
1.882648e-05
1.882648e-05
1.882648e-05
1.882648e-05
1.882648e-05
1.882648e-05
1.882648e-05
1.882648e-05
1.882648e-05
18.8265
1.882648e-05
1.882648e-05
2.8239718e-05
1.882648e-05
4.2359577e-05
4.2359577e-05
1.882648e-05
18.8265
1.882648e-05
7.530592e-05
1.882648e-05
1.882648e-05
1.882648e-05
1.882648e-05
1.882648e-05
75.30594
1.882648e-05
1.882648e-05
1.882648e-05
1.882648e-05
1.882648e-05
1.882648e-05
1.882648e-05
1.882648e-05
1.882648e-05
1.882648e-05
1.882648e-05
1.882648e-05
18.8265
1.882648e-05
1.882648e-05
1.882648e-05
1.882648e-05
1.882648e-05
1.882648e-05
4.2359577e-05
1.882648e-05
1.882648e-05
1.882648e-05
1.882648e-05
4.2359577e-05
1.882648e-05
1.882648e-05
18.8265
1.882648e-05
1.882648e-05
1.882648e-05
1.882648e-05
1.882648e-05
1.882648e-05
1.882648e-05
1524.945
21.211544
1524946600.0
1.882648e-05
18.8265
18.8265
1.882648e-05
1.882648e-05
1.882648e-05
1.882648e-05
1.882648e-05
18.8265
1.882648e-05
18.8265
1.882648e-05
1.882648e-05
1.882648e-05
1.882648e-05
1.882648e-05
1.882648e-05
1.882648e-05
1.882648e-05
169.43834
1.882648e-05
1.882648e-05
1.882648e-05
1.882648e-05
1.882648e-05
1.882648e-05
1.882648e-05
1.882648e-05
0.00016943831
1524.945
1.882648e-05
1.882648e-05
1.882648e-05
1.882648e-05
1.882648e-05
1.882648e-05
42.359623
1.882648e-05
1.882648e-05
1.882648e-05
1.882648e-05
18.8265
1.882648e-05
1.882648e-05
1.882648e-05
1.882648e-05
1.882648e-05
1.882648e-05
1.882648e-05
18.8265
1.882648e-05
1.882648e-05
1.882648e-05
4.1586747
1.882648e-05
4.2359577e-05
1.882648e-05
1.882648e-05
1.882648e-05
1.882648e-05
1.882648e-05
1.882648e-05
1.882648e-05
1.882648e-05
1.882648e-05
1.882648e-05
677.7533
1.882648e-05
1.882648e-05
4.2359577e-05
18.8265
1.882648e-05
1.882648e-05
18.8265
1.882648e-05
1524.945
1524.945
42.359623
4.2359577e-05
4.2359577e-05
4.2359577e-05
4.2359577e-05
42.359623
4.2359577e-05
4.2359577e-05
4.2359577e-05
4.2359577e-05
4.2359577e-05
4.2359577e-05
4.2359577e-05
4.2359577e-05
169.43837
4.2359577e-05
4.2359577e-05
4.2359577e-05
4.2359577e-05
4.2359577e-05
4.2359577e-05
4.2359577e-05
4.2359577e-05
0.00016943831
4.2359577e-05
4.2359577e-05
4.2359577e-05
4.2359577e-05
4.2359577e-05
4.2359577e-05
4.2359577e-05
4.2359577e-05
4.2359577e-05
4.2359577e-05
4.2359577e-05
4.2359577e-05
4.2359577e-05
4.2359577e-05
4.2359577e-05
4.2359577e-05
4.2359577e-05
4.2359577e-05
4.2359577e-05
42.359623
4.2359577e-05
119.77356
4.2359577e-05
4.2359577e-05
4.2359577e-05
4.2359577e-05
1524.945
4.2359577e-05
4.2359577e-05
4.2359577e-05
4.2359577e-05
4.2359577e-05
169.43837
4.2359577e-05
0.00016943831
4.2359577e-05
4.2359577e-05
1524.945
4.2359577e-05
4.2359577e-05
4.2359577e-05
4.2359577e-05
4.2359577e-05
4.2359577e-05
4.2359577e-05
2098.2957
4.2359577e-05
4.2359577e-05
4.2359577e-05
4.2359577e-05
4.2359577e-05
4.2359577e-05
4.2359577e-05
0.00016943831
4.2359577e-05
4.2359577e-05
4.2359577e-05
42.35958
4.2359577e-05
4.2359577e-05
4.2359577e-05
1524.945
4.2359577e-05
4.2359577e-05
4.2359577e-05
4.2359577e-05
4.2359577e-05
4.2359577e-05
4.2359577e-05
1524.945
0.00016943831
4.2359577e-05
4.2359577e-05
4.2359577e-05
4.2359577e-05
4.2359577e-05
4.2359577e-05
4.2359577e-05
4.2359577e-05
4.2359577e-05
75.82603
4.2359577e-05
4.2359577e-05
4.2359577e-05
4.2359577e-05
4.2359577e-05
4.2359577e-05
4.2359577e-05
4.2359577e-05
1524.945
4.2359577e-05
4.2359577e-05
4.2359577e-05
1524.945
4.2359577e-05
4.2359577e-05
4.2359577e-05
4.2359577e-05
0.00016943831
4.2359577e-05
4.2359577e-05
4.2359577e-05
4.2359577e-05
4.2359577e-05
4.2359577e-05
0.00016943831
4.2359577e-05
4.2359577e-05
4.2359577e-05
4.2359577e-05
4.2359577e-05
4.2359577e-05
8.4719155e-05
4.2359577e-05
4.2359577e-05
4.2359577e-05
4.2359577e-05
0.00016943831
4.2359577e-05
42.359623
4.2359577e-05
42.359623
0.00016943831
4.2359577e-05
4.2359577e-05
4.2359577e-05
4.2359577e-05
4.2359577e-05
4.2359577e-05
0.00016943831
4.2359577e-05
4.2359577e-05
4.2359577e-05
4.2359577e-05
4.2359577e-05
4.2359577e-05
4.2359577e-05
4.2359577e-05
169.43849
4.2359577e-05
4.2359577e-05
4.2359577e-05
8.4719155e-05
0.00016943831
4.2359577e-05
4.2359577e-05
8.4719155e-05
4.2359577e-05
0.00016943831
4.2359577e-05
1524.945
4.2359577e-05
4.2359577e-05
4.2359577e-05
4.2359577e-05
4.2359577e-05
4.2359577e-05
0.00016943831
4.2359577e-05
4.2359577e-05
4.2359577e-05
4.2359577e-05
169.43837
4.2359577e-05
4.2359577e-05
4.2359577e-05
4.2359577e-05
4.2359577e-05
0.00016943831
4.2359577e-05
4.2359577e-05
4.2359577e-05
4.2359577e-05
4.2359577e-05
1524.945
4.2359577e-05
4.2359577e-05
4.2359577e-05
4.2359577e-05
0.00016943831
4.2359577e-05
4.2359577e-05
4.2359577e-05
4.2359577e-05
4.2359577e-05
4.2359577e-05
4.2359577e-05
4.2359577e-05
4.2359577e-05
4.2359577e-05
169.43849
4.2359577e-05
4.2359577e-05
4.2359577e-05
4.2359577e-05
4.2359577e-05
4.2359577e-05
4.2359577e-05
4.2359577e-05
4.2359577e-05
4.2359577e-05
4.2359577e-05
4.2359577e-05
4.2359577e-05
1524.945
0.00016943831
4.2359577e-05
4.2359577e-05
4.2359577e-05
4.2359577e-05
4.2359577e-05
4.2359577e-05
4.2359577e-05
4.2359577e-05
4.2359577e-05
4.2359577e-05
42.359623
4.2359577e-05
4.2359577e-05
4.2359577e-05
4.2359577e-05
0.00016943831
0.00016943831
4.2359577e-05
0.00016943831
4.2359577e-05
4.2359577e-05
4.2359577e-05
4.2359577e-05
4.2359577e-05
4.2359577e-05
4.2359577e-05
0.00016943831
4.2359577e-05
4.2359577e-05
4.2359577e-05
4.2359577e-05
4.2359577e-05
4.2359577e-05
4.2359577e-05
0.00016943831
4.2359577e-05
0.00016943831
4.2359577e-05
4.2359577e-05
4.2359577e-05
42.359623
42.359623
4.2359577e-05
4.2359577e-05
4.2359577e-05
4.2359577e-05
4.2359577e-05
4.2359577e-05
4.2359577e-05
4.2359577e-05
4.2359577e-05
4.2359577e-05
4.2359577e-05
1524.945
4.2359577e-05
4.2359577e-05
4.2359577e-05
1524946600.0
4.2359577e-05
0.00016943831
0.00016943831
0.00016943831
0.00016943831
0.00016943831
0.00016943831
0.00016943831
0.00016943831
0.00016943831
0.00016943831
0.00016943831
0.00016943831
0.00016943831
0.00016943831
0.00016943831
0.00016943831
0.00016943831
0.00016943831
14.720134
0.00016943831
0.00016943831
0.00016943831
0.00016943831
0.00016943831
0.00016943831
0.00016943831
0.00016943831
1524.945
0.00016943831
0.00016943831
0.00016943831
0.00016943831
0.00016943831
0.00016943831
0.00016943831
0.00016943831
0.00016943831
0.00016943831
0.00016943831
0.00016943831
0.00016943831
0.00016943831
0.00016943831
0.00016943831
0.00016943831
0.00016943831
0.00016943831
0.00016943831
169.43849
0.00016943831
0.00016943831
0.00016943831
0.00016943831
0.00016943831
0.00016943831
1524.945
1524.945
0.00016943831
0.00016943831
0.00016943831
0.00016943831
0.00016943831
0.00016943831
0.00016943831
0.00016943831
1524.945
0.00016943831
0.00016943831
1524.945
0.00016943831
0.00016943831
0.00016943831
0.00016943831
0.00016943831
0.00016943831
0.00016943831
81.48477
0.00016943831
0.00016943831
1524.945
0.00016943831
0.00016943831
0.00016943831
0.00016943831
158.84857
0.00016943831
0.00016943831
0.00016943831
0.00016943831
169.43849
0.00033887662
0.00016943831
0.00016943831
0.00016943831
0.00016943831
0.00016943831
0.00016943831
1524.945
0.00016943831
0.00016943831
0.00016943831
0.00016943831
0.00016943831
0.00016943831
0.00016943831
0.00016943831
0.00016943831
0.00016943831
0.00016943831
0.00016943831
0.00016943831
0.00016943831
0.00016943831
0.00016943831
0.00016943831
0.00016943831
0.00016943831
0.00016943831
0.00016943831
0.00016943831
0.00016943831
0.00016943831
258.8832
0.00016943831
169.43849
0.00016943831
0.00016943831
0.00016943831
0.00016943831
0.00016943831
0.00016943831
0.00016943831
0.00016943831
0.00016943831
0.00016943831
0.00016943831
0.00016943831
0.00016943831
0.00016943831
0.00016943831
0.00016943831
0.00016943831
0.00016943831
0.00016943831
0.00016943831
0.00016943831
1524.945
0.00016943831
1524.945
0.00016943831
0.00016943831
0.00016943831
1524.945
0.00016943831
0.00016943831
0.00016943831
1524.945
0.00016943831
0.00016943831
0.00016943831
0.00016943831
0.00016943831
0.00016943831
0.00016943831
0.00016943831
0.00016943831
0.00016943831
0.00016943831
0.00016943831
0.00016943831
0.00016943831
0.00016943831
0.00016943831
0.00016943831
0.00016943831
0.00016943831
0.00016943831
0.00016943831
0.00016943831
0.00016943831
0.00016943831
0.00016943831
0.00016943831
0.00016943831
0.00016943831
0.00016943831
0.00016943831
0.00016943831
0.00016943831
169.43849
0.00016943831
0.00016943831
0.00016943831
0.00016943831
0.00016943831
0.00016943831
0.00016943831
0.00016943831
0.00016943831
0.00016943831
0.00016943831
1524.945
0.00016943831
0.00016943831
0.00016943831
0.00016943831
0.00016943831
0.00016943831
0.00016943831
0.00016943831
0.00016943831
0.00016943831
1524.945
0.00016943831
0.00016943831
0.00016943831
0.00016943831
0.00016943831
169.43849
0.00016943831
0.00016943831
0.00016943831
0.00016943831
0.00016943831
0.00016943831
0.00016943831
0.00016943831
0.00016943831
0.00016943831
0.00016943831
0.00016943831
0.00016943831
0.00016943831
0.00016943831
0.00016943831
0.00016943831
0.00016943831
0.00016943831
0.00016943831
0.00016943831
0.00016943831
0.00016943831
0.00016943831
0.00016943831
0.00016943831
0.00016943831
0.00016943831
0.00016943831
1524.945
0.00016943831
0.00016943831
0.00016943831
0.00016943831
0.00016943831
0.00016943831
1524.945
0.00016943831
0.00016943831
0.00016943831
0.00016943831
0.00016943831
0.00016943831
1524.945
0.00016943831
0.00016943831
0.00016943831
0.00016943831
1524.945
0.00016943831
169.43849
0.00016943831
0.00016943831
0.00016943831
0.00016943831
0.00016943831
1524.945
0.00016943831
0.00016943831
0.00016943831
0.00016943831
0.00016943831
0.00016943831
0.00016943831
0.00016943831
1524.945
0.00016943831
1524.945
0.00016943831
0.00016943831
0.00016943831
0.00016943831
0.00016943831
0.00016943831
0.00016943831
0.00016943831
0.00016943831
1524.945
0.00016943831
0.00016943831
0.00016943831
0.00016943831
0.00016943831
0.00016943831
0.00016943831
169.43849
0.00016943831
0.00016943831
0.00016943831
0.00016943831
0.00016943831
0.00016943831
0.00016943831
1524.945
0.00016943831
0.00016943831
0.00016943831
0.00016943831
0.00016943831
0.00016943831
0.00016943831
0.00016943831
0.00016943831
0.00016943831
0.00016943831
0.00016943831
0.00016943831
0.00016943831
169.43849
0.00016943831
1524.945
0.00016943831
169.43849
0.00016943831
0.00016943831
126.04978
0.00016943831
0.00016943831
0.00016943831
0.00016943831
0.00016943831
0.00016943831
0.00016943831
0.00016943831
0.00016943831
0.00016943831
0.00016943831
0.00016943831
0.00016943831
0.00016943831
0.00016943831
0.00016943831
0.00016943831
0.00016943831
0.00016943831
0.00016943831
0.00016943831
0.00016943831
0.00016943831
0.00016943831
0.00016943831
0.00016943831
0.00016943831
0.00016943831
169.43849
0.00016943831
0.00016943831
0.00016943831
0.00016943831
0.00016943831
0.00016943831
0.00016943831
0.00016943831
0.00016943831
0.00016943831
0.00016943831
0.00016943831
0.00016943831
0.00016943831
154308.56
0.00016943831
0.00016943831
1134448100.0
0.00016943831
0.00016943831
0.00016943831
0.00016943831
0.00016943831
0.00016943831
0.00016943831
0.00016943831
0.00016943831
0.00016943831
0.00016943831
0.00016943831
0.00016943831
0.00016943831
0.00016943831
0.00016943831
0.00016943831
0.00016943831
0.00016943831
0.00016943831
0.00016943831
0.00016943831
0.00016943831
0.00016943831
0.00016943831
0.00016943831
0.00016943831
0.00016943831
0.00016943831
0.00016943831
0.00016943831
0.00016943831
0.00016943831
0.00016943831
0.00016943831
0.00016943831
0.00016943831
0.00016943831
0.00016943831
0.00016943831
0.00016943831
1524.945
0.00016943831
0.00016943831
0.00016943831
0.00016943831
0.00016943831
0.00016943831
0.00016943831
1524.945
1524.945
0.00016943831
0.00016943831
0.00016943831
0.00016943831
169.43849
0.00016943831
0.00016943831
0.00016943831
0.00016943831
0.00016943831
1524.945
0.00016943831
0.00016943831
0.00016943831
0.00016943831
0.00016943831
0.00016943831
677.7534
0.00016943831
0.00016943831
0.00016943831
0.00016943831
0.00016943831
0.00016943831
0.00016943831
0.00016943831
0.00016943831
0.00016943831
0.00016943831
0.00016943831
0.00016943831
0.00016943831
0.00016943831
0.00016943831
0.00016943831
0.00016943831
0.00016943831
0.00016943831
0.00016943831
0.00016943831
0.00016943831
0.00016943831
0.00016943831
0.00016943831
0.00016943831
0.00016943831
141.38986
0.00016943831
0.00016943831
0.00016943831
1524.945
0.00016943831
0.00016943831
0.00016943831
0.00016943831
0.00016943831
0.00016943831
0.00016943831
0.00016943831
0.00016943831
0.00016943831
0.00016943831
0.00016943831
0.00016943831
0.00016943831
0.00016943831
0.00016943831
0.00016943831
0.00016943831
0.00016943831
0.00016943831
0.00016943831
0.00016943831
0.00016943831
0.00016943831
1524.945
0.00016943831
0.00016943831
0.00016943831
0.00016943831
0.00016943831
0.00016943831
169.43849
0.00016943831
0.00016943831
0.00016943831
0.00016943831
0.00016943831
0.00016943831
0.00016943831
0.00016943831
0.00016943831
0.00016943831
1524.945
0.00016943831
0.00016943831
1524.945
0.00016943831
0.00016943831
0.00016943831
0.00016943831
0.00016943831
0.00016943831
0.00016943831
0.00016943831
0.00016943831
0.00016943831
0.00016943831
0.00016943831
0.00016943831
0.00016943831
0.00016943831
0.00016943831
0.00016943831
0.00016943831
0.00016943831
0.00016943831
0.00016943831
0.00016943831
0.00016943831
0.00016943831
0.00016943831
0.00016943831
0.00016943831
0.00016943831
0.00016943831
0.00016943831
0.00016943831
0.00016943831
0.00016943831
0.00016943831
0.00016943831
0.00016943831
0.00016943831
0.00016943831
0.00016943831
1524.945
0.00016943831
0.00016943831
0.00016943831
0.00016943831
0.00016943831
0.00016943831
0.00016943831
169.43849
0.00016943831
0.00016943831
0.00016943831
0.00016943831
0.00016943831
169.43849
0.00016943831
0.00016943831
0.00016943831
0.00016943831
0.00016943831
0.00016943831
0.00016943831
0.00016943831
169.43849
0.00016943831
0.00016943831
0.00016943831
0.00016943831
0.00016943831
1524.945
0.00016943831
0.00016943831
0.00016943831
0.00016943831
0.00016943831
0.00016943831
0.00016943831
0.00016943831
0.00016943831
0.00016943831
0.00016943831
0.00016943831
0.00016943831
0.00016943831
0.00016943831
0.00016943831
0.00016943831
0.00016943831
0.00016943831
0.00016943831
0.00016943831
0.00016943831
0.00016943831
0.00016943831
0.00016943831
0.00016943831
0.00016943831
0.00016943831
0.00016943831
0.00016943831
0.00016943831
0.00016943831
0.00016943831
0.00016943831
0.00016943831
0.00016943831
0.00016943831
0.00016943831
0.00016943831
0.00016943831
169.43849
0.00016943831
0.00016943831
0.00016943831
0.00016943831
0.00016943831
169.43849
0.00016943831
0.00016943831
0.00016943831
0.00016943831
0.00016943831
0.00016943831
0.00016943831
0.00016943831
0.00016943831
0.00016943831
0.00016943831
0.00016943831
0.00016943831
0.00016943831
0.00016943831
0.00016943831
0.00016943831
0.00016943831
0.00016943831
0.00016943831
0.00016943831
0.00016943831
0.00016943831
0.00016943831
0.00016943831
0.00016943831
0.00016943831
0.00016943831
0.00016943831
0.00016943831
0.00016943831
0.00016943831
0.00016943831
0.00016943831
0.00016943831
0.00016943831
0.00016943831
0.00016943831
0.00016943831
0.00016943831
0.00016943831
0.00016943831
0.00016943831
0.00016943831
0.00016943831
0.00016943831
0.00016943831
0.90872073
0.7307858
0.857916
1.6682587
0.53774756
1.0167677
0.45510867
0.62991345
0.732937
0.91932166
1.3199984
1.2508726
1.1644157
0.58343387
0.89592695
0.7964242
1.3018433
0.62257904
1.3442066
0.95080155
0.762563
0.7604896
0.9478198
0.394407
0.8745805
0.85000753
1.3538985
0.9207069
0.7668856
0.69559765
0.9390247
0.37961152
0.20973645
0.45734543
0.7835338
1.1202765
0.56190974
0.8191735
0.8649013
1.2731237
0.92948246
1.3749368
1.1269844
0.48411208
2.1052964
0.6142198
0.29842016
2.9536371
0.8916947
0.63477707
0.90375954
1.0949826
1.0137941
1.6261992
0.15508822
1.348853
0.4867457
0.7502799
2.028172
1.3886657
0.4888621
0.045520402
0.85016364
0.64480287
0.35967293
0.58931935
1.1772017
1.572452
1.4690081
1.2353461
0.37846664
0.61630446
0.60737884
2.2492473
0.22277535
2.421525
1.3523194
0.8413574
0.13821189
1.2841568
0.90807414
5.984821
0.35396
0.9294543
0.78665197
1.4141744
0.257126
1.38317e-09
0.9954414
1.848742
1.874242
0.1533852
0.4756039
2.6496403
0.53148055
0.5572058
1.2452797
1.7295095e-09
0.6435398
1.320519
1.6121663
0.9593239
4.292235
0.5992217
0.44043264
1.004829
0.9096187
5.383844
0.5093547
0.45494553
0.28442812
2.4015563
0.1762819
2.6585524
0.23415695
0.14841112
1.4536444
5.60414
1.1195475
1.2651688
0.22510558
0.27885956
3.1087992
4.433314
0.04361348
0.6275806
0.120789245
1.4028776
2.370092
0.89302564
0.32310274
0.15177566
1.3743417
0.5237919
0.3972256
0.57579947
1.6116041
1.2354543
3.7346717e-09
1.022156
0.5948333
0.5079711
0.95417416
9.035359
0.58419824
0.53746355
4.950718e-09
0.8605425
2.4488087
0.7154925
0.48506862
0.19641629
5.6613425e-09
0.34106767
0.39169788
1.0610335
6.2236296e-09
8.403012e-09
24.210768
0.16172637
0.9253193
0.91365296
0.33839616
0.37202516
0.723817
8.897203e-09
0.2161203
1.8906777
1.5875865
1.5046972
0.48372394
0.55038023
0.17748919
1.3037729e-08
0.046712365
9.873453e-09
1.2110375
1.085472
0.84188247
0.4207894
4.0114694
0.6155467
1.4261285e-08
3.5392845
0.056709267
0.3422565
0.24127924
1.6943833e-08
3.3884208
0.014826138
1.6609972e-08
1.0630382
0.015232289
0.16546713
1.6991811
1.6285883e-08
0.25553903
1.0971631
0.8134397
0.15111466
1.800811e-08
2.0461094e-08
0.0829504
1.8792307
1.3113428
1.5755817
0.20147248
7.877586
2.2909456e-08
2.1879949e-08
2.7149227e-08
2.5825075e-08
0.82851064
0.47606337
7.524968
2.0956569
1.0106554
0.024288975
0.116393305
1.1617692
1.9278316
1.5066171
0.4693583
4.172296
1.1307889
0.13073948
0.23995143
2.6888406
3.5588812e-08
1.3807446
0.1403511
3.5588812e-08
0.04209255
3.636248e-08
3.6128036e-08
6.192707
0.62340504
4.136678e-08
0.72857124
4.0103746e-08
2.274503
0.17392401
4.136678e-08
1.5237793
4.269043e-08
0.17518781
4.407865e-08
5.601267e-08
4.5535696e-08
0.04941956
5.036811e-08
0.45331305
1.853543
5.810642e-08
5.036811e-08
5.2150916e-08
1.9142455
2.0094457
0.20860372
0.5041141
1.0844054
0.41525754
0.06266217
6.0319806e-08
0.965117
0.24127929
1.5842179
0.63512915
0.023339182
0.26057422
0.0651436
0.2559211
1.1291184
0.07213818
1.0729913e-07
1.4662052
18.82648
0.30681464
1.3073945e-07
2.401337
9.605347e-08
9.163782e-08
8.367325e-08
3.897451
0.37876976
8.7519794e-08
0.8670348
10.036523
1.05898955e-07
1.0079615e-07
0.88784564
3.457925e-06
22.679134
1.09689914e-07
0.3004496
1.05898955e-07
0.105899066
5.333189
1.2376795e-07
1.8305615
1.2376795e-07
1.11399295e-07
1.8484031
1.2376795e-07
1.3831699e-07
1.2776046e-07
0.123768084
2.7110133e-07
0.18232666
2.213072
3.2684863
1.3073945e-07
1.5145872e-07
9.180149
1.4657294e-07
1.3073945e-07
1.5200156e-07
0.5945711
1.4657294e-07
0.15559092
4.05693
1.6546711e-07
0.16114771
8.107888
4.5009613
1.6546711e-07
0.16546729
0.7052586
1.7137666e-07
1.763146e-07
1.7528105
0.07012212
5.0368114
1.8920891
2.0147245e-07
5.0368114
2.0866788e-07
0.20147265
9.872149
2.0147245e-07
2.0147245e-07
2.3242568e-07
2.1612031e-07
2.1612031e-07
2.1612031e-07
2.3242568e-07
2.4172274e-07
2.3242568e-07
2.3242568e-07
0.23242593
2.3242568e-07
3.2029928e-07
2.7110133e-07
0.25064868
2.506484e-07
12.767251
10.413397
0.25179476
0.28465667
4.044357e-07
4.4821835
0.32029963
0.23942791
2.620415e-07
2.9416375e-07
3.0522642
1.2326865
1.0461849
4.7066207
4.5183563
0.29574722
2.7110133e-07
1.1386257
3.5007918e-07
7.3540936
2.7110133e-07
1524.945
2.7110133e-07
3.5007918e-07
0.450071
0.30887222
5.394515
0.42359626
3.5007918e-07
32.029926
3.0522642
3.2029928e-07
1.2811975
0.34165293
1.3394337
9.605348
3.5007918e-07
5.124789
3.2029928e-07
5.229578e-07
41.51239
3.5007918e-07
3.5007918e-07
3.7195912e-07
5.862918e-07
3.5007918e-07
3.5007918e-07
3.5007918e-07
9.605348
5.6012673
0.42359626
1.4003171
0.36952838
0.35007954
3.2447655
0.3842143
0.3842143
26.126543
4.693582e-07
6.147423
0.3842143
1.7835618
0.44851372
4.2359582e-07
4.2359582e-07
0.42359626
4.2359582e-07
5.862918e-07
30.038927
4.2359582e-07
4.693582e-07
453.17627
4.693582e-07
2.0918317
1.8774335
8.6448125e-07
30.038927
7.5097327
0.52295834
0.46935874
6.7775335
5.229578e-07
1.8774335
1.8774335
7.530592e-07
5.229578e-07
5.862918e-07
5.229578e-07
5.229578e-07
253.11159
5.5564266e-07
5.229578e-07
5.5782164e-07
2.0918317
5.229578e-07
52.295776
0.52295834
302.58905
5.2766266
8.6448125e-07
9.38067
5.229578e-07
5.862918e-07
5.862918e-07
6.6186846e-07
5.862918e-07
5.862918e-07
7.530592e-07
5.862918e-07
21.106504
0.5862924
0.66186917
5.2766266
5.862918e-07
14.657295
6.6186846e-07
0.66186917
4.692755
0.66186917
7.091448e-07
0.66186917
9.023344
1.2102737e-06
8.6448125e-07
7.2805534e-07
7.1702414e-07
7.8220813e-07
6.6186846e-07
7.530592e-07
8.221269
1.0025936e-06
7.530592e-07
7.530592e-07
7.530592e-07
12.048949
7.530592e-07
11.701676
0.75306004
18.82648
1.0085624
8.6448125e-07
8.6448125e-07
8.6448125e-07
8.6448125e-07
140.03166
9.925677
0.86448216
3.0704157
8.6448125e-07
0.86448216
1.0025936e-06
1.0861431e-06
1.1766562
18.918415
1.0025947
1.600362e-06
1.176655e-06
1.0025936e-06
1.176655e-06
1.0025936e-06
1.0025936e-06
1.0025936e-06
1.0025936e-06
1.0025947
2.0918312e-06
1.0025936e-06
1.176655e-06
1.4003167e-06
29.416374
4.706621
1.4003181
1.176655e-06
1.176655e-06
14.003168
1.176655e-06
1.176655e-06
1.6943833e-06
1.176655e-06
1.176655e-06
1.176655e-06
1.176655e-06
1.4003167e-06
2.0918312e-06
1.6943833e-06
1.1766562
1.176655e-06
1.176655e-06
1.176655e-06
1.176655e-06
1.4003167e-06
1.694385
1.4003181
1.4003167e-06
1.4003181
4.959734
5.6012683
1.4003181
1.4003167e-06
1.4003167e-06
1.6943833e-06
2.6474738e-06
1.4003167e-06
1.4003167e-06
1.9364381e-06
3.457925e-06
1.4003181
1.4003167e-06
1.4003167e-06
1.6943833e-06
1.4003181
1.4003167e-06
1.694385
1.4003167e-06
1.5403484e-06
2.0918312e-06
1.6943833e-06
1.694385
1.694385
1.6943833e-06
2.0918312e-06
1.6943833e-06
1.694385
1.6943833e-06
1.6943833e-06
1.6943833e-06
2.0918312e-06
1.6943833e-06
2.6474738e-06
1.6943833e-06
1.6943833e-06
1.694385
1.6943833e-06
1.6943833e-06
1.6943833e-06
1.6943833e-06
1.6943833e-06
1.6943833e-06
1.6943833e-06
1.6943833e-06
6.7775354
1.6943833e-06
1.6943833e-06
1.6943833e-06
1.6943833e-06
1.6943833e-06
1.694385
1524.945
2.0918334
2.6474738e-06
2.0918312e-06
2.0918312e-06
2.6474738e-06
2.0918312e-06
8.367327
2.0918334
2.0918312e-06
2.6474767
2.0918312e-06
2.0918312e-06
2.0918312e-06
2.0918334
2.0918312e-06
2.0918312e-06
2.0918312e-06
1.0589895e-05
2.6474738e-06
2.0918312e-06
8.367327
2.0918312e-06
2.0918312e-06
2.6474738e-06
2.4404696e-06
2.0918312e-06
6.2754934e-06
2.0918312e-06
4.2359577e-05
2.0918312e-06
2.0918312e-06
1.882648e-05
2.6474738e-06
3.457925e-06
2.6474738e-06
2.6474738e-06
3.457925e-06
2.6474767
2.6474767
2.6474738e-06
3.457925e-06
28.592722
42.359585
2.6474738e-06
2.6474738e-06
23.827267
2.6474767
2.6474767
2.6474738e-06
2.6474738e-06
2.6474738e-06
2.6474738e-06
2.6474738e-06
3.457925e-06
2.6474738e-06
18.826485
2.6474738e-06
2.6474767
3.457925e-06
3.457925e-06
3.0887195e-06
2.6474738e-06
348.04626
4.70662e-06
3.457925e-06
3.457925e-06
3.457925e-06
3.4579287
13.831704
3.457925e-06
3.457925e-06
3.457925e-06
3.457925e-06
4.70662e-06
3.457925e-06
3.457925e-06
3.457925e-06
3.457925e-06
3.457925e-06
3.4579287
3.457925e-06
3.457925e-06
2.305287
3.457925e-06
3.457925e-06
3.457925e-06
5.6479444e-06
1.0589895e-05
3.457925e-06
4.70662e-06
4.70662e-06
4.70662e-06
4.70662e-06
4.70662e-06
42.359585
5.6479444e-06
4.70662e-06
4.70662e-06
4.70662e-06
4.70662e-06
4.70662e-06
4.70662e-06
4.70662e-06
4.70662e-06
4.70662e-06
4.70662e-06
4.2359577e-05
4.706625
4.70662e-06
4.70662e-06
4.70662e-06
4.70662e-06
4.70662e-06
4.70662e-06
4.70662e-06
4.70662e-06
6.77754
4.70662e-06
4.70662e-06
1.0589895e-05
4.70662e-06
4.706625
4.70662e-06
4.70662e-06
6.777533e-06
4.70662e-06
4.70662e-06
6.777533e-06
4.70662e-06
6.777533e-06
6.777533e-06
6.777533e-06
6.777533e-06
6.777533e-06
6.777533e-06
6.777533e-06
6.777533e-06
6.77754
6.77754
6.777533e-06
6.777533e-06
6.777533e-06
6.777533e-06
6.777533e-06
6.77754
6.77754
6.777533e-06
6.777533e-06
6.777533e-06
6.777533e-06
6.777533e-06
1.882648e-05
6.77754
1.0589895e-05
6.777533e-06
1.0589895e-05
1.0589895e-05
6.777533e-06
1.3555066e-05
6.777533e-06
6.777533e-06
6.777533e-06
6.777533e-06
6.77754
6.777533e-06
6.77754
6.777533e-06
6.777533e-06
558.41595
6.777533e-06
1.882648e-05
1.0589895e-05
6.777533e-06
1.3555066e-05
6.7775383
6.777533e-06
6.777533e-06
6.777533e-06
6.777533e-06
6.777533e-06
6.777533e-06
6.777533e-06
6.777533e-06
6.777533e-06
1.0589895e-05
8.471917e-06
6.777533e-06
6.777533e-06
1.0589895e-05
1.0589895e-05
1.0589895e-05
1.0589895e-05
1.0589895e-05
1.0589895e-05
1.0589895e-05
1.4119862e-05
1.0589895e-05
1.5884843e-05
1.0589895e-05
10.589907
1.0589895e-05
1.0589895e-05
42.359596
10.589907
1.0589895e-05
1.0589895e-05
1.0589895e-05
1.0589895e-05
1.0589895e-05
13.976228
1.0589895e-05
1.0589895e-05
1.0589895e-05
1.0589895e-05
4.2359577e-05
1.4119862e-05
1.0589895e-05
1.882648e-05
1.0589895e-05
1.0589895e-05
1.0589895e-05
1.0589895e-05
1.0589895e-05
1.0589895e-05
10.589907
158.84845
1.0589895e-05
1.0589895e-05
1.0589895e-05
1.0589895e-05
75.30594
1.0589895e-05
1.0589895e-05
1.0589895e-05
42.359596
1.0589895e-05
1.0589895e-05
1.0589895e-05
1.0589895e-05
1.0589895e-05
18.8265
10.589907
1.0589895e-05
1.0589895e-05
1.0589895e-05
1.0589895e-05
1.882648e-05
1.0589895e-05
1.0589895e-05
1.0589895e-05
1.0589895e-05
1.0589895e-05
10.589907
1.0589895e-05
1.0589895e-05
1.0589895e-05
1.0589895e-05
1.0589895e-05
1.0589895e-05
1.0589895e-05
1.0589895e-05
42.359596
1.0589895e-05
1.0589895e-05
1.0589895e-05
1.0589895e-05
4.2359577e-05
0.00016943831
4.2359577e-05
1.0589895e-05
1.882648e-05
18.8265
1.882648e-05
1.882648e-05
1.882648e-05
1.882648e-05
0.00016943831
1.882648e-05
75.30594
1.882648e-05
18.8265
1.882648e-05
28.239748
1.882648e-05
1.882648e-05
1.882648e-05
21.83183
1.882648e-05
1.882648e-05
18.8265
1.882648e-05
1.882648e-05
1.882648e-05
1.882648e-05
1.882648e-05
1.882648e-05
1.882648e-05
1524.945
18.8265
1.882648e-05
1.882648e-05
1.882648e-05
1.882648e-05
1.882648e-05
75.30594
1.882648e-05
1.882648e-05
1.882648e-05
1.882648e-05
4.2359577e-05
1.882648e-05
1.882648e-05
1.882648e-05
1.882648e-05
1.882648e-05
1.882648e-05
1.882648e-05
1.882648e-05
4.2359577e-05
4.2359577e-05
1.882648e-05
75.30594
1.882648e-05
1.882648e-05
1.882648e-05
1.882648e-05
1.882648e-05
1.882648e-05
1.882648e-05
18.8265
1.882648e-05
18.8265
1.882648e-05
1.882648e-05
18.8265
4.2359577e-05
4.2359577e-05
18.8265
4.2359577e-05
14.005532
1.882648e-05
1.882648e-05
1.882648e-05
1.882648e-05
1.882648e-05
1.882648e-05
4.2359577e-05
4.2359577e-05
1524.945
4.2359577e-05
4.2359577e-05
1524.945
4.2359577e-05
4.2359577e-05
4.2359577e-05
4.2359577e-05
4.2359577e-05
4.2359577e-05
4.2359577e-05
4.2359577e-05
4.2359577e-05
4.2359577e-05
4.2359577e-05
4.2359577e-05
4.2359577e-05
4.2359577e-05
4.2359577e-05
4.2359577e-05
4.2359577e-05
4.2359577e-05
4.2359577e-05
4.2359577e-05
4.2359577e-05
4.2359577e-05
4.2359577e-05
4.2359577e-05
4.2359577e-05
4.2359577e-05
4.2359577e-05
4.2359577e-05
8.4719155e-05
4.2359577e-05
4.2359577e-05
4.2359577e-05
4.2359577e-05
4.2359577e-05
1524.945
4.2359577e-05
4.2359577e-05
4.2359577e-05
4.2359577e-05
4.2359577e-05
0.00016943831
4.2359577e-05
4.2359577e-05
14.853402
4.2359577e-05
0.00016943831
8.4719155e-05
4.2359577e-05
42.359623
4.2359577e-05
4.2359577e-05
4.2359577e-05
4.2359577e-05
42.359623
4.2359577e-05
1524.945
4.2359577e-05
4.2359577e-05
4.2359577e-05
4.2359577e-05
4.2359577e-05
4.2359577e-05
4.2359577e-05
4.2359577e-05
4.2359577e-05
4.2359577e-05
4.2359577e-05
4.2359577e-05
4.2359577e-05
4.2359577e-05
4.2359577e-05
4.2359577e-05
1524.945
28.297632
1524.945
0.00016943831
4.2359577e-05
4.2359577e-05
4.2359577e-05
4.2359577e-05
135.92308
4.2359577e-05
4.2359577e-05
381.23624
4.2359577e-05
4.2359577e-05
4.2359577e-05
4.2359577e-05
4.2359577e-05
4.2359577e-05
4.2359577e-05
4.2359577e-05
1524.945
169.43837
4.2359577e-05
4.2359577e-05
4.2359577e-05
4.2359577e-05
4.2359577e-05
4.2359577e-05
4.2359577e-05
4.2359577e-05
4.2359577e-05
4.2359577e-05
4.2359577e-05
42.359623
4.2359577e-05
4.2359577e-05
42.359623
4.2359577e-05
4.2359577e-05
4.2359577e-05
4.2359577e-05
4.2359577e-05
42.359623
4.2359577e-05
4.2359577e-05
0.00016943831
4.2359577e-05
42.359623
4.2359577e-05
4.2359577e-05
4.2359577e-05
4.2359577e-05
4.2359577e-05
4.2359577e-05
677.7534
4.2359577e-05
4.2359577e-05
4.2359577e-05
4.2359577e-05
4.2359577e-05
4.2359577e-05
4.2359577e-05
4.2359577e-05
4.2359577e-05
4.2359577e-05
4.2359577e-05
4.2359577e-05
4.2359577e-05
4.2359577e-05
4.2359577e-05
4.2359577e-05
4.2359577e-05
4.2359577e-05
4.2359577e-05
4.2359577e-05
4.2359577e-05
4.2359577e-05
4.2359577e-05
4.2359577e-05
42.359623
4.2359577e-05
4.2359577e-05
4.2359577e-05
4.2359577e-05
4.2359577e-05
4.2359577e-05
4.2359577e-05
4.2359577e-05
4.2359577e-05
4.2359577e-05
4.2359577e-05
4.2359577e-05
42.359623
4.2359577e-05
4.2359577e-05
0.00016943831
0.00016943831
1524.945
1524.945
1524.945
0.00016943831
0.00016943831
0.00016943831
0.00016943831
0.00016943831
0.00016943831
0.00016943831
0.00016943831
0.00016943831
0.00016943831
0.00016943831
0.00016943831
0.00016943831
0.00016943831
0.00016943831
0.00016943831
0.00016943831
0.00016943831
0.00016943831
0.00016943831
0.00016943831
0.00016943831
0.00016943831
0.00016943831
0.00016943831
0.00016943831
169.43849
0.00016943831
0.00016943831
0.00016943831
0.00016943831
0.00016943831
0.00016943831
0.00016943831
0.00016943831
0.00016943831
0.00016943831
0.00016943831
0.00016943831
0.00016943831
0.00016943831
0.00016943831
0.00016943831
169.43849
0.00016943831
0.00016943831
116.9795
0.00016943831
0.00016943831
0.00016943831
0.00016943831
0.00016943831
0.00016943831
0.00016943831
0.00016943831
0.00016943831
0.00016943831
0.00016943831
0.00016943831
0.00016943831
0.00016943831
0.00016943831
0.00016943831
0.00016943831
0.00016943831
0.00016943831
1524.945
0.00016943831
1524.945
0.00016943831
0.00016943831
0.00016943831
0.00016943831
1524.945
0.00016943831
0.00016943831
0.00016943831
0.00016943831
0.00016943831
0.00016943831
0.00016943831
0.00016943831
0.00016943831
0.00016943831
0.00016943831
0.00016943831
0.00016943831
0.00016943831
0.00016943831
0.00016943831
0.00016943831
0.00016943831
0.00016943831
0.00016943831
0.00016943831
0.00016943831
1524.945
0.00016943831
0.00016943831
1524.945
0.00016943831
0.00016943831
0.00016943831
0.00016943831
0.00016943831
0.00016943831
0.00016943831
0.00016943831
0.00016943831
0.00016943831
0.00016943831
0.00016943831
0.00016943831
0.00016943831
1524.945
0.00016943831
0.00033887662
0.00016943831
0.00016943831
0.00016943831
0.00016943831
0.00016943831
0.00016943831
0.00016943831
0.00016943831
0.00016943831
0.00016943831
0.00016943831
0.00016943831
0.00016943831
0.00016943831
0.00016943831
0.00016943831
0.00016943831
0.00016943831
0.00016943831
0.00016943831
0.00016943831
1524.945
0.00016943831
0.00016943831
0.00016943831
0.00016943831
0.00016943831
0.00016943831
0.00016943831
0.00016943831
0.00016943831
0.00016943831
0.00016943831
0.00016943831
0.00016943831
0.00016943831
0.00016943831
0.00016943831
0.00016943831
0.00016943831
9.023492
0.00016943831
0.00016943831
0.00016943831
0.00016943831
0.00016943831
0.00016943831
0.00016943831
0.00016943831
0.00016943831
0.00016943831
0.00016943831
0.00016943831
0.00016943831
0.00016943831
0.00016943831
0.00016943831
0.00016943831
0.00016943831
677.7534
0.00016943831
0.00016943831
0.00016943831
0.00016943831
1524.945
0.00016943831
0.00016943831
0.00016943831
0.00016943831
0.00016943831
0.00016943831
0.00016943831
0.00016943831
0.00016943831
0.00016943831
0.00016943831
1524.945
0.00016943831
0.00016943831
0.00016943831
0.00016943831
0.00016943831
0.00016943831
0.00016943831
0.00016943831
0.00016943831
1524.945
0.00016943831
0.00016943831
0.00016943831
0.00016943831
0.00016943831
0.00016943831
0.00016943831
169.43849
0.00016943831
0.00016943831
0.00016943831
0.00016943831
0.00016943831
0.00016943831
0.00016943831
0.00016943831
0.00016943831
0.00016943831
0.00016943831
0.00016943831
0.00016943831
0.00016943831
0.00016943831
0.00016943831
0.00016943831
0.00016943831
1524.945
0.00016943831
0.00016943831
0.00016943831
0.00016943831
0.00016943831
0.00016943831
0.00016943831
0.00016943831
0.00016943831
1524.945
0.00016943831
0.00016943831
0.00016943831
0.00016943831
0.00016943831
0.00016943831
0.00016943831
0.00016943831
0.00016943831
0.00016943831
0.00016943831
0.00016943831
0.00016943831
0.00016943831
0.00016943831
0.00016943831
0.00016943831
0.00016943831
0.00016943831
0.00016943831
0.00016943831
0.00016943831
1524.945
0.00016943831
0.00016943831
8238.382
0.00016943831
0.00016943831
0.00016943831
0.00016943831
0.00016943831
0.00016943831
0.00016943831
0.00016943831
0.00016943831
0.00016943831
0.00016943831
0.00016943831
0.00016943831
0.00016943831
0.00016943831
0.00016943831
1524.945
677.7534
0.00016943831
0.00016943831
169.43849
1524.945
0.00016943831
0.00016943831
0.00016943831
0.00016943831
0.00016943831
0.00016943831
0.00016943831
0.00016943831
0.00016943831
0.00016943831
0.00016943831
0.00016943831
0.00016943831
0.00016943831
41.180378
0.00033887662
0.00016943831
0.00016943831
0.00016943831
0.00016943831
0.00016943831
0.00016943831
0.00016943831
0.00016943831
0.00016943831
0.00016943831
0.00016943831
0.00016943831
0.00016943831
0.00016943831
0.00016943831
0.00016943831
0.00016943831
1524.945
0.00016943831
0.00016943831
0.00016943831
0.00016943831
0.00016943831
0.00016943831
0.00016943831
0.00016943831
0.00016943831
0.00016943831
0.00016943831
0.00016943831
0.00016943831
0.00016943831
0.00016943831
0.00016943831
0.00016943831
0.00016943831
0.00016943831
0.00016943831
0.00016943831
0.00016943831
306.96988
0.00016943831
0.00016943831
0.00016943831
0.00016943831
0.00016943831
0.00016943831
0.00016943831
0.00016943831
0.00016943831
1524.945
0.00016943831
0.00016943831
0.00016943831
0.00016943831
0.00016943831
0.00016943831
0.00016943831
0.00016943831
0.00016943831
0.00016943831
0.00016943831
0.00016943831
0.00016943831
0.00016943831
0.00016943831
0.00016943831
0.00016943831
0.00016943831
0.00016943831
0.00016943831
0.00016943831
0.00016943831
0.00016943831
0.00016943831
677.7534
0.00016943831
0.00016943831
0.00016943831
0.00016943831
0.00016943831
0.00016943831
0.00016943831
0.00016943831
0.00016943831
0.00016943831
0.00016943831
0.00016943831
0.00016943831
0.00016943831
0.00016943831
0.00016943831
0.00016943831
1524.945
0.00016943831
0.00016943831
0.00016943831
0.00016943831
0.00016943831
0.00016943831
1524.945
0.00016943831
0.00016943831
0.00016943831
0.00016943831
0.00016943831
670.4434
1524.945
0.00016943831
0.00016943831
0.00016943831
1524.945
0.00016943831
0.00016943831
0.00016943831
1524.945
0.00016943831
0.00016943831
0.00016943831
0.00016943831
0.00016943831
0.00016943831
0.00016943831
1524.945
0.00016943831
0.00016943831
0.00016943831
0.00016943831
1524.945
0.00016943831
0.00016943831
0.00016943831
0.00016943831
0.00016943831
0.00016943831
0.00016943831
0.00016943831
0.00016943831
0.00016943831
0.00016943831
0.00016943831
1.0481211
1.1569259
0.6905865
1.1621499
0.9570878
0.94358164
0.6362815
0.9476424
1.5445137
0.8659584
0.95441216
0.98012173
1.2968833
0.9203894
0.30460116
0.49633765
0.4554249
1.3953972
0.5165737
0.5595167
0.9441331
0.85773057
0.8749642
1.4297744
1.0987175
2.1402996
0.45496154
0.8087496
1.022548
0.67050517
1.339988
0.4294822
1.3134277
0.64327484
2.3015234
0.019771412
1.2290769
0.081343204
0.85936284
1.5213461
1.1412435
0.8630413
0.44806328
0.9344837
0.61339706
1.3073897
1.1442871
2.0097013
0.35871112
0.3563255
3.4673653
1.5465205e-09
1.1125594
1.5440352
0.12341273
0.16619295
0.20860367
0.73403925
1.8774331
0.06681526
4.193914e-09
4.455972e-09
1.9248384
5.1152735e-09
6.148872e-09
1.6316723
0.7897404
0.07754984
2.2558358
1.1199572e-08
0.4243384
1.3037729e-08
1.2377699e-08
2.6618698
0.35047564
5.9896626
0.05271833
1.4641488
1.5665526e-08
1.9740732
4.3574634
2.2385828e-08
2.2385828e-08
2.5825075e-08
1.5161574
0.7333723
10.90837
0.15154156
1.0856618
3.4579248
5.388443
0.2506485
2.3151598
2.5982552
0.5041141
1.64297
6.659116e-08
1.1648902
1.3050193
0.609978
6.095346
8.007482e-08
1.2871246
8.367325e-08
8.7519794e-08
8.7519794e-08
8.367325e-08
0.087519884
0.08976398
9.605347e-08
0.39519155
0.10079626
1.0079615e-07
1.086143e-07
1.11399295e-07
0.13831714
1.2376795e-07
1.2376795e-07
1.3831699e-07
0.5229579
1.6546711e-07
11.872409
3.6643238
0.16060996
0.7052586
1.8826503
0.20147265
2.3242568e-07
5.3585534
0.23242593
0.21612048
2.1612031e-07
4.4559727
4.7066207
7.085603
0.27110162
1.2174627
2.7110133e-07
2.9416375e-07
0.35007954
3.2029928e-07
3.9126496e-07
3.5007918e-07
6.147423
3.8421388e-07
0.3842143
11.733956
4.693582e-07
4.2359582e-07
1.8073426
3.812363
4.4851325e-07
5.229578e-07
0.46935874
1524.945
5.229578e-07
5.0064875e-07
5.229578e-07
4.7066207
1.4003167e-06
5.862918e-07
4.7066207
5.229578e-07
0.5229582
5.229578e-07
5.229578e-07
0.52295834
0.5862924
5.2766266
6.6186846e-07
6.2293503e-07
0.17142664
6.6186846e-07
6.6186846e-07
5.9568167
1.0589895e-05
6.6186846e-07
7.530592e-07
3.0122378
8.6448125e-07
6.7775335
7.780332
8.6448125e-07
0.86448216
8.6448125e-07
1.0025936e-06
1.2943218
1.4003167e-06
1.0025947
1.0937385e-06
1.0025947
1.0025936e-06
1.176655e-06
26.735516
3.457925e-06
1.176655e-06
1.4003167e-06
1.4003167e-06
1.1766562
5.1344957
1.176655e-06
1.4003167e-06
2.0918329
1.4003167e-06
1.4003167e-06
27.110136
1.800409
1.4003181
1.6943833e-06
6.7775354
1.6943833e-06
2.0395374
2.0918312e-06
2.6474738e-06
8.491903
2.0918312e-06
2.0918334
2.0918312e-06
6.777533e-06
2.0918312e-06
2.0918312e-06
2.3906641e-06
2.0918312e-06
2.0918334
2.6474738e-06
2.6474738e-06
42.359585
3.457925e-06
2.6474738e-06
3.3093422e-06
3.457925e-06
2.6474738e-06
2.6474738e-06
2.6474767
2.6474738e-06
1.0589895e-05
3.457925e-06
31.121328
3.457925e-06
3.457925e-06
3.457925e-06
12.909591
4.0342456e-06
3.457925e-06
18.826485
4.5339046
4.70662e-06
4.70662e-06
4.70662e-06
1.0589895e-05
4.70662e-06
4.70662e-06
4.70662e-06
4.70662e-06
4.70662e-06
4.706625
4.706625
4.70662e-06
4.70662e-06
6.77754
4.70662e-06
4.70662e-06
4.70662e-06
4.70662e-06
4.70662e-06
4.70662e-06
1.0589895e-05
4.70662e-06
6.777533e-06
4.70662e-06
6.777533e-06
27.110142
6.777533e-06
6.777533e-06
6.777533e-06
6.777533e-06
6.777533e-06
4.2359577e-05
4.2359577e-05
6.777533e-06
6.777533e-06
6.777533e-06
6.777533e-06
6.777533e-06
6.777533e-06
6.777533e-06
6.777533e-06
6.777533e-06
6.777533e-06
8.471917e-06
1.0589895e-05
1.0589895e-05
1.0589895e-05
10.589907
1.0589895e-05
1.0589895e-05
1.0589895e-05
4.2359577e-05
1.0589895e-05
1.0589895e-05
1.0589895e-05
1.0589895e-05
1.0589895e-05
1.0589895e-05
10.589907
1.0589895e-05
83.459785
1.0589895e-05
1.0589895e-05
1.0589895e-05
1162.5587
1.0589895e-05
1.0589895e-05
1.0589895e-05
1.0589895e-05
1.0589895e-05
1.882648e-05
1.882648e-05
1.882648e-05
1.882648e-05
1.882648e-05
1.882648e-05
4.158675
1.882648e-05
1.882648e-05
1.882648e-05
1.882648e-05
1.882648e-05
1.882648e-05
1.882648e-05
1.882648e-05
1.882648e-05
4.2359577e-05
1.882648e-05
1.882648e-05
18.8265
1.882648e-05
1.882648e-05
4.2359577e-05
1.882648e-05
1.882648e-05
1.882648e-05
1.882648e-05
4.2359577e-05
1.882648e-05
1.882648e-05
1.882648e-05
1.882648e-05
42.359623
1.882648e-05
1.882648e-05
4.2359577e-05
4.2359577e-05
4.2359577e-05
4.2359577e-05
4.2359577e-05
4.2359577e-05
4.2359577e-05
4.2359577e-05
4.2359577e-05
0.00016943831
4.2359577e-05
4.2359577e-05
4.2359577e-05
4.2359577e-05
4.2359577e-05
4.2359577e-05
4.2359577e-05
4.2359577e-05
4.2359577e-05
1524.945
4.2359577e-05
4.2359577e-05
4.2359577e-05
4.2359577e-05
4.2359577e-05
1524.945
4.2359577e-05
4.2359577e-05
4.2359577e-05
4.2359577e-05
4.2359577e-05
4.2359577e-05
4.2359577e-05
4.2359577e-05
4.2359577e-05
1524.945
4.2359577e-05
4.2359577e-05
42.359623
4.2359577e-05
4.2359577e-05
4.2359577e-05
42.359623
4.2359577e-05
4.2359577e-05
4.2359577e-05
0.00016943831
4.2359577e-05
4.2359577e-05
4.2359577e-05
4.2359577e-05
4.2359577e-05
4.2359577e-05
4.2359577e-05
4.2359577e-05
4.2359577e-05
4.2359577e-05
4.2359577e-05
4.2359577e-05
42.359623
4.2359577e-05
4.2359577e-05
4.2359577e-05
4.2359577e-05
4.2359577e-05
4.2359577e-05
1524946600.0
8.4719155e-05
4.2359577e-05
4.2359577e-05
4.2359577e-05
4.2359577e-05
4.2359577e-05
4.2359577e-05
4.2359577e-05
4.2359577e-05
4.2359577e-05
4.2359577e-05
4.2359577e-05
4.2359577e-05
0.00016943831
0.00016943831
0.00016943831
0.00016943831
0.00016943831
0.00016943831
0.00016943831
0.00016943831
0.00016943831
0.00016943831
0.00016943831
0.00016943831
0.00016943831
0.00016943831
0.00016943831
1524.945
0.00016943831
0.00016943831
0.00016943831
0.00016943831
0.00016943831
0.00016943831
0.00016943831
0.00016943831
39.572697
0.00016943831
0.00016943831
0.00016943831
0.00016943831
169.43849
0.00016943831
0.00016943831
0.00016943831
0.00016943831
0.00016943831
0.00016943831
0.00016943831
0.00016943831
169.43849
0.00016943831
0.00016943831
0.00016943831
0.00016943831
0.00016943831
1524.945
0.00016943831
0.00016943831
0.00016943831
0.00016943831
0.00016943831
0.00016943831
0.00016943831
0.00016943831
0.00016943831
0.00016943831
0.00016943831
0.00016943831
0.00016943831
0.00016943831
0.00016943831
0.00016943831
0.00016943831
0.00016943831
0.00016943831
0.00016943831
0.00016943831
1524.945
0.00016943831
0.00016943831
0.00016943831
0.00016943831
0.00016943831
0.00016943831
9018.274
0.00016943831
0.00016943831
0.00016943831
0.00016943831
0.00016943831
0.00016943831
0.00016943831
0.00016943831
0.00016943831
0.00016943831
0.00016943831
0.00016943831
169.43849
0.00016943831
0.00016943831
0.00016943831
0.00016943831
0.00016943831
0.00016943831
0.00016943831
0.00016943831
0.00016943831
0.00016943831
0.00016943831
0.00016943831
0.00016943831
0.00016943831
0.00016943831
0.00016943831
0.00016943831
1524.945
0.00016943831
0.00016943831
1524.945
0.00016943831
169.43849
1524.945
0.00016943831
0.00016943831
1524946600.0
0.00016943831
0.00016943831
0.00016943831
0.00016943831
0.00016943831
1524.945
1524.945
0.00016943831
0.00016943831
0.00016943831
1524.945
0.00016943831
0.00016943831
0.00016943831
0.00016943831
0.00016943831
0.00016943831
0.00016943831
0.00016943831
0.00016943831
0.00016943831
0.00016943831
1524.945
0.00016943831
169.43849
0.00016943831
0.00016943831
0.00016943831
0.00016943831
0.00016943831
0.00016943831
0.00016943831
0.00016943831
0.00016943831
0.00016943831
0.00016943831
0.00016943831
0.00016943831
0.00016943831
0.00016943831
0.00016943831
0.00016943831
0.00016943831
0.00016943831
0.00016943831
0.00016943831
0.00016943831
0.00016943831
0.00016943831
0.00016943831
0.00016943831
0.00016943831
0.00016943831
0.00016943831
0.00016943831
0.00016943831
0.00016943831
0.00016943831
0.00016943831
0.00016943831
0.00016943831
0.00016943831
306.9699
0.00016943831
0.00016943831
0.00016943831
0.00016943831
0.00016943831
0.00016943831
0.00016943831
0.00016943831
0.00016943831
0.00016943831
0.00016943831
0.00016943831
677.7534
0.00016943831
0.00016943831
0.00016943831
0.00016943831
0.00016943831
0.00016943831
0.00016943831
1.0581394
0.90938556
0.84275883
0.8623562
1.3159068
0.7974862
0.63200086
0.95786583
1.1826794
0.8962096
1.0073515
1.3609338
0.8663411
1.8208792
0.80172336
1.2221943
0.73556334
0.44539654
0.8035735
0.9980725
0.84250706
1.1366813
0.5062127
0.5470968
0.91066647
9.74405e-10
0.13744499
0.7550453
0.23096614
20.805183
20.393763
33.937496
1.05898955e-07
0.18826501
1.2811975
4.693582e-07
1.176655e-06
1.4003167e-06
2.0918312e-06
2.0918312e-06
133.8772
2.6147889e-06
2.6474738e-06
2.6474738e-06
2.6474738e-06
4.70662e-06
2.6474767
2.6474738e-06
3.457925e-06
4.70662e-06
4.70662e-06
4.706625
6.777533e-06
1.0589895e-05
6.777533e-06
6.777533e-06
6.777533e-06
4.2359577e-05
1.0589895e-05
10.589907
1.0589895e-05
1.882648e-05
1.882648e-05
1.882648e-05
1.882648e-05
2.8239718e-05
4.2359577e-05
1.882648e-05
5.6479435e-05
1.882648e-05
1.882648e-05
1.882648e-05
1.882648e-05
4.2359577e-05
4.2359577e-05
4.2359577e-05
4.2359577e-05
169.43837
1524.945
39.278923
4.2359577e-05
1524.945
4.2359577e-05
4.2359577e-05
4.2359577e-05
0.00016943831
1524.945
4.2359577e-05
4.2359577e-05
4.2359577e-05
4.2359577e-05
0.00016943831
0.00016943831
0.00033887662
0.00016943831
0.00016943831
0.00016943831
0.00016943831
0.00016943831
0.00016943831
0.00016943831
0.00016943831
0.00016943831
0.00016943831
0.00016943831
0.00016943831
0.00016943831
0.00016943831
0.00016943831
169.43849
0.00016943831
0.00016943831
0.00016943831
0.00016943831
0.00016943831
0.00016943831
0.00016943831
0.00016943831
0.00033887662
0.00016943831
0.00016943831
0.00016943831
0.00033887662
0.00016943831
0.00016943831
0.00016943831
0.00016943831
0.00016943831
1524.945
0.00016943831
0.00016943831
0.00016943831
0.00016943831
0.00016943831
0.00016943831
0.00016943831
0.00016943831
0.00016943831
0.00016943831
0.00016943831
0.00033887662
0.00016943831
0.00016943831
